model,eta_B,vmax_phys_kms,vstar_over_vmax,vstar_kms,sigma_m_100_target,sigma_m_100_kms,min_cooling_time_gyr_initial_state,local_dynamical_time_gyr_initial_state,cooling_to_dynamical_time_initial_state,cosmic_age_at_lens_gyr,cooling_to_cosmic_age_initial_state,cooling_min_shell_index_initial_state,m_chi_GeV,m_mediator_keV,born_controlled
M1_dark_photon_massive,0.1,5.343777930616317,0.1,0.5343777930616317,0.1,0.0999999999999998,1.7388610147630397e+26,5.983746100421977e-05,2.9059739259999925e+30,6.37,2.729766114227692e+25,0,0.000163020682704,1.294905616081733e-10,True
M1_dark_photon_massive,0.1,5.343777930616317,0.1,0.5343777930616317,0.11220184543019636,0.1122018454301961,1.549761510691756e+26,5.983746100421977e-05,2.589951987739697e+30,6.37,2.4329066101911395e+25,0,0.000156883056116,1.2461532307626587e-10,True
M1_dark_photon_massive,0.1,5.343777930616317,0.1,0.5343777930616317,0.12589254117941673,0.1258925411794165,1.3812264002875984e+26,5.983746100421977e-05,2.308297138794364e+30,6.37,2.168330298724644e+25,0,0.0001509765073245,1.1992363422124463e-10,True
M1_dark_photon_massive,0.1,5.343777930616317,0.1,0.5343777930616317,0.14125375446227545,0.1412537544622751,1.2310193250314182e+26,5.983746100421977e-05,2.0572719904419173e+30,6.37,1.9325264129221636e+25,0,0.0001452923363951,1.1540858451274999e-10,True
M1_dark_photon_massive,0.1,5.343777930616317,0.1,0.5343777930616317,0.15848931924611134,0.1584893192461109,1.0971471282950218e+26,5.983746100421977e-05,1.833545591477637e+30,6.37,1.7223659784851206e+25,0,0.0001398221709407,1.1106352359756174e-10,True
M1_dark_photon_massive,0.1,5.343777930616317,0.1,0.5343777930616317,0.1778279410038923,0.1778279410038919,9.77833407363683e+25,5.983746100421977e-05,1.634149228515437e+30,6.37,1.53506029413451e+25,0,0.0001345579537891,1.0688205150409243e-10,True
M1_dark_photon_massive,0.1,5.343777930616317,0.1,0.5343777930616317,0.19952623149688797,0.1995262314968874,8.714949416513994e+25,5.983746100421977e-05,1.45643703296492e+30,6.37,1.3681239272392456e+25,0,0.0001294919311158,1.0285800921567609e-10,True
M1_dark_photon_massive,0.1,5.343777930616317,0.1,0.5343777930616317,0.22387211385683395,0.2238721138568334,7.767206843256235e+25,5.983746100421977e-05,1.2980508719627135e+30,6.37,1.2193417336352016e+25,0,0.0001246166410228,9.898546959876628e-11,True
M1_dark_photon_massive,0.1,5.343777930616317,0.1,0.5343777930616317,0.251188643150958,0.2511886431509574,6.9225303857309685e+25,5.983746100421977e-05,1.1568890573820953e+30,6.37,1.0867394640080014e+25,0,0.0001199249025479,9.525872867268167e-11,True
M1_dark_photon_massive,0.1,5.343777930616317,0.1,0.5343777930616317,0.28183829312644537,0.2818382931264447,6.169711700542085e+25,5.983746100421977e-05,1.0310784577084569e+30,6.37,9.68557566804095e+24,0,0.0001154098050877,9.167229720804078e-11,True
M1_dark_photon_massive,0.1,5.343777930616317,0.1,0.5343777930616317,0.31622776601683794,0.3162277660168371,5.49876134112288e+25,5.983746100421977e-05,9.189496427221576e+29,6.37,8.632278400506875e+24,0,0.0001110646982186,8.82208926415098e-11,True
M1_dark_photon_massive,0.1,5.343777930616317,0.1,0.5343777930616317,0.35481338923357547,0.3548133892335746,4.900776203849339e+25,5.983746100421977e-05,8.190147311737932e+29,6.37,7.693526222683421e+24,0,0.0001068831819014,8.489943129495546e-11,True
M1_dark_photon_massive,0.1,5.343777930616317,0.1,0.5343777930616317,0.3981071705534972,0.3981071705534963,4.36782138926426e+25,5.983746100421977e-05,7.299476475040005e+29,6.37,6.856862463523171e+24,0,0.0001028590970542,8.170302088754188e-11,True
M1_dark_photon_massive,0.1,5.343777930616317,0.1,0.5343777930616317,0.44668359215096315,0.446683592150962,3.892824910782411e+25,5.983746100421977e-05,6.505665256264611e+29,6.37,6.111185103269091e+24,0,9.898651648091562e-05,7.862695332974204e-11,True
M1_dark_photon_massive,0.1,5.343777930616317,0.1,0.5343777930616317,0.5011872336272722,0.5011872336272709,3.469483853725238e+25,5.983746100421977e-05,5.798180262829948e+29,6.37,5.446599456397548e+24,0,9.525973614037388e-05,7.566669778865052e-11,True
M1_dark_photon_massive,0.1,5.343777930616317,0.1,0.5343777930616317,0.5623413251903491,0.5623413251903479,3.0921807394725016e+25,5.983746100421977e-05,5.16763359871576e+29,6.37,4.854286875153063e+24,0,9.167326674520542e-05,7.281789401438269e-11,True
M1_dark_photon_massive,0.1,5.343777930616317,0.1,0.5343777930616317,0.6309573444801932,0.6309573444801919,2.7559089849339656e+25,5.983746100421977e-05,4.605658292786883e+29,6.37,4.326387731450496e+24,0,8.82218256762075e-05,7.007634591773082e-11,True
M1_dark_photon_massive,0.1,5.343777930616317,0.1,0.5343777930616317,0.7079457843841379,0.707945784384136,2.456206468233615e+25,5.983746100421977e-05,4.1047972741697744e+29,6.37,3.855897124385581e+24,0,8.490032920148128e-05,6.743801538961741e-11,True
M1_dark_photon_massive,0.1,5.343777930616317,0.1,0.5343777930616317,0.7943282347242815,0.7943282347242794,2.189096319063384e+25,5.983746100421977e-05,3.6584044214526535e+29,6.37,3.4365719294558615e+24,0,8.170388498844944e-05,6.489901635324225e-11,True
M1_dark_photon_massive,0.1,5.343777930616317,0.1,0.5343777930616317,0.8912509381337456,0.8912509381337439,1.951034148030369e+25,5.983746100421977e-05,3.2605563726923195e+29,6.37,3.062847956091632e+24,0,7.86277848977917e-05,6.245560904016248e-11,True
M1_dark_photon_massive,0.1,5.343777930616317,0.1,0.5343777930616317,1.0,0.9999999999999972,1.73886101476304e+25,5.983746100421977e-05,2.9059739259999927e+29,6.37,2.7297661142276925e+24,0,7.566749804868402e-05,6.010419448187449e-11,True
M1_dark_photon_massive,0.1,5.343777930616317,0.1,0.5343777930616317,1.1220184543019633,1.1220184543019611,1.549761510691756e+25,5.983746100421977e-05,2.589951987739697e+29,6.37,2.43290661019114e+24,0,7.28186641451272e-05,5.784130920878445e-11,True
M1_dark_photon_massive,0.1,5.343777930616317,0.1,0.5343777930616317,1.2589254117941673,1.258925411794165,1.381226400287598e+25,5.983746100421977e-05,2.3082971387943635e+29,6.37,2.168330298724644e+24,0,7.00770870535352e-05,5.566362014875924e-11,True
M1_dark_photon_massive,0.1,5.343777930616317,0.1,0.5343777930616317,1.4125375446227544,1.412537544622752,1.2310193250314178e+25,5.983746100421977e-05,2.0572719904419168e+29,6.37,1.9325264129221628e+24,0,6.743872862212298e-05,5.356791971774371e-11,True
M1_dark_photon_massive,0.1,5.343777930616317,0.1,0.5343777930616317,1.5848931924611136,1.58489319246111,1.0971471282950211e+25,5.983746100421977e-05,1.8335455914776363e+29,6.37,1.72236597848512e+24,0,6.489970273299075e-05,5.155112109521318e-11,True
M1_dark_photon_massive,0.1,5.343777930616317,0.1,0.5343777930616317,1.7782794100389228,1.7782794100389183,9.778334073636832e+24,5.983746100421977e-05,1.6341492285154374e+29,6.37,1.5350602941345104e+24,0,6.24562695781434e-05,4.9610253677502127e-11,True
M1_dark_photon_massive,0.1,5.343777930616317,0.1,0.5343777930616317,1.9952623149688795,1.9952623149688749,8.714949416513994e+24,5.983746100421977e-05,1.45643703296492e+29,6.37,1.3681239272392455e+24,0,6.010483015101419e-05,4.7742458702312256e-11,True
M1_dark_photon_massive,0.1,5.343777930616317,0.1,0.5343777930616317,2.2387211385683394,2.238721138568335,7.767206843256235e+24,5.983746100421977e-05,1.2980508719627135e+29,6.37,1.2193417336352016e+24,0,5.7841920945379226e-05,4.594498503795508e-11,True
M1_dark_photon_massive,0.1,5.343777930616317,0.1,0.5343777930616317,2.51188643150958,2.5118864315095752,6.922530385730966e+24,5.983746100421977e-05,1.1568890573820947e+29,6.37,1.086739464008001e+24,0,5.566420885385442e-05,4.421518513112688e-11,True
M1_dark_photon_massive,0.1,5.343777930616317,0.1,0.5343777930616317,2.8183829312644537,2.818382931264448,6.169711700542082e+24,5.983746100421977e-05,1.0310784577084564e+29,6.37,9.685575668040944e+23,0,5.356848625846082e-05,4.2550511107247393e-11,True
M1_dark_photon_massive,0.1,5.343777930616317,0.1,0.5343777930616317,3.1622776601683795,3.1622776601683715,5.49876134112288e+24,5.983746100421977e-05,9.189496427221576e+28,6.37,8.632278400506876e+23,0,5.155166630602718e-05,4.094851101761837e-11,True
M1_dark_photon_massive,0.1,5.343777930616317,0.1,0.5343777930616317,3.548133892335755,3.548133892335746,4.900776203849338e+24,5.983746100421977e-05,8.190147311737932e+28,6.37,7.69352622268342e+23,0,4.961077836147049e-05,3.940682522787406e-11,True
M1_dark_photon_massive,0.1,5.343777930616317,0.1,0.5343777930616317,3.9810717055349722,3.981071705534962,4.367821389264259e+24,5.983746100421977e-05,7.299476475040005e+28,6.37,6.85686246352317e+23,0,4.774296363225787e-05,3.7923182942404595e-11,True
M1_dark_photon_massive,0.1,5.343777930616317,0.1,0.5343777930616317,4.466835921509632,4.466835921509624,3.89282491078241e+24,5.983746100421977e-05,6.505665256264609e+28,6.37,6.11118510326909e+23,0,4.594547095760452e-05,3.649539885963238e-11,True
M1_dark_photon_massive,0.1,5.343777930616317,0.1,0.5343777930616317,5.011872336272722,5.011872336272709,3.469483853725237e+24,5.983746100421977e-05,5.798180262829947e+28,6.37,5.4465994563975465e+23,0,4.42156527562059e-05,3.512136995321531e-11,True
M1_dark_photon_massive,0.1,5.343777930616317,0.1,0.5343777930616317,5.623413251903491,5.623413251903477,3.092180739472501e+24,5.983746100421977e-05,5.167633598715759e+28,6.37,4.854286875153063e+23,0,4.255096112653513e-05,3.3799072374435767e-11,True
M1_dark_photon_massive,0.1,5.343777930616317,0.1,0.5343777930616317,6.309573444801933,6.309573444801913,2.755908984933965e+24,5.983746100421977e-05,4.605658292786883e+28,6.37,4.326387731450495e+23,0,4.09489440939618e-05,3.2526558471212587e-11,True
M1_dark_photon_massive,0.1,5.343777930616317,0.1,0.5343777930616317,7.079457843841379,7.079457843841358,2.456206468233615e+24,5.983746100421977e-05,4.104797274169775e+28,6.37,3.855897124385581e+23,0,3.9407241999164445e-05,3.130195391934549e-11,True
M1_dark_photon_massive,0.1,5.343777930616317,0.1,0.5343777930616317,7.943282347242816,7.943282347242794,2.1890963190633829e+24,5.983746100421977e-05,3.6584044214526527e+28,6.37,3.43657192945586e+23,0,3.792358402251696e-05,3.012345496176623e-11,True
M1_dark_photon_massive,0.1,5.343777930616317,0.1,0.5343777930616317,8.912509381337454,8.912509381337433,1.9510341480303689e+24,5.983746100421977e-05,3.2605563726923184e+28,6.37,3.062847956091631e+23,0,3.649578483932975e-05,2.8989325751730347e-11,True
M1_dark_photon_massive,0.1,5.343777930616317,0.1,0.5343777930616317,10.0,9.999999999999975,1.73886101476304e+24,5.983746100421977e-05,2.9059739259999927e+28,6.37,2.729766114227692e+23,0,3.512174140101885e-05,2.7897895796035943e-11,True
M1_dark_photon_massive,0.1,5.343777930616317,0.1154781984689458,0.6170898484456836,0.1,0.0999999999999998,1.2991546296301317e+26,5.983746100421977e-05,2.1711392960649088e+30,6.37,2.0394892144900023e+25,0,0.0001965201936484,2.0816254564274428e-10,True
M1_dark_photon_massive,0.1,5.343777930616317,0.1154781984689458,0.6170898484456836,0.11220184543019636,0.1122018454301962,1.1578727824386531e+26,5.983746100421977e-05,1.9350299344368896e+30,6.37,1.81769667572787e+25,0,0.0001891213314574,2.003253561919156e-10,True
M1_dark_photon_massive,0.1,5.343777930616317,0.1154781984689458,0.6170898484456836,0.12589254117941673,0.1258925411794165,1.03195520358798e+26,5.983746100421977e-05,1.7245972443837582e+30,6.37,1.620023867485055e+25,0,0.0001820010317933,1.9278323201471023e-10,True
M1_dark_photon_massive,0.1,5.343777930616317,0.1154781984689458,0.6170898484456836,0.14125375446227545,0.1412537544622753,9.197310433097876e+25,5.983746100421977e-05,1.5370489119598967e+30,6.37,1.443847791695114e+25,0,0.0001751488069514,1.8552506408840444e-10,True
M1_dark_photon_massive,0.1,5.343777930616317,0.1154781984689458,0.6170898484456836,0.15848931924611134,0.1584893192461111,8.197111551805769e+25,5.983746100421977e-05,1.369896284741711e+30,6.37,1.2868306988706074e+25,0,0.0001685545640825,1.785401616380216e-10,True
M1_dark_photon_massive,0.1,5.343777930616317,0.1154781984689458,0.6170898484456836,0.1778279410038923,0.1778279410038921,7.305683360533853e+25,5.983746100421977e-05,1.2209213489219824e+30,6.37,1.146889067587732e+25,0,0.0001622085903271,1.71818236389566e-10,True
M1_dark_photon_massive,0.1,5.343777930616317,0.1154781984689458,0.6170898484456836,0.19952623149688797,0.1995262314968876,6.511197148783892e+25,5.983746100421977e-05,1.0881472976142348e+30,6.37,1.022165957422903e+25,0,0.0001561015385084,1.6534938741611374e-10,True
M1_dark_photon_massive,0.1,5.343777930616317,0.1154781984689458,0.6170898484456836,0.22387211385683395,0.2238721138568336,5.803110567227411e+25,5.983746100421977e-05,9.698122998263868e+29,6.37,9.110063684815402e+24,0,0.0001502244133653,1.5912408655443723e-10,True
M1_dark_photon_massive,0.1,5.343777930616317,0.1154781984689458,0.6170898484456836,0.251188643150958,0.2511886431509575,5.172027737135283e+25,5.983746100421977e-05,8.643461220339126e+29,6.37,8.119352805549895e+24,0,0.0001445685583023,1.531331643706864e-10,True
M1_dark_photon_massive,0.1,5.343777930616317,0.1154781984689458,0.6170898484456836,0.28183829312644537,0.2818382931264449,4.609574572775575e+25,5.983746100421977e-05,7.703492921349895e+29,6.37,7.236380804985204e+24,0,0.0001391256426397,1.4736779665445152e-10,True
M1_dark_photon_massive,0.1,5.343777930616317,0.1154781984689458,0.6170898484456836,0.31622776601683794,0.3162277660168375,4.10828766238369e+25,5.983746100421977e-05,6.865745293059762e+29,6.37,6.449431181136091e+24,0,0.0001338876493424,1.4181949142131755e-10,True
M1_dark_photon_massive,0.1,5.343777930616317,0.1154781984689458,0.6170898484456836,0.35481338923357547,0.3548133892335748,3.661515233222756e+25,5.983746100421977e-05,6.1191019334268606e+29,6.37,5.748061590616571e+24,0,0.0001288468632116,1.3648007640476328e-10,True
M1_dark_photon_massive,0.1,5.343777930616317,0.1154781984689458,0.6170898484456836,0.3981071705534972,0.3981071705534968,3.263328886600781e+25,5.983746100421977e-05,5.453655338702705e+29,6.37,5.122965285087568e+24,0,0.0001239958595211,1.3134168701898295e-10,True
M1_dark_photon_massive,0.1,5.343777930616317,0.1154781984689458,0.6170898484456836,0.44668359215096315,0.4466835921509624,2.9084449316218978e+25,5.983746100421977e-05,4.860575436876896e+29,6.37,4.565847616360907e+24,0,0.0001193274930809,1.2639675477489993e-10,True
M1_dark_photon_massive,0.1,5.343777930616317,0.1154781984689458,0.6170898484456836,0.5011872336272722,0.5011872336272717,2.592154273818353e+25,5.983746100421977e-05,4.331992417986373e+29,6.37,4.069315971457384e+24,0,0.0001148348877129,1.2163799613231055e-10,True
M1_dark_photon_massive,0.1,5.343777930616317,0.1154781984689458,0.6170898484456836,0.5623413251903491,0.5623413251903485,2.3102599283280058e+25,5.983746100421977e-05,3.860892306518629e+29,6.37,3.626781677124028e+24,0,0.0001105114261229,1.1705840177173734e-10,True
M1_dark_photon_massive,0.1,5.343777930616317,0.1154781984689458,0.6170898484456836,0.6309573444801932,0.6309573444801921,2.0590213284551346e+25,5.983746100421977e-05,3.4410238902180874e+29,6.37,3.2323725721430684e+24,0,0.0001063507401535,1.1265122627019054e-10,True
M1_dark_photon_massive,0.1,5.343777930616317,0.1154781984689458,0.6170898484456836,0.7079457843841379,0.7079457843841368,1.8351046906230293e+25,5.983746100421977e-05,3.066815770297501e+29,6.37,2.8808550873202973e+24,0,0.0001023467014046,1.084099781656307e-10,True
M1_dark_photon_massive,0.1,5.343777930616317,0.1154781984689458,0.6170898484456836,0.7943282347242815,0.7943282347242805,1.6355387770914122e+25,5.983746100421977e-05,2.733302432361014e+29,6.37,2.567564799201589e+24,0,9.84934122065659e-05,1.0432841039549779e-10,True
M1_dark_photon_massive,0.1,5.343777930616317,0.1154781984689458,0.6170898484456836,0.8912509381337456,0.8912509381337445,1.45767546943684e+25,5.983746100421977e-05,2.4360583570450014e+29,6.37,2.288344536007598e+24,0,9.478519693307385e-05,1.0040051109522415e-10,True
M1_dark_photon_massive,0.1,5.343777930616317,0.1154781984689458,0.6170898484456836,1.0,0.9999999999999984,1.2991546296301316e+25,5.983746100421977e-05,2.171139296064909e+29,6.37,2.0394892144900025e+24,0,9.12165936418098e-05,9.662049474317724e-11,True
M1_dark_photon_massive,0.1,5.343777930616317,0.1154781984689458,0.6170898484456836,1.1220184543019633,1.1220184543019611,1.1578727824386533e+25,5.983746100421977e-05,1.93502993443689e+29,6.37,1.81769667572787e+24,0,8.778234602909556e-05,9.298279363898984e-11,True
M1_dark_photon_massive,0.1,5.343777930616317,0.1154781984689458,0.6170898484456836,1.2589254117941673,1.2589254117941655,1.03195520358798e+25,5.983746100421977e-05,1.724597244383758e+29,6.37,1.6200238674850548e+24,0,8.447739568779388e-05,8.948204970272607e-11,True
M1_dark_photon_massive,0.1,5.343777930616317,0.1154781984689458,0.6170898484456836,1.4125375446227544,1.4125375446227528,9.197310433097872e+24,5.983746100421977e-05,1.5370489119598963e+29,6.37,1.4438477916951135e+24,0,8.129687465662762e-05,8.611310658280332e-11,True
M1_dark_photon_massive,0.1,5.343777930616317,0.1154781984689458,0.6170898484456836,1.5848931924611136,1.584893192461111,8.197111551805766e+24,5.983746100421977e-05,1.3698962847417106e+29,6.37,1.2868306988706067e+24,0,7.823609825001248e-05,8.287100206104614e-11,True
M1_dark_photon_massive,0.1,5.343777930616317,0.1154781984689458,0.6170898484456836,1.7782794100389228,1.7782794100389192,7.305683360533854e+24,5.983746100421977e-05,1.2209213489219826e+29,6.37,1.146889067587732e+24,0,7.529055815784193e-05,7.975096074368506e-11,True
M1_dark_photon_massive,0.1,5.343777930616317,0.1154781984689458,0.6170898484456836,1.9952623149688795,1.995262314968876,6.511197148783892e+24,5.983746100421977e-05,1.0881472976142349e+29,6.37,1.0221659574229027e+24,0,7.245591580506089e-05,7.674838702753467e-11,True
M1_dark_photon_massive,0.1,5.343777930616317,0.1154781984689458,0.6170898484456836,2.2387211385683394,2.2387211385683363,5.803110567227412e+24,5.983746100421977e-05,9.698122998263867e+28,6.37,9.110063684815402e+23,0,6.972799596124752e-05,7.385885833099095e-11,True
M1_dark_photon_massive,0.1,5.343777930616317,0.1154781984689458,0.6170898484456836,2.51188643150958,2.5118864315095784,5.172027737135282e+24,5.983746100421977e-05,8.643461220339124e+28,6.37,8.119352805549893e+23,0,6.710278059078993e-05,7.10781185798768e-11,True
M1_dark_photon_massive,0.1,5.343777930616317,0.1154781984689458,0.6170898484456836,2.8183829312644537,2.818382931264451,4.609574572775573e+24,5.983746100421977e-05,7.703492921349892e+28,6.37,7.2363808049852e+23,0,6.45764029346002e-05,6.840207193854207e-11,True
M1_dark_photon_massive,0.1,5.343777930616317,0.1154781984689458,0.6170898484456836,3.1622776601683795,3.162277660168375,4.1082876623836895e+24,5.983746100421977e-05,6.8657452930597615e+28,6.37,6.44943118113609e+23,0,6.214514181464787e-05,6.582677677698309e-11,True
M1_dark_photon_massive,0.1,5.343777930616317,0.1154781984689458,0.6170898484456836,3.548133892335755,3.548133892335749,3.661515233222756e+24,5.983746100421977e-05,6.11910193342686e+28,6.37,5.748061590616571e+23,0,5.980541615292443e-05,6.334843986509683e-11,True
M1_dark_photon_massive,0.1,5.343777930616317,0.1154781984689458,0.6170898484456836,3.9810717055349722,3.981071705534967,3.263328886600781e+24,5.983746100421977e-05,5.453655338702705e+28,6.37,5.122965285087568e+23,0,5.755377969676518e-05,6.096341078551756e-11,True
M1_dark_photon_massive,0.1,5.343777930616317,0.1154781984689458,0.6170898484456836,4.466835921509632,4.466835921509623,2.908444931621897e+24,5.983746100421977e-05,4.860575436876895e+28,6.37,4.565847616360906e+23,0,5.538691594275957e-05,5.866817655680683e-11,True
M1_dark_photon_massive,0.1,5.343777930616317,0.1154781984689458,0.6170898484456836,5.011872336272722,5.0118723362727176,2.592154273818353e+24,5.983746100421977e-05,4.331992417986372e+28,6.37,4.069315971457383e+23,0,5.330163325177295e-05,5.64593564590767e-11,True
M1_dark_photon_massive,0.1,5.343777930616317,0.1154781984689458,0.6170898484456836,5.623413251903491,5.6234132519034805,2.3102599283280056e+24,5.983746100421977e-05,3.860892306518628e+28,6.37,3.626781677124028e+23,0,5.12948601478849e-05,5.433369705442544e-11,True
M1_dark_photon_massive,0.1,5.343777930616317,0.1154781984689458,0.6170898484456836,6.309573444801933,6.309573444801919,2.0590213284551343e+24,5.983746100421977e-05,3.4410238902180874e+28,6.37,3.232372572143068e+23,0,4.936364079431938e-05,5.228806739485031e-11,True
M1_dark_photon_massive,0.1,5.343777930616317,0.1154781984689458,0.6170898484456836,7.079457843841379,7.079457843841369,1.8351046906230292e+24,5.983746100421977e-05,3.066815770297501e+28,6.37,2.8808550873202973e+23,0,4.7505130639703496e-05,5.0319454410579655e-11,True
M1_dark_photon_massive,0.1,5.343777930616317,0.1154781984689458,0.6170898484456836,7.943282347242816,7.943282347242802,1.6355387770914117e+24,5.983746100421977e-05,2.733302432361013e+28,6.37,2.567564799201588e+23,0,4.571659222824169e-05,4.84249584720314e-11,True
M1_dark_photon_massive,0.1,5.343777930616317,0.1154781984689458,0.6170898484456836,8.912509381337454,8.91250938133745,1.4576754694368394e+24,5.983746100421977e-05,2.436058357045001e+28,6.37,2.288344536007597e+23,0,4.399539116763437e-05,4.660178911886083e-11,True
M1_dark_photon_massive,0.1,5.343777930616317,0.1154781984689458,0.6170898484456836,10.0,9.999999999999988,1.2991546296301315e+24,5.983746100421977e-05,2.171139296064909e+28,6.37,2.0394892144900025e+23,0,4.233899224880188e-05,4.484726094980736e-11,True
M1_dark_photon_massive,0.1,5.343777930616317,0.1333521432163324,0.7126042399198235,0.1,0.0999999999999999,9.734820711929166e+25,5.983746100421977e-05,1.6268773020370403e+30,6.37,1.528229311134877e+25,0,0.0002368856051541,3.346062722250585e-10,True
M1_dark_photon_massive,0.1,5.343777930616317,0.1333521432163324,0.7126042399198235,0.11220184543019636,0.1122018454301962,8.676168092070687e+25,5.983746100421977e-05,1.449955921669009e+30,6.37,1.3620358072324469e+25,0,0.0002279670105048,3.2200855567251426e-10,True
M1_dark_photon_massive,0.1,5.343777930616317,0.1333521432163324,0.7126042399198235,0.12589254117941673,0.1258925411794164,7.732642951464068e+25,5.983746100421977e-05,1.292274575440084e+30,6.37,1.2139156909676715e+25,0,0.0002193841953574,3.09885135256988e-10,True
M1_dark_photon_massive,0.1,5.343777930616317,0.1333521432163324,0.7126042399198235,0.14125375446227545,0.1412537544622752,6.8917252847456456e+25,5.983746100421977e-05,1.1517409276873624e+30,6.37,1.0819034983902113e+25,0,0.000211124517824,2.9821815402601875e-10,True
M1_dark_photon_massive,0.1,5.343777930616317,0.1333521432163324,0.7126042399198235,0.15848931924611134,0.1584893192461111,6.142256625389612e+25,5.983746100421977e-05,1.0264901822883924e+30,6.37,9.642475079104572e+24,0,0.0002031758119759,2.8699042733022077e-10,True
M1_dark_photon_massive,0.1,5.343777930616317,0.1333521432163324,0.7126042399198235,0.1778279410038923,0.177827941003892,5.474291979636705e+25,5.983746100421977e-05,9.14860337949609e+29,6.37,8.59386496018321e+24,0,0.000195526369924,2.7618541751149307e-10,True
M1_dark_photon_massive,0.1,5.343777930616317,0.1333521432163324,0.7126042399198235,0.19952623149688797,0.1995262314968877,4.878967862469253e+25,5.983746100421977e-05,8.153701344589446e+29,6.37,7.65929020795801e+24,0,0.0001881649245737,2.65787209544203e-10,True
M1_dark_photon_massive,0.1,5.343777930616317,0.1333521432163324,0.7126042399198235,0.22387211385683395,0.2238721138568337,4.348384684550116e+25,5.983746100421977e-05,7.266993972627725e+29,6.37,6.826349583281187e+24,0,0.0001810806330296,2.557804875934638e-10,True
M1_dark_photon_massive,0.1,5.343777930616317,0.1333521432163324,0.7126042399198235,0.251188643150958,0.2511886431509575,3.875501929471703e+25,5.983746100421977e-05,6.476715195516735e+29,6.37,6.083990470128261e+24,0,0.0001742630606246,2.4615051245597846e-10,True
M1_dark_photon_massive,0.1,5.343777930616317,0.1333521432163324,0.7126042399198235,0.28183829312644537,0.2818382931264448,3.454044730380796e+25,5.983746100421977e-05,5.772378494029376e+29,6.37,5.422362214098581e+24,0,0.0001677021655501,2.368830998502214e-10,True
M1_dark_photon_massive,0.1,5.343777930616317,0.1333521432163324,0.7126042399198235,0.31622776601683794,0.3162277660168376,3.0784206063078044e+25,5.983746100421977e-05,5.144637748066738e+29,6.37,4.832685410216333e+24,0,0.0001613882840655,2.2796459952398152e-10,True
M1_dark_photon_massive,0.1,5.343777930616317,0.1333521432163324,0.7126042399198235,0.35481338923357547,0.3548133892335749,2.7436452533420843e+25,5.983746100421977e-05,4.58516321932276e+29,6.37,4.307135405560572e+24,0,0.0001553121162637,2.1938187514849303e-10,True
M1_dark_photon_massive,0.1,5.343777930616317,0.1333521432163324,0.7126042399198235,0.3981071705534972,0.3981071705534967,2.4452764059473302e+25,5.983746100421977e-05,4.086531020717754e+29,6.37,3.8387384708749296e+24,0,0.0001494647123736,2.111222849695395e-10,True
M1_dark_photon_massive,0.1,5.343777930616317,0.1333521432163324,0.7126042399198235,0.44668359215096315,0.4466835921509625,2.179354890796872e+25,5.983746100421977e-05,3.642124605927351e+29,6.37,3.421279263417381e+24,0,0.0001438374595772,2.0317366318703209e-10,True
M1_dark_photon_massive,0.1,5.343777930616317,0.1333521432163324,0.7126042399198235,0.5011872336272722,0.5011872336272717,1.942352090949078e+25,5.983746100421977e-05,3.24604697183275e+29,6.37,3.049218353138271e+24,0,0.0001384220693236,1.9552430203563463e-10,True
M1_dark_photon_massive,0.1,5.343777930616317,0.1333521432163324,0.7126042399198235,0.5623413251903491,0.562341325190348,1.7311231232444089e+25,5.983746100421977e-05,2.8930424088721425e+29,6.37,2.7176187178091187e+24,0,0.0001332105651209,1.8816293454004208e-10,True
M1_dark_photon_massive,0.1,5.343777930616317,0.1333521432163324,0.7126042399198235,0.6309573444801932,0.6309573444801921,1.5428651076165985e+25,5.983746100421977e-05,2.578426760968008e+29,6.37,2.422080231737204e+24,0,0.0001281952707869,1.81078717919512e-10,True
M1_dark_photon_massive,0.1,5.343777930616317,0.1333521432163324,0.7126042399198235,0.7079457843841379,0.7079457843841371,1.3750799745771158e+25,5.983746100421977e-05,2.298025269621892e+29,6.37,2.1586812787709823e+24,0,0.0001233687991431,1.7426121761720518e-10,True
M1_dark_photon_massive,0.1,5.343777930616317,0.1333521432163324,0.7126042399198235,0.7943282347242815,0.7943282347242803,1.2255413173507817e+25,5.983746100421977e-05,2.048117177405565e+29,6.37,1.923926714836392e+24,0,0.0001187240411333,1.6770039193081104e-10,True
M1_dark_photon_massive,0.1,5.343777930616317,0.1333521432163324,0.7126042399198235,0.8912509381337456,0.8912509381337448,1.0922648488105502e+25,5.983746100421977e-05,1.8253863557705484e+29,6.37,1.714701489498509e+24,0,0.0001142541553531,1.6138657722182095e-10,True
M1_dark_photon_massive,0.1,5.343777930616317,0.1333521432163324,0.7126042399198235,1.0,0.9999999999999982,9.734820711929168e+24,5.983746100421977e-05,1.6268773020370404e+29,6.37,1.5282293111348772e+24,0,0.0001099525579727,1.553104736816629e-10,True
M1_dark_photon_massive,0.1,5.343777930616317,0.1333521432163324,0.7126042399198235,1.1220184543019633,1.1220184543019622,8.676168092070687e+24,5.983746100421977e-05,1.449955921669009e+29,6.37,1.3620358072324469e+24,0,0.0001058129130391,1.4946313163373215e-10,True
M1_dark_photon_massive,0.1,5.343777930616317,0.1333521432163324,0.7126042399198235,1.2589254117941673,1.2589254117941648,7.732642951464067e+24,5.983746100421977e-05,1.2922745754400838e+29,6.37,1.2139156909676716e+24,0,0.0001018291231442,1.4383593835114208e-10,True
M1_dark_photon_massive,0.1,5.343777930616317,0.1333521432163324,0.7126042399198235,1.4125375446227544,1.4125375446227515,6.891725284745644e+24,5.983746100421977e-05,1.151740927687362e+29,6.37,1.081903498390211e+24,0,9.799532044339552e-05,1.3842060537077847e-10,True
M1_dark_photon_massive,0.1,5.343777930616317,0.1333521432163324,0.7126042399198235,1.5848931924611136,1.584893192461112,6.14225662538961e+24,5.983746100421977e-05,1.026490182288392e+29,6.37,9.642475079104568e+23,0,9.430585801278308e-05,1.3320915628497125e-10,True
M1_dark_photon_massive,0.1,5.343777930616317,0.1333521432163324,0.7126042399198235,1.7782794100389228,1.77827941003892,5.474291979636706e+24,5.983746100421977e-05,9.148603379496092e+28,6.37,8.593864960183213e+23,0,9.075530153161102e-05,1.28193914992803e-10,True
M1_dark_photon_massive,0.1,5.343777930616317,0.1333521432163324,0.7126042399198235,1.9952623149688795,1.9952623149688768,4.878967862469252e+24,5.983746100421977e-05,8.153701344589444e+28,6.37,7.65929020795801e+23,0,8.733842127789328e-05,1.233674943937473e-10,True
M1_dark_photon_massive,0.1,5.343777930616317,0.1333521432163324,0.7126042399198235,2.2387211385683394,2.2387211385683363,4.348384684550116e+24,5.983746100421977e-05,7.266993972627725e+28,6.37,6.826349583281187e+23,0,8.405018442540074e-05,1.1872278550698539e-10,True
M1_dark_photon_massive,0.1,5.343777930616317,0.1333521432163324,0.7126042399198235,2.51188643150958,2.511886431509577,3.875501929471701e+24,5.983746100421977e-05,6.4767151955167325e+28,6.37,6.08399047012826e+23,0,8.088574763065925e-05,1.1425294700037326e-10,True
M1_dark_photon_massive,0.1,5.343777930616317,0.1333521432163324,0.7126042399198235,2.8183829312644537,2.8183829312644515,3.4540447303807947e+24,5.983746100421977e-05,5.7723784940293725e+28,6.37,5.422362214098579e+23,0,7.784044989904265e-05,1.0995139511363683e-10,True
M1_dark_photon_massive,0.1,5.343777930616317,0.1333521432163324,0.7126042399198235,3.1622776601683795,3.1622776601683764,3.078420606307804e+24,5.983746100421977e-05,5.144637748066737e+28,6.37,4.832685410216333e+23,0,7.490980571945273e-05,1.0581179396095216e-10,True
M1_dark_photon_massive,0.1,5.343777930616317,0.1333521432163324,0.7126042399198235,3.548133892335755,3.548133892335751,2.743645253342084e+24,5.983746100421977e-05,4.58516321932276e+28,6.37,4.307135405560571e+23,0,7.208949845747445e-05,1.0182804619862779e-10,True
M1_dark_photon_massive,0.1,5.343777930616317,0.1333521432163324,0.7126042399198235,3.9810717055349722,3.9810717055349687,2.44527640594733e+24,5.983746100421977e-05,4.086531020717754e+28,6.37,3.8387384708749294e+23,0,6.937537399727458e-05,9.799428404414295e-11,True
M1_dark_photon_massive,0.1,5.343777930616317,0.1333521432163324,0.7126042399198235,4.466835921509632,4.466835921509627,2.1793548907968716e+24,5.983746100421977e-05,3.6421246059273503e+28,6.37,3.42127926341738e+23,0,6.676343462287885e-05,9.430486063331318e-11,True
M1_dark_photon_massive,0.1,5.343777930616317,0.1333521432163324,0.7126042399198235,5.011872336272722,5.011872336272717,1.942352090949078e+24,5.983746100421977e-05,3.2460469718327494e+28,6.37,3.04921835313827e+23,0,6.42498331298153e-05,9.075434170285339e-11,True
M1_dark_photon_massive,0.1,5.343777930616317,0.1333521432163324,0.7126042399198235,5.623413251903491,5.623413251903481,1.7311231232444087e+24,5.983746100421977e-05,2.8930424088721425e+28,6.37,2.7176187178091188e+23,0,6.183086715845043e-05,8.733749758608714e-11,True
M1_dark_photon_massive,0.1,5.343777930616317,0.1333521432163324,0.7126042399198235,6.309573444801933,6.309573444801924,1.542865107616599e+24,5.983746100421977e-05,2.578426760968008e+28,6.37,2.4220802317372035e+23,0,5.950297374067178e-05,8.404929551001254e-11,True
M1_dark_photon_massive,0.1,5.343777930616317,0.1333521432163324,0.7126042399198235,7.079457843841379,7.079457843841371,1.3750799745771158e+24,5.983746100421977e-05,2.2980252696218915e+28,6.37,2.1586812787709822e+23,0,5.72627240518845e-05,8.088489218237861e-11,True
M1_dark_photon_massive,0.1,5.343777930616317,0.1333521432163324,0.7126042399198235,7.943282347242816,7.943282347242802,1.2255413173507812e+24,5.983746100421977e-05,2.048117177405564e+28,6.37,1.9239267148363916e+23,0,5.510681836059194e-05,7.78396266578539e-11,True
M1_dark_photon_massive,0.1,5.343777930616317,0.1333521432163324,0.7126042399198235,8.912509381337454,8.912509381337447,1.09226484881055e+24,5.983746100421977e-05,1.825386355770548e+28,6.37,1.7147014894985085e+23,0,5.303208116812134e-05,7.490901347277907e-11,True
M1_dark_photon_massive,0.1,5.343777930616317,0.1333521432163324,0.7126042399198235,10.0,9.999999999999982,9.734820711929169e+23,5.983746100421977e-05,1.6268773020370404e+28,6.37,1.528229311134877e+23,0,5.1035456531335856e-05,7.208873603839179e-11,True
M1_dark_photon_massive,0.1,5.343777930616317,0.1539926526059492,0.8229025384727365,0.1,0.0999999999999998,7.322137403634296e+25,5.983746100421977e-05,1.223671138572864e+30,6.37,1.1494721198797954e+25,0,0.0002855197472139,5.37813323892898e-10,True
M1_dark_photon_massive,0.1,5.343777930616317,0.1539926526059492,0.8229025384727365,0.11220184543019636,0.1122018454301961,6.525861830133253e+25,5.983746100421977e-05,1.0905980502202534e+30,6.37,1.0244681052014529e+25,0,0.0002747701075803,5.175649891335683e-10,True
M1_dark_photon_massive,0.1,5.343777930616317,0.1539926526059492,0.8229025384727365,0.12589254117941673,0.1258925411794166,5.816180478237464e+25,5.983746100421977e-05,9.719965353856348e+29,6.37,9.130581598488954e+24,0,0.0002644251851454,4.980789914944095e-10,True
M1_dark_photon_massive,0.1,5.343777930616317,0.1539926526059492,0.8229025384727365,0.14125375446227545,0.1412537544622751,5.183676307584316e+25,5.983746100421977e-05,8.662928240251973e+29,6.37,8.137639415359994e+24,0,0.0002544697425601,4.793266294603732e-10,True
M1_dark_photon_massive,0.1,5.343777930616317,0.1539926526059492,0.8229025384727365,0.15848931924611134,0.158489319246111,4.619956372116193e+25,5.983746100421977e-05,7.720842921109889e+29,6.37,7.252678763133741e+24,0,0.000244889116152,4.6128028211047465e-10,True
M1_dark_photon_massive,0.1,5.343777930616317,0.1539926526059492,0.8229025384727365,0.1778279410038923,0.177827941003892,4.117540450785532e+25,5.983746100421977e-05,6.881208496622476e+29,6.37,6.463956751625638e+24,0,0.000235669194327,4.4391336843410237e-10,True
M1_dark_photon_massive,0.1,5.343777930616317,0.1539926526059492,0.8229025384727365,0.19952623149688797,0.1995262314968876,3.6697617895662506e+25,5.983746100421977e-05,6.132883528108682e+29,6.37,5.761007518942309e+24,0,0.0002267963967833,4.2720030817904384e-10,True
M1_dark_photon_massive,0.1,5.343777930616317,0.1539926526059492,0.8229025384727365,0.22387211385683395,0.2238721138568335,3.2706786376782934e+25,5.983746100421977e-05,5.465938197891858e+29,6.37,5.134503355852893e+24,0,0.0002182576545092,4.111164841735594e-10,True
M1_dark_photon_massive,0.1,5.343777930616317,0.1539926526059492,0.8229025384727365,0.251188643150958,0.2511886431509574,2.91499540416478e+25,5.983746100421977e-05,4.871522546652194e+29,6.37,4.576130932754757e+24,0,0.0002100403905331,3.956382060670048e-10,True
M1_dark_photon_massive,0.1,5.343777930616317,0.1539926526059492,0.8229025384727365,0.28183829312644537,0.2818382931264448,2.597992388617417e+25,5.983746100421977e-05,4.341749039843461e+29,6.37,4.0784809868405295e+24,0,0.0002021325013985,3.8074267543559806e-10,True
M1_dark_photon_massive,0.1,5.343777930616317,0.1539926526059492,0.8229025384727365,0.31622776601683794,0.3162277660168374,2.3154631536196035e+25,5.983746100421977e-05,3.8695879049017735e+29,6.37,3.634950005682266e+24,0,0.0001945223393362,3.66407952201932e-10,True
M1_dark_photon_massive,0.1,5.343777930616317,0.1539926526059492,0.8229025384727365,0.35481338923357547,0.3548133892335747,2.063658707877593e+25,5.983746100421977e-05,3.4487738504347e+29,6.37,3.239652602633583e+24,0,0.0001871986951086,3.526129223187701e-10,True
M1_dark_photon_massive,0.1,5.343777930616317,0.1539926526059492,0.8229025384727365,0.3981071705534972,0.3981071705534965,1.8392377593837768e+25,5.983746100421977e-05,3.073722929611056e+29,6.37,2.887343421324611e+24,0,0.0001801507814987,3.39337266669529e-10,True
M1_dark_photon_massive,0.1,5.343777930616317,0.1539926526059492,0.8229025384727365,0.44668359215096315,0.4466835921509623,1.6392223785017996e+25,5.983746100421977e-05,2.7394584445790585e+29,6.37,2.573347532969858e+24,0,0.0001733682174214,3.265614311396365e-10,True
M1_dark_photon_massive,0.1,5.343777930616317,0.1539926526059492,0.8229025384727365,0.5011872336272722,0.5011872336272715,1.4609584826495586e+25,5.983746100421977e-05,2.4415449087094973e+29,6.37,2.2934984029035457e+24,0,0.000166841012633,3.142665978146854e-10,True
M1_dark_photon_massive,0.1,5.343777930616317,0.1539926526059492,0.8229025384727365,0.5623413251903491,0.5623413251903482,1.3020806182358723e+25,5.983746100421977e-05,2.1760291903830096e+29,6.37,2.044082603196032e+24,0,0.0001605595530162,3.0243465726295865e-10,True
M1_dark_photon_massive,0.1,5.343777930616317,0.1539926526059492,0.8229025384727365,0.6309573444801932,0.6309573444801921,1.1604805725284889e+25,5.983746100421977e-05,1.939388057335272e+29,6.37,1.8217905377213323e+24,0,0.0001545145864194,2.910481818614996e-10,True
M1_dark_photon_massive,0.1,5.343777930616317,0.1539926526059492,0.8229025384727365,0.7079457843841379,0.7079457843841365,1.0342793989520016e+25,5.983746100421977e-05,1.7284814255054433e+29,6.37,1.6236725258273182e+24,0,0.0001486972090283,2.800904001264389e-10,True
M1_dark_photon_massive,0.1,5.343777930616317,0.1539926526059492,0.8229025384727365,0.7943282347242815,0.7943282347242799,9.21802484608378e+24,5.983746100421977e-05,1.5405106920284804e+29,6.37,1.4470996618655858e+24,0,0.000143098852252,2.6954517200976967e-10,True
M1_dark_photon_massive,0.1,5.343777930616317,0.1539926526059492,0.8229025384727365,0.8912509381337456,0.8912509381337441,8.215573291812344e+24,5.983746100421977e-05,1.3729815994754484e+29,6.37,1.289728931210729e+24,0,0.0001377112701016,2.5939696512618245e-10,True
M1_dark_photon_massive,0.1,5.343777930616317,0.1539926526059492,0.8229025384727365,1.0,0.999999999999998,7.322137403634296e+24,5.983746100421977e-05,1.223671138572864e+29,6.37,1.1494721198797952e+24,0,0.0001325265270444,2.4963083187494483e-10,True
M1_dark_photon_massive,0.1,5.343777930616317,0.1539926526059492,0.8229025384727365,1.1220184543019633,1.1220184543019611,6.525861830133253e+24,5.983746100421977e-05,1.0905980502202536e+29,6.37,1.0244681052014526e+24,0,0.0001275369863155,2.4023238742312906e-10,True
M1_dark_photon_massive,0.1,5.343777930616317,0.1539926526059492,0.8229025384727365,1.2589254117941673,1.2589254117941655,5.816180478237463e+24,5.983746100421977e-05,9.719965353856345e+28,6.37,9.130581598488952e+23,0,0.0001227352986696,2.3118778851775656e-10,True
M1_dark_photon_massive,0.1,5.343777930616317,0.1539926526059492,0.8229025384727365,1.4125375446227544,1.4125375446227522,5.183676307584315e+24,5.983746100421977e-05,8.66292824025197e+28,6.37,8.137639415359992e+23,0,0.0001181143915559,2.2248371309565184e-10,True
M1_dark_photon_massive,0.1,5.343777930616317,0.1539926526059492,0.8229025384727365,1.5848931924611136,1.5848931924611114,4.619956372116191e+24,5.983746100421977e-05,7.720842921109886e+28,6.37,7.252678763133737e+23,0,0.0001136674587004,2.1410734066097318e-10,True
M1_dark_photon_massive,0.1,5.343777930616317,0.1539926526059492,0.8229025384727365,1.7782794100389228,1.7782794100389197,4.117540450785533e+24,5.983746100421977e-05,6.881208496622477e+28,6.37,6.46395675162564e+23,0,0.0001093879500814,2.060463334015165e-10,True
M1_dark_photon_massive,0.1,5.343777930616317,0.1539926526059492,0.8229025384727365,1.9952623149688795,1.9952623149688755,3.66976178956625e+24,5.983746100421977e-05,6.132883528108683e+28,6.37,5.761007518942309e+23,0,0.0001052695622813,1.9828881801597877e-10,True
M1_dark_photon_massive,0.1,5.343777930616317,0.1539926526059492,0.8229025384727365,2.2387211385683394,2.2387211385683354,3.2706786376782934e+24,5.983746100421977e-05,5.465938197891859e+28,6.37,5.1345033558528935e+23,0,0.000101306229202,1.9082336822541377e-10,True
M1_dark_photon_massive,0.1,5.343777930616317,0.1539926526059492,0.8229025384727365,2.51188643150958,2.511886431509575,2.914995404164779e+24,5.983746100421977e-05,4.871522546652192e+28,6.37,4.5761309327547554e+23,0,9.749211313065268e-05,1.8363898794312007e-10,True
M1_dark_photon_massive,0.1,5.343777930616317,0.1539926526059492,0.8229025384727365,2.8183829312644537,2.8183829312644506,2.597992388617416e+24,5.983746100421977e-05,4.341749039843459e+28,6.37,4.078480986840528e+23,0,9.38215961401569e-05,1.7672509507817259e-10,True
M1_dark_photon_massive,0.1,5.343777930616317,0.1539926526059492,0.8229025384727365,3.1622776601683795,3.162277660168373,2.3154631536196036e+24,5.983746100421977e-05,3.869587904901773e+28,6.37,3.634950005682266e+23,0,9.02892718151485e-05,1.7007150594874119e-10,True
M1_dark_photon_massive,0.1,5.343777930616317,0.1539926526059492,0.8229025384727365,3.548133892335755,3.548133892335748,2.0636587078775924e+24,5.983746100421977e-05,3.4487738504347e+28,6.37,3.239652602633583e+23,0,8.688993728833545e-05,1.6366842028223734e-10,True
M1_dark_photon_massive,0.1,5.343777930616317,0.1539926526059492,0.8229025384727365,3.9810717055349722,3.981071705534965,1.839237759383777e+24,5.983746100421977e-05,3.073722929611056e+28,6.37,2.887343421324611e+23,0,8.361858557712025e-05,1.5750640678019674e-10,True
M1_dark_photon_massive,0.1,5.343777930616317,0.1539926526059492,0.8229025384727365,4.466835921509632,4.466835921509624,1.6392223785017991e+24,5.983746100421977e-05,2.7394584445790578e+28,6.37,2.5733475329698573e+23,0,8.047039820866384e-05,1.515763892266345e-10,True
M1_dark_photon_massive,0.1,5.343777930616317,0.1539926526059492,0.8229025384727365,5.011872336272722,5.011872336272715,1.4609584826495585e+24,5.983746100421977e-05,2.4415449087094965e+28,6.37,2.293498402903545e+23,0,7.744073812261128e-05,1.4586963311941218e-10,True
M1_dark_photon_massive,0.1,5.343777930616317,0.1539926526059492,0.8229025384727365,5.623413251903491,5.6234132519034805,1.3020806182358725e+24,5.983746100421977e-05,2.1760291903830094e+28,6.37,2.044082603196032e+23,0,7.452514284102531e-05,1.4037773280492573e-10,True
M1_dark_photon_massive,0.1,5.343777930616317,0.1539926526059492,0.8229025384727365,6.309573444801933,6.309573444801922,1.1604805725284888e+24,5.983746100421977e-05,1.939388057335272e+28,6.37,1.821790537721332e+23,0,7.171931789546773e-05,1.3509259909716374e-10,True
M1_dark_photon_massive,0.1,5.343777930616317,0.1539926526059492,0.8229025384727365,7.079457843841379,7.079457843841369,1.0342793989520016e+24,5.983746100421977e-05,1.7284814255054433e+28,6.37,1.623672525827318e+23,0,6.901913050154701e-05,1.300064473629014e-10,True
M1_dark_photon_massive,0.1,5.343777930616317,0.1539926526059492,0.8229025384727365,7.943282347242816,7.943282347242798,9.218024846083778e+23,5.983746100421977e-05,1.54051069202848e+28,6.37,1.4470996618655852e+23,0,6.64206034716152e-05,1.2511178605547828e-10,True
M1_dark_photon_massive,0.1,5.343777930616317,0.1539926526059492,0.8229025384727365,8.912509381337454,8.912509381337442,8.215573291812341e+23,5.983746100421977e-05,1.372981599475448e+28,6.37,1.2897289312107284e+23,0,6.391990935664793e-05,1.2040140568027318e-10,True
M1_dark_photon_massive,0.1,5.343777930616317,0.1539926526059492,0.8229025384727365,10.0,9.999999999999975,7.322137403634296e+23,5.983746100421977e-05,1.223671138572864e+28,6.37,1.1494721198797952e+23,0,6.15133648086792e-05,1.1586836817562129e-10,True
M1_dark_photon_massive,0.1,5.343777930616317,0.1778279410038923,0.95027302658354,0.1,0.0999999999999998,5.534307280019903e+25,5.983746100421977e-05,9.248900583581946e+29,6.37,8.688080502386032e+24,0,0.0003441109999221,8.643586100777978e-10,True
M1_dark_photon_massive,0.1,5.343777930616317,0.1778279410038923,0.95027302658354,0.11220184543019636,0.1122018454301961,4.932456555238155e+25,5.983746100421977e-05,8.243091321823155e+29,6.37,7.743259898333054e+24,0,0.0003311554363255,8.3181604984095e-10,True
M1_dark_photon_massive,0.1,5.343777930616317,0.1778279410038923,0.95027302658354,0.12589254117941673,0.1258925411794165,4.396056532159949e+25,5.983746100421977e-05,7.346662873697024e+29,6.37,6.901187648602745e+24,0,0.000318687641583,8.004986966124221e-10,True
M1_dark_photon_massive,0.1,5.343777930616317,0.1778279410038923,0.95027302658354,0.14125375446227545,0.1412537544622751,3.917989508376535e+25,5.983746100421977e-05,6.547720178334831e+29,6.37,6.150689966054214e+24,0,0.0003066892515027,7.703604221158177e-10,True
M1_dark_photon_massive,0.1,5.343777930616317,0.1778279410038923,0.95027302658354,0.15848931924611134,0.1584893192461111,3.4919118249387595e+25,5.983746100421977e-05,5.835661751578175e+29,6.37,5.481808202415635e+24,0,0.0002951425932932,7.413568347754531e-10,True
M1_dark_photon_massive,0.1,5.343777930616317,0.1778279410038923,0.95027302658354,0.1778279410038923,0.177827941003892,3.1121696898569883e+25,5.983746100421977e-05,5.2010390107252645e+29,6.37,4.885666703072195e+24,0,0.0002840306595325,7.134452143306616e-10,True
M1_dark_photon_massive,0.1,5.343777930616317,0.1778279410038923,0.95027302658354,0.19952623149688797,0.1995262314968877,2.773724155716449e+25,5.983746100421977e-05,4.6354308975791e+29,6.37,4.354355032521898e+24,0,0.0002733370831173,6.865844489118309e-10,True
M1_dark_photon_massive,0.1,5.343777930616317,0.1778279410038923,0.95027302658354,0.22387211385683395,0.2238721138568335,2.472084255906516e+25,5.983746100421977e-05,4.131332136121522e+29,6.37,3.8808230077025367e+24,0,0.0002630461131558,6.607349744854867e-10,True
M1_dark_photon_massive,0.1,5.343777930616317,0.1778279410038923,0.95027302658354,0.251188643150958,0.2511886431509573,2.203247412222345e+25,5.983746100421977e-05,3.682053642060398e+29,6.37,3.45878714634591e+24,0,0.0002531425917671,6.358587165792336e-10,True
M1_dark_photon_massive,0.1,5.343777930616317,0.1778279410038923,0.95027302658354,0.28183829312644537,0.2818382931264448,1.963646323083912e+25,5.983746100421977e-05,3.2816337627451044e+29,6.37,3.082647288985733e+24,0,0.0002436119317551,6.119190342007101e-10,True
M1_dark_photon_massive,0.1,5.343777930616317,0.1778279410038923,0.95027302658354,0.31622776601683794,0.3162277660168371,1.7501016276114169e+25,5.983746100421977e-05,2.924759169657948e+29,6.37,2.747412288243982e+24,0,0.0002344400951225,5.888806658679666e-10,True
M1_dark_photon_massive,0.1,5.343777930616317,0.1778279410038923,0.95027302658354,0.35481338923357547,0.3548133892335747,1.55977971743807e+25,5.983746100421977e-05,2.6066943537729203e+29,6.37,2.4486337793376294e+24,0,0.000225613572394,5.667096776717611e-10,True
M1_dark_photon_massive,0.1,5.343777930616317,0.1778279410038923,0.95027302658354,0.3981071705534972,0.3981071705534963,1.3901551364486683e+25,5.983746100421977e-05,2.3232187882280525e+29,6.37,2.1823471529806409e+24,0,0.0002171193627173,5.453734132932781e-10,True
M1_dark_photon_massive,0.1,5.343777930616317,0.1778279410038923,0.95027302658354,0.44668359215096315,0.4466835921509622,1.2389770695113206e+25,5.983746100421977e-05,2.070570924498196e+29,6.37,1.9450189474275047e+24,0,0.0002089449547141,5.248404459036501e-10,True
M1_dark_photon_massive,0.1,5.343777930616317,0.1778279410038923,0.95027302658354,0.5011872336272722,0.5011872336272714,1.1042394755281634e+25,5.983746100421977e-05,1.8453982789314733e+29,6.37,1.733499961582674e+24,0,0.0002010783080518,5.050805318744298e-10,True
M1_dark_photon_massive,0.1,5.343777930616317,0.1778279410038923,0.95027302658354,0.5623413251903491,0.5623413251903477,9.84154468488791e+24,5.983746100421977e-05,1.6447129473280754e+29,6.37,1.5449834670153704e+24,0,0.0001935078357088,4.860645662308371e-10,True
M1_dark_photon_massive,0.1,5.343777930616317,0.1778279410038923,0.95027302658354,0.6309573444801932,0.6309573444801918,8.771285933091524e+24,5.983746100421977e-05,1.4658519572668643e+29,6.37,1.3769679643785753e+24,0,0.0001862223869073,4.677645397821614e-10,True
M1_dark_photon_massive,0.1,5.343777930616317,0.1778279410038923,0.95027302658354,0.7079457843841379,0.7079457843841366,7.817416816507146e+24,5.983746100421977e-05,1.30644193207928e+29,6.37,1.227223990032519e+24,0,0.0001792112306895,4.501534978661766e-10,True
M1_dark_photon_massive,0.1,5.343777930616317,0.1778279410038923,0.95027302658354,0.7943282347242815,0.7943282347242794,6.967280071494514e+24,5.983746100421977e-05,1.1643675975829216e+29,6.37,1.0937645324167211e+24,0,0.0001724640401117,4.332055006468057e-10,True
M1_dark_photon_massive,0.1,5.343777930616317,0.1778279410038923,0.95027302658354,0.8912509381337456,0.8912509381337438,6.209594899960034e+24,5.983746100421977e-05,1.0377437136783142e+29,6.37,9.748186656138202e+23,0,0.0001659708770326,4.168955849065512e-10,True
M1_dark_photon_massive,0.1,5.343777930616317,0.1778279410038923,0.95027302658354,1.0,0.9999999999999978,5.534307280019903e+24,5.983746100421977e-05,9.248900583581949e+28,6.37,8.688080502386033e+23,0,0.0001597221774762,4.01199727277417e-10,True
M1_dark_photon_massive,0.1,5.343777930616317,0.1778279410038923,0.95027302658354,1.1220184543019633,1.1220184543019616,4.932456555238155e+24,5.983746100421977e-05,8.243091321823155e+28,6.37,7.743259898333053e+23,0,0.0001537087375438,3.8609480885616444e-10,True
M1_dark_photon_massive,0.1,5.343777930616317,0.1778279410038923,0.95027302658354,1.2589254117941673,1.2589254117941646,4.396056532159948e+24,5.983746100421977e-05,7.346662873697024e+28,6.37,6.901187648602744e+23,0,0.0001479216998582,3.715585811517802e-10,True
M1_dark_photon_massive,0.1,5.343777930616317,0.1778279410038923,0.95027302658354,1.4125375446227544,1.4125375446227522,3.917989508376533e+24,5.983746100421977e-05,6.54772017833483e+28,6.37,6.150689966054212e+23,0,0.0001423525405164,3.5756963331500074e-10,True
M1_dark_photon_massive,0.1,5.343777930616317,0.1778279410038923,0.95027302658354,1.5848931924611136,1.58489319246111,3.491911824938758e+24,5.983746100421977e-05,5.835661751578173e+28,6.37,5.481808202415632e+23,0,0.0001369930565353,3.4410736060162577e-10,True
M1_dark_photon_massive,0.1,5.343777930616317,0.1778279410038923,0.95027302658354,1.7782794100389228,1.7782794100389208,3.1121696898569887e+24,5.983746100421977e-05,5.201039010725265e+28,6.37,4.885666703072196e+23,0,0.0001318353537689,3.3115193402316745e-10,True
M1_dark_photon_massive,0.1,5.343777930616317,0.1778279410038923,0.95027302658354,1.9952623149688795,1.9952623149688755,2.773724155716449e+24,5.983746100421977e-05,4.6354308975791e+28,6.37,4.3543550325218976e+23,0,0.0001268718352809,3.186842711401338e-10,True
M1_dark_photon_massive,0.1,5.343777930616317,0.1778279410038923,0.95027302658354,2.2387211385683394,2.238721138568335,2.472084255906516e+24,5.983746100421977e-05,4.131332136121523e+28,6.37,3.880823007702537e+23,0,0.0001220951901549,3.066860079549261e-10,True
M1_dark_photon_massive,0.1,5.343777930616317,0.1778279410038923,0.95027302658354,2.51188643150958,2.5118864315095744,2.203247412222344e+24,5.983746100421977e-05,3.682053642060397e+28,6.37,3.458787146345909e+23,0,0.0001174983827258,2.951394718629523e-10,True
M1_dark_photon_massive,0.1,5.343777930616317,0.1778279410038923,0.95027302658354,2.8183829312644537,2.8183829312644484,1.9636463230839116e+24,5.983746100421977e-05,3.2816337627451032e+28,6.37,3.082647288985732e+23,0,0.0001130746422169,2.840276556221131e-10,True
M1_dark_photon_massive,0.1,5.343777930616317,0.1778279410038923,0.95027302658354,3.1622776601683795,3.1622776601683733,1.7501016276114164e+24,5.983746100421977e-05,2.924759169657948e+28,6.37,2.7474122882439816e+23,0,0.0001088174527672,2.733341923023212e-10,True
M1_dark_photon_massive,0.1,5.343777930616317,0.1778279410038923,0.95027302658354,3.548133892335755,3.548133892335747,1.5597797174380698e+24,5.983746100421977e-05,2.6066943537729203e+28,6.37,2.448633779337629e+23,0,0.0001047205438335,2.630433311781544e-10,True
M1_dark_photon_massive,0.1,5.343777930616317,0.1778279410038923,0.95027302658354,3.9810717055349722,3.981071705534967,1.3901551364486682e+24,5.983746100421977e-05,2.323218788228053e+28,6.37,2.182347152980641e+23,0,0.0001007778809549,2.5313991452913674e-10,True
M1_dark_photon_massive,0.1,5.343777930616317,0.1778279410038923,0.95027302658354,4.466835921509632,4.466835921509621,1.2389770695113203e+24,5.983746100421977e-05,2.070570924498195e+28,6.37,1.945018947427504e+23,0,9.69836568640993e-05,2.436093553134733e-10,True
M1_dark_photon_massive,0.1,5.343777930616317,0.1778279410038923,0.95027302658354,5.011872336272722,5.011872336272711,1.104239475528163e+24,5.983746100421977e-05,1.8453982789314727e+28,6.37,1.7334999615826737e+23,0,9.333228293354325e-05,2.344376156823556e-10,True
M1_dark_photon_massive,0.1,5.343777930616317,0.1778279410038923,0.95027302658354,5.623413251903491,5.623413251903478,9.841544684887908e+23,5.983746100421977e-05,1.6447129473280752e+28,6.37,1.5449834670153702e+23,0,8.981838094425898e-05,2.2561118630318929e-10,True
M1_dark_photon_massive,0.1,5.343777930616317,0.1778279410038923,0.95027302658354,6.309573444801933,6.309573444801919,8.771285933091525e+23,5.983746100421977e-05,1.4658519572668646e+28,6.37,1.3769679643785753e+23,0,8.643677516376977e-05,2.1711706646129006e-10,True
M1_dark_photon_massive,0.1,5.343777930616317,0.1778279410038923,0.95027302658354,7.079457843841379,7.079457843841362,7.817416816507147e+23,5.983746100421977e-05,1.30644193207928e+28,6.37,1.2272239900325192e+23,0,8.318248472268459e-05,2.0894274491073794e-10,True
M1_dark_photon_massive,0.1,5.343777930616317,0.1778279410038923,0.95027302658354,7.943282347242816,7.943282347242801,6.967280071494512e+23,5.983746100421977e-05,1.1643675975829212e+28,6.37,1.0937645324167208e+23,0,8.005071627822493e-05,2.0107618144618464e-10,True
M1_dark_photon_massive,0.1,5.343777930616317,0.1778279410038923,0.95027302658354,8.912509381337454,8.912509381337436,6.209594899960033e+23,5.983746100421977e-05,1.037743713678314e+28,6.37,9.7481866561382e+22,0,7.703685695396544e-05,1.935057891684716e-10,True
M1_dark_photon_massive,0.1,5.343777930616317,0.1778279410038923,0.95027302658354,10.0,9.999999999999972,5.534307280019903e+23,5.983746100421977e-05,9.248900583581948e+27,6.37,8.688080502386033e+22,0,7.41364675453886e-05,1.8622041741793508e-10,True
M1_dark_photon_massive,0.1,5.343777930616317,0.2053525026457146,1.0973581716349985,0.1,0.0999999999999998,4.209255942188932e+25,5.983746100421977e-05,7.034482866664568e+29,6.37,6.607937114896282e+24,0,0.0004146911509873,1.389057344216905e-09,True
M1_dark_photon_massive,0.1,5.343777930616317,0.2053525026457146,1.0973581716349985,0.11220184543019636,0.1122018454301961,3.751503307320928e+25,5.983746100421977e-05,6.2694894542005554e+29,6.37,5.889330152780107e+24,0,0.0003990782889143,1.336760205310004e-09,True
M1_dark_photon_massive,0.1,5.343777930616317,0.2053525026457146,1.0973581716349985,0.12589254117941673,0.1258925411794164,3.3435308420616264e+25,5.983746100421977e-05,5.5876883576758695e+29,6.37,5.248871023644626e+24,0,0.0003840532413186,1.2864320209241202e-09,True
M1_dark_photon_massive,0.1,5.343777930616317,0.2053525026457146,1.0973581716349985,0.14125375446227545,0.1412537544622751,2.9799249996665364e+25,5.983746100421977e-05,4.980032490777626e+29,6.37,4.678061223966305e+24,0,0.0003695938773532,1.2379986611548859e-09,True
M1_dark_photon_massive,0.1,5.343777930616317,0.2053525026457146,1.0973581716349985,0.15848931924611134,0.158489319246111,2.6558609515210027e+25,5.983746100421977e-05,4.438458629342093e+29,6.37,4.1693264545070687e+24,0,0.0003556788993837,1.1913887870423991e-09,True
M1_dark_photon_massive,0.1,5.343777930616317,0.2053525026457146,1.0973581716349985,0.1778279410038923,0.1778279410038919,2.3670385645958757e+25,5.983746100421977e-05,3.955780417268959e+29,6.37,3.715916113965267e+24,0,0.0003422878116185,1.146533745493912e-09,True
M1_dark_photon_massive,0.1,5.343777930616317,0.2053525026457146,1.0973581716349985,0.19952623149688797,0.1995262314968875,2.1096253412948285e+25,5.983746100421977e-05,3.525593007942059e+29,6.37,3.311813722597847e+24,0,0.0003294008899195,1.1033674681626126e-09,True
M1_dark_photon_massive,0.1,5.343777930616317,0.2053525026457146,1.0973581716349985,0.22387211385683395,0.2238721138568336,1.8802055645397384e+25,5.983746100421977e-05,3.1421880758061333e+29,6.37,2.9516570871895423e+24,0,0.0003169991527501,1.0618263741335636e-09,True
M1_dark_photon_massive,0.1,5.343777930616317,0.2053525026457146,1.0973581716349985,0.251188643150958,0.2511886431509575,1.6757349732803308e+25,5.983746100421977e-05,2.8004780703548856e+29,6.37,2.630667148006799e+24,0,0.0003050643332167,1.021849276273446e-09,True
M1_dark_photon_massive,0.1,5.343777930616317,0.2053525026457146,1.0973581716349985,0.28183829312644537,0.2818382931264448,1.493500366999622e+25,5.983746100421977e-05,2.495928707426773e+29,6.37,2.3445845635786845e+24,0,0.0002935788521628,9.833772911061842e-10,True
M1_dark_photon_massive,0.1,5.343777930616317,0.2053525026457146,1.0973581716349985,0.31622776601683794,0.3162277660168374,1.3310836031915065e+25,5.983746100421977e-05,2.2244988020090583e+29,6.37,2.089613191823401e+24,0,0.0002825257922761,9.46353752081692e-10,True
M1_dark_photon_massive,0.1,5.343777930616317,0.2053525026457146,1.0973581716349985,0.35481338923357547,0.3548133892335749,1.186329510078876e+25,5.983746100421977e-05,1.9825866441679662e+29,6.37,1.862369717549256e+24,0,0.0002718888731705,9.107241261099975e-10,True
M1_dark_photon_massive,0.1,5.343777930616317,0.2053525026457146,1.0973581716349985,0.3981071705534972,0.3981071705534966,1.057317288793545e+25,5.983746100421977e-05,1.766982206546134e+29,6.37,1.6598387579176532e+24,0,0.0002616524274063,8.764359332378081e-10,True
M1_dark_photon_massive,0.1,5.343777930616317,0.2053525026457146,1.0973581716349985,0.44668359215096315,0.4466835921509626,9.423350255422756e+24,5.983746100421977e-05,1.574824549249878e+29,6.37,1.4793328501448593e+24,0,0.0002518013774131,8.43438669349198e-10,True
M1_dark_photon_massive,0.1,5.343777930616317,0.2053525026457146,1.0973581716349985,0.5011872336272722,0.5011872336272716,8.3985697555084e+24,5.983746100421977e-05,1.4035638569150065e+29,6.37,1.3184567905036737e+24,0,0.0002423212132814,8.116837317765711e-10,True
M1_dark_photon_massive,0.1,5.343777930616317,0.2053525026457146,1.0973581716349985,0.5623413251903491,0.5623413251903481,7.485233173578565e+24,5.983746100421977e-05,1.250927604206118e+29,6.37,1.1750758514252064e+24,0,0.0002331979713909,7.811243477123211e-10,True
M1_dark_photon_massive,0.1,5.343777930616317,0.2053525026457146,1.0973581716349985,0.6309573444801932,0.6309573444801925,6.671221088101728e+24,5.983746100421977e-05,1.1148904007861012e+29,6.37,1.0472874549610248e+24,0,0.0002244182138428,7.517155053157507e-10,True
M1_dark_photon_massive,0.1,5.343777930616317,0.2053525026457146,1.0973581716349985,0.7079457843841379,0.707945784384137,5.945732053268292e+24,5.983746100421977e-05,9.9364711561692e+28,6.37,9.33395926729716e+23,0,0.0002159690086667,7.234138874137684e-10,True
M1_dark_photon_massive,0.1,5.343777930616317,0.2053525026457146,1.0973581716349985,0.7943282347242815,0.7943282347242802,5.299139270367246e+24,5.983746100421977e-05,8.855889239674705e+28,6.37,8.318899953480763e+23,0,0.000207837910773,6.961778076977163e-10,True
M1_dark_photon_massive,0.1,5.343777930616317,0.2053525026457146,1.0973581716349985,0.8912509381337456,0.8912509381337439,4.7228628460161794e+24,5.983746100421977e-05,7.892819592868623e+28,6.37,7.414227387780501e+23,0,0.0002000129436217,6.699671493223455e-10,True
M1_dark_photon_massive,0.1,5.343777930616317,0.2053525026457146,1.0973581716349985,1.0,0.999999999999998,4.209255942188932e+24,5.983746100421977e-05,7.034482866664568e+28,6.37,6.607937114896282e+23,0,0.000192482581582,6.44743305816501e-10,True
M1_dark_photon_massive,0.1,5.343777930616317,0.2053525026457146,1.0973581716349985,1.1220184543019633,1.1220184543019611,3.751503307320928e+24,5.983746100421977e-05,6.269489454200555e+28,6.37,5.889330152780107e+23,0,0.0001852357329562,6.204691242184841e-10,True
M1_dark_photon_massive,0.1,5.343777930616317,0.2053525026457146,1.0973581716349985,1.2589254117941673,1.2589254117941662,3.343530842061626e+24,5.983746100421977e-05,5.587688357675868e+28,6.37,5.248871023644625e+23,0,0.0001782617236417,5.971088503523313e-10,True
M1_dark_photon_massive,0.1,5.343777930616317,0.2053525026457146,1.0973581716349985,1.4125375446227544,1.412537544622751,2.979924999666536e+24,5.983746100421977e-05,4.980032490777625e+28,6.37,4.678061223966304e+23,0,0.0001715502814094,5.746280761644086e-10,True
M1_dark_photon_massive,0.1,5.343777930616317,0.2053525026457146,1.0973581716349985,1.5848931924611136,1.5848931924611118,2.6558609515210013e+24,5.983746100421977e-05,4.438458629342092e+28,6.37,4.169326454507066e+23,0,0.0001650915207731,5.529936890427473e-10,True
M1_dark_photon_massive,0.1,5.343777930616317,0.2053525026457146,1.0973581716349985,1.7782794100389228,1.77827941003892,2.367038564595876e+24,5.983746100421977e-05,3.955780417268959e+28,6.37,3.715916113965268e+23,0,0.000158875928429,5.321738230444776e-10,True
M1_dark_photon_massive,0.1,5.343777930616317,0.2053525026457146,1.0973581716349985,1.9952623149688795,1.9952623149688773,2.109625341294828e+24,5.983746100421977e-05,3.5255930079420586e+28,6.37,3.311813722597847e+23,0,0.0001528943492432,5.121378119595185e-10,True
M1_dark_photon_massive,0.1,5.343777930616317,0.2053525026457146,1.0973581716349985,2.2387211385683394,2.2387211385683368,1.8802055645397388e+24,5.983746100421977e-05,3.1421880758061337e+28,6.37,2.9516570871895423e+23,0,0.0001471379727669,4.928561441413894e-10,True
M1_dark_photon_massive,0.1,5.343777930616317,0.2053525026457146,1.0973581716349985,2.51188643150958,2.5118864315095766,1.6757349732803302e+24,5.983746100421977e-05,2.8004780703548845e+28,6.37,2.630667148006798e+23,0,0.0001415983202592,4.743004190386127e-10,True
M1_dark_photon_massive,0.1,5.343777930616317,0.2053525026457146,1.0973581716349985,2.8183829312644537,2.818382931264451,1.4935003669996212e+24,5.983746100421977e-05,2.495928707426772e+28,6.37,2.344584563578683e+23,0,0.0001362672321984,4.5644330536268475e-10,True
M1_dark_photon_massive,0.1,5.343777930616317,0.2053525026457146,1.0973581716349985,3.1622776601683795,3.1622776601683737,1.3310836031915062e+24,5.983746100421977e-05,2.2244988020090585e+28,6.37,2.089613191823401e+23,0,0.0001311368562636,4.3925850083099374e-10,True
M1_dark_photon_massive,0.1,5.343777930616317,0.2053525026457146,1.0973581716349985,3.548133892335755,3.548133892335748,1.186329510078876e+24,5.983746100421977e-05,1.982586644167966e+28,6.37,1.862369717549256e+23,0,0.0001261996357692,4.2272069342539213e-10,True
M1_dark_photon_massive,0.1,5.343777930616317,0.2053525026457146,1.0973581716349985,3.9810717055349722,3.9810717055349674,1.057317288793545e+24,5.983746100421977e-05,1.7669822065461342e+28,6.37,1.659838757917653e+23,0,0.0001214482985337,4.0680552410936045e-10,True
M1_dark_photon_massive,0.1,5.343777930616317,0.2053525026457146,1.0973581716349985,4.466835921509632,4.466835921509626,9.423350255422753e+23,5.983746100421977e-05,1.5748245492498774e+28,6.37,1.479332850144859e+23,0,0.0001168758461689,3.9148955094884577e-10,True
M1_dark_photon_massive,0.1,5.343777930616317,0.2053525026457146,1.0973581716349985,5.011872336272722,5.011872336272717,8.398569755508398e+23,5.983746100421977e-05,1.403563856915006e+28,6.37,1.3184567905036733e+23,0,0.0001124755437714,3.7675021458392814e-10,True
M1_dark_photon_massive,0.1,5.343777930616317,0.2053525026457146,1.0973581716349985,5.623413251903491,5.6234132519034805,7.485233173578564e+23,5.983746100421977e-05,1.250927604206118e+28,6.37,1.1750758514252062e+23,0,0.0001082409100029,3.625658050004576e-10,True
M1_dark_photon_massive,0.1,5.343777930616317,0.2053525026457146,1.0973581716349985,6.309573444801933,6.309573444801922,6.671221088101728e+23,5.983746100421977e-05,1.114890400786101e+28,6.37,1.0472874549610248e+23,0,0.0001041657075432,3.4891542955271763e-10,True
M1_dark_photon_massive,0.1,5.343777930616317,0.2053525026457146,1.0973581716349985,7.079457843841379,7.079457843841367,5.9457320532682914e+23,5.983746100421977e-05,9.936471156169202e+27,6.37,9.33395926729716e+22,0,0.0001002439339034,3.3577898219001595e-10,True
M1_dark_photon_massive,0.1,5.343777930616317,0.2053525026457146,1.0973581716349985,7.943282347242816,7.943282347242802,5.299139270367245e+23,5.983746100421977e-05,8.855889239674703e+27,6.37,8.31889995348076e+22,0,9.646981258455444e-05,3.2313711384187446e-10,True
M1_dark_photon_massive,0.1,5.343777930616317,0.2053525026457146,1.0973581716349985,8.912509381337454,8.91250938133744,4.722862846016178e+23,5.983746100421977e-05,7.89281959286862e+27,6.37,7.414227387780499e+22,0,9.28377845692522e-05,3.1097120391819836e-10,True
M1_dark_photon_massive,0.1,5.343777930616317,0.2053525026457146,1.0973581716349985,10.0,9.999999999999972,4.209255942188932e+23,5.983746100421977e-05,7.034482866664568e+27,6.37,6.607937114896282e+22,0,8.934250013363066e-05,2.99263332882446e-10,True
M1_dark_photon_massive,0.1,5.343777930616317,0.2371373705661655,1.2672094473558586,0.1,0.0999999999999998,3.227206511143253e+25,5.983746100421977e-05,5.393287845076964e+29,6.37,5.066258259251575e+24,0,0.0004997049088515,2.232076230308099e-09,True
M1_dark_photon_massive,0.1,5.343777930616317,0.2371373705661655,1.2672094473558586,0.11220184543019636,0.1122018454301962,2.876250830607756e+25,5.983746100421977e-05,4.80677285155017e+29,6.37,4.5153074263858016e+24,0,0.0004808913320475,2.1480399584052837e-09,True
M1_dark_photon_massive,0.1,5.343777930616317,0.2371373705661655,1.2672094473558586,0.12589254117941673,0.1258925411794166,2.5634612510871275e+25,5.983746100421977e-05,4.284040813339909e+29,6.37,4.024271979728615e+24,0,0.0004627860746253,2.0671675994994487e-09,True
M1_dark_photon_massive,0.1,5.343777930616317,0.2371373705661655,1.2672094473558586,0.14125375446227545,0.1412537544622752,2.2846872449009072e+25,5.983746100421977e-05,3.818155393892448e+29,6.37,3.5866361772384726e+24,0,0.000445362468804,1.9893400342481275e-09,True
M1_dark_photon_massive,0.1,5.343777930616317,0.2371373705661655,1.2672094473558586,0.15848931924611134,0.1584893192461111,2.036229650360136e+25,5.983746100421977e-05,3.402934576747065e+29,6.37,3.19659285770822e+24,0,0.0004285948508277,1.9144426280774807e-09,True
M1_dark_photon_massive,0.1,5.343777930616317,0.2371373705661655,1.2672094473558586,0.1778279410038923,0.1778279410038921,1.81479158613922e+25,5.983746100421977e-05,3.0328686339335818e+29,6.37,2.848966383264081e+24,0,0.000412458523165,1.8423650623335663e-09,True
M1_dark_photon_massive,0.1,5.343777930616317,0.2371373705661655,1.2672094473558586,0.19952623149688797,0.1995262314968877,1.6174347036638078e+25,5.983746100421977e-05,2.703047015229716e+29,6.37,2.539143961795617e+24,0,0.0003969297181311,1.7730011717906612e-09,True
M1_dark_photon_massive,0.1,5.343777930616317,0.2371373705661655,1.2672094473558586,0.22387211385683395,0.2238721138568338,1.4415401970104453e+25,5.983746100421977e-05,2.409093188143105e+29,6.37,2.2630144380069783e+24,0,0.0003819855628795,1.7062487882772876e-09,True
M1_dark_photon_massive,0.1,5.343777930616317,0.2371373705661655,1.2672094473558586,0.251188643150958,0.2511886431509578,1.284774052943064e+25,5.983746100421977e-05,2.1471065639841584e+29,6.37,2.0169137408839308e+24,0,0.0003676040457121,1.6420095901896275e-09,True
M1_dark_photon_massive,0.1,5.343777930616317,0.2371373705661655,1.2672094473558586,0.28183829312644537,0.2818382931264451,1.1450560799754002e+25,5.983746100421977e-05,1.9136107394240043e+29,6.37,1.7975762636976457e+24,0,0.0003537639836575,1.580188957670657e-09,True
M1_dark_photon_massive,0.1,5.343777930616317,0.2371373705661655,1.2672094473558586,0.31622776601683794,0.3162277660168375,1.0205323054938246e+25,5.983746100421977e-05,1.705507366734454e+29,6.37,1.6020915313874796e+24,0,0.0003404449912699,1.5206958332416995e-09,True
M1_dark_photon_massive,0.1,5.343777930616317,0.2371373705661655,1.2672094473558586,0.35481338923357547,0.3548133892335752,9.095503746671652e+24,5.983746100421977e-05,1.5200350405960962e+29,6.37,1.4278655803252203e+24,0,0.0003276274506026,1.4634425876811127e-09,True
M1_dark_photon_massive,0.1,5.343777930616317,0.2371373705661655,1.2672094473558586,0.3981071705534972,0.3981071705534968,8.106376247020107e+24,5.983746100421977e-05,1.3547326559274363e+29,6.37,1.2725865379937374e+24,0,0.0003152924823127,1.4083448909525584e-09,True
M1_dark_photon_massive,0.1,5.343777930616317,0.2371373705661655,1.2672094473558586,0.44668359215096315,0.4466835921509628,7.224815435021783e+24,5.983746100421977e-05,1.2074067505157486e+29,6.37,1.134193945843294e+24,0,0.0003034219178522,1.3553215879927423e-09,True
M1_dark_photon_massive,0.1,5.343777930616317,0.2371373705661655,1.2672094473558586,0.5011872336272722,0.5011872336272717,6.439123534306328e+24,5.983746100421977e-05,1.076102399106178e+29,6.37,1.0108514182584502e+24,0,0.000291998272708,1.304294579175668e-09,True
M1_dark_photon_massive,0.1,5.343777930616317,0.2371373705661655,1.2672094473558586,0.5623413251903491,0.5623413251903482,5.738874890709595e+24,5.983746100421977e-05,9.590772727313556e+28,6.37,9.009222748366712e+23,0,0.0002810047206477,1.2551887052773355e-09,True
M1_dark_photon_massive,0.1,5.343777930616317,0.2371373705661655,1.2672094473558586,0.6309573444801932,0.6309573444801926,5.114777630177122e+24,5.983746100421977e-05,8.547785190645747e+28,6.37,8.02947822633771e+23,0,0.0002704250689361,1.2079316367714492e-09,True
M1_dark_photon_massive,0.1,5.343777930616317,0.2371373705661655,1.2672094473558586,0.7079457843841379,0.7079457843841374,4.5585503612408553e+24,5.983746100421977e-05,7.618221570128759e+28,6.37,7.156280001947967e+23,0,0.0002602437344844,1.1624537672930726e-09,True
M1_dark_photon_massive,0.1,5.343777930616317,0.2371373705661655,1.2672094473558586,0.7943282347242815,0.7943282347242803,4.0628122859858375e+24,5.983746100421977e-05,6.789747121287993e+28,6.37,6.37804126528389e+23,0,0.0002504457208972,1.1186881111133066e-09,True
M1_dark_photon_massive,0.1,5.343777930616317,0.2371373705661655,1.2672094473558586,0.8912509381337456,0.891250938133745,3.6209852613461846e+24,5.983746100421977e-05,6.051368491538822e+28,6.37,5.684435261140007e+23,0,0.0002410165963842,1.076570204473985e-09,True
M1_dark_photon_massive,0.1,5.343777930616317,0.2371373705661655,1.2672094473558586,1.0,0.9999999999999988,3.227206511143253e+24,5.983746100421977e-05,5.393287845076964e+28,6.37,5.066258259251575e+23,0,0.0002319424725026,1.036038010637058e-09,True
M1_dark_photon_massive,0.1,5.343777930616317,0.2371373705661655,1.2672094473558586,1.1220184543019633,1.1220184543019625,2.876250830607756e+24,5.983746100421977e-05,4.80677285155017e+28,6.37,4.515307426385802e+23,0,0.0002232099837012,9.970318285088023e-10,True
M1_dark_photon_massive,0.1,5.343777930616317,0.2371373705661655,1.2672094473558586,1.2589254117941673,1.2589254117941655,2.563461251087127e+24,5.983746100421977e-05,4.284040813339908e+28,6.37,4.024271979728614e+23,0,0.0002148062676332,9.594942047042771e-10,True
M1_dark_photon_massive,0.1,5.343777930616317,0.2371373705661655,1.2672094473558586,1.4125375446227544,1.412537544622753,2.2846872449009067e+24,5.983746100421977e-05,3.8181553938924474e+28,6.37,3.586636177238472e+23,0,0.000206718946211,9.233698489224971e-10,True
M1_dark_photon_massive,0.1,5.343777930616317,0.2371373705661655,1.2672094473558586,1.5848931924611136,1.584893192461111,2.0362296503601355e+24,5.983746100421977e-05,3.402934576747064e+28,6.37,3.1965928577082186e+23,0,0.0001989361073745,8.886055525076736e-10,True
M1_dark_photon_massive,0.1,5.343777930616317,0.2371373705661655,1.2672094473558586,1.7782794100389228,1.7782794100389212,1.81479158613922e+24,5.983746100421977e-05,3.032868633933582e+28,6.37,2.8489663832640815e+23,0,0.0001914462875451,8.551501100765793e-10,True
M1_dark_photon_massive,0.1,5.343777930616317,0.2371373705661655,1.2672094473558586,1.9952623149688795,1.995262314968878,1.6174347036638078e+24,5.983746100421977e-05,2.703047015229716e+28,6.37,2.5391439617956164e+23,0,0.0001842384547406,8.229542440965904e-10,True
M1_dark_photon_massive,0.1,5.343777930616317,0.2371373705661655,1.2672094473558586,2.2387211385683394,2.238721138568337,1.4415401970104453e+24,5.983746100421977e-05,2.409093188143105e+28,6.37,2.2630144380069785e+23,0,0.0001773019923262,7.919705323033194e-10,True
M1_dark_photon_massive,0.1,5.343777930616317,0.2371373705661655,1.2672094473558586,2.51188643150958,2.511886431509579,1.2847740529430635e+24,5.983746100421977e-05,2.147106563984157e+28,6.37,2.01691374088393e+23,0,0.0001706266833768,7.621533378509271e-10,True
M1_dark_photon_massive,0.1,5.343777930616317,0.2371373705661655,1.2672094473558586,2.8183829312644537,2.818382931264451,1.1450560799753995e+24,5.983746100421977e-05,1.9136107394240036e+28,6.37,1.7975762636976447e+23,0,0.0001642026956279,7.334587420922338e-10,True
M1_dark_photon_massive,0.1,5.343777930616317,0.2371373705661655,1.2672094473558586,3.1622776601683795,3.162277660168374,1.0205323054938244e+24,5.983746100421977e-05,1.705507366734454e+28,6.37,1.6020915313874796e+23,0,0.0001580205669937,7.058444798896155e-10,True
M1_dark_photon_massive,0.1,5.343777930616317,0.2371373705661655,1.2672094473558586,3.548133892335755,3.548133892335751,9.095503746671652e+23,5.983746100421977e-05,1.520035040596096e+28,6.37,1.42786558032522e+23,0,0.0001520711916302,6.792698773614041e-10,True
M1_dark_photon_massive,0.1,5.343777930616317,0.2371373705661655,1.2672094473558586,3.9810717055349722,3.981071705534969,8.106376247020107e+23,5.983746100421977e-05,1.3547326559274369e+28,6.37,1.2725865379937372e+23,0,0.0001463458065224,6.536957919721002e-10,True
M1_dark_photon_massive,0.1,5.343777930616317,0.2371373705661655,1.2672094473558586,4.466835921509632,4.466835921509629,7.22481543502178e+23,5.983746100421977e-05,1.2074067505157482e+28,6.37,1.1341939458432936e+23,0,0.0001408359785776,6.290845548781452e-10,True
M1_dark_photon_massive,0.1,5.343777930616317,0.2371373705661655,1.2672094473558586,5.011872336272722,5.0118723362727176,6.439123534306327e+23,5.983746100421977e-05,1.0761023991061778e+28,6.37,1.01085141825845e+23,0,0.0001355335922035,6.053999154443456e-10,True
M1_dark_photon_massive,0.1,5.343777930616317,0.2371373705661655,1.2672094473558586,5.623413251903491,5.623413251903488,5.738874890709594e+23,5.983746100421977e-05,9.590772727313556e+27,6.37,9.009222748366709e+22,0,0.000130430837355,5.82606987849216e-10,True
M1_dark_photon_massive,0.1,5.343777930616317,0.2371373705661655,1.2672094473558586,6.309573444801933,6.309573444801928,5.114777630177122e+23,5.983746100421977e-05,8.547785190645747e+27,6.37,8.02947822633771e+22,0,0.0001255201980303,5.606721997005967e-10,True
M1_dark_photon_massive,0.1,5.343777930616317,0.2371373705661655,1.2672094473558586,7.079457843841379,7.07945784384137,4.558550361240856e+23,5.983746100421977e-05,7.618221570128759e+27,6.37,7.156280001947968e+22,0,0.0001207944412,5.395632425858634e-10,True
M1_dark_photon_massive,0.1,5.343777930616317,0.2371373705661655,1.2672094473558586,7.943282347242816,7.94328234724281,4.062812285985836e+23,5.983746100421977e-05,6.789747121287992e+27,6.37,6.378041265283887e+22,0,0.0001162466061542,5.192490244838895e-10,True
M1_dark_photon_massive,0.1,5.343777930616317,0.2371373705661655,1.2672094473558586,8.912509381337454,8.912509381337445,3.620985261346183e+23,5.983746100421977e-05,6.051368491538819e+27,6.37,5.684435261140005e+22,0,0.0001118699942492,4.996996239686674e-10,True
M1_dark_photon_massive,0.1,5.343777930616317,0.2371373705661655,1.2672094473558586,10.0,9.99999999999998,3.227206511143253e+23,5.983746100421977e-05,5.393287845076964e+27,6.37,5.066258259251575e+22,0,0.0001076581590409,4.808862461371366e-10,True
M1_dark_photon_massive,0.1,5.343777930616317,0.2738419634264361,1.46335064063483,0.1,0.0999999999999998,2.499746390965263e+25,5.983746100421977e-05,4.177560927575085e+29,6.37,3.924248651436833e+24,0,0.0006020934022159,3.586404535443365e-09,True
M1_dark_photon_massive,0.1,5.343777930616317,0.2738419634264361,1.46335064063483,0.11220184543019636,0.1122018454301961,2.227901316044235e+25,5.983746100421977e-05,3.723255095812174e+29,6.37,3.497490292063164e+24,0,0.0005794249627726,3.4513786512008687e-09,True
M1_dark_photon_massive,0.1,5.343777930616317,0.2738419634264361,1.46335064063483,0.12589254117941673,0.1258925411794164,1.985619137993831e+25,5.983746100421977e-05,3.3183545970538486e+29,6.37,3.1171415039149624e+24,0,0.0005576099758749,3.321436406920146e-09,True
M1_dark_photon_massive,0.1,5.343777930616317,0.2738419634264361,1.46335064063483,0.14125375446227545,0.1412537544622752,1.769684919513321e+25,5.983746100421977e-05,2.9574866476846697e+29,6.37,2.7781552896598447e+24,0,0.000536616309569,3.196386406741019e-09,True
M1_dark_photon_massive,0.1,5.343777930616317,0.2738419634264361,1.46335064063483,0.15848931924611134,0.1584893192461109,1.5772333447173896e+25,5.983746100421977e-05,2.6358627492669885e+29,6.37,2.4760335081905645e+24,0,0.0005164130416492,3.076044460737556e-09,True
M1_dark_photon_massive,0.1,5.343777930616317,0.2738419634264361,1.46335064063483,0.1778279410038923,0.177827941003892,1.4057106981351985e+25,5.983746100421977e-05,2.349215148075997e+29,6.37,2.2067671870254293e+24,0,0.0004969704141112,2.960233313619157e-09,True
M1_dark_photon_massive,0.1,5.343777930616317,0.2738419634264361,1.46335064063483,0.19952623149688797,0.1995262314968876,1.252840978457638e+25,5.983746100421977e-05,2.0937402046007383e+29,6.37,1.9667833256791807e+24,0,0.0004782597893213,2.848782383645885e-09,True
M1_dark_photon_massive,0.1,5.343777930616317,0.2738419634264361,1.46335064063483,0.22387211385683395,0.2238721138568336,1.1165956973827697e+25,5.983746100421977e-05,1.866047921558748e+29,6.37,1.7528974841173774e+24,0,0.0004602536078343,2.7415275113734573e-09,True
M1_dark_photon_massive,0.1,5.343777930616317,0.2738419634264361,1.46335064063483,0.251188643150958,0.2511886431509575,9.951669628084972e+24,5.983746100421977e-05,1.6631169606917605e+29,6.37,1.5622715271718953e+24,0,0.0004429253478013,2.6383107178578397e-09,True
M1_dark_photon_massive,0.1,5.343777930616317,0.2738419634264361,1.46335064063483,0.28183829312644537,0.2818382931264451,8.869434892027835e+24,5.983746100421977e-05,1.482254551442675e+29,6.37,1.392375964211591e+24,0,0.0004262494859042,2.5389799719632833e-09,True
M1_dark_photon_massive,0.1,5.343777930616317,0.2738419634264361,1.46335064063483,0.31622776601683794,0.3162277660168374,7.904892168235983e+24,5.983746100421977e-05,1.3210607595262984e+29,6.37,1.2409563843384588e+24,0,0.0004102014597618,2.4433889664310667e-09,True
M1_dark_photon_massive,0.1,5.343777930616317,0.2738419634264361,1.46335064063483,0.35481338923357547,0.3548133892335748,7.045242560786417e+24,5.983746100421977e-05,1.1773966412594915e+29,6.37,1.1060035417247124e+24,0,0.0003947576317512,2.3513969023791156e-09,True
M1_dark_photon_massive,0.1,5.343777930616317,0.2738419634264361,1.46335064063483,0.3981071705534972,0.3981071705534967,6.279079041680686e+24,5.983746100421977e-05,1.049355861078043e+29,6.37,9.857266941413948e+23,0,0.0003798952541912,2.262868281915066e-09,True
M1_dark_photon_massive,0.1,5.343777930616317,0.2738419634264361,1.46335064063483,0.44668359215096315,0.4466835921509622,5.596235086513851e+24,5.983746100421977e-05,9.352393956219502e+28,6.37,8.785298408969938e+23,0,0.0003655924358365,2.177672708557331e-09,True
M1_dark_photon_massive,0.1,5.343777930616317,0.2738419634264361,1.46335064063483,0.5011872336272722,0.5011872336272715,4.987649770872453e+24,5.983746100421977e-05,8.335329887277002e+28,6.37,7.82990544877936e+23,0,0.0003518281096337,2.0956846951701704e-09,True
M1_dark_photon_massive,0.1,5.343777930616317,0.2738419634264361,1.46335064063483,0.5623413251903491,0.5623413251903482,4.445247537372635e+24,5.983746100421977e-05,7.428870581689877e+28,6.37,6.978410576723132e+23,0,0.0003385820016904,2.0167834791299e-09,True
M1_dark_photon_massive,0.1,5.343777930616317,0.2738419634264361,1.46335064063483,0.6309573444801932,0.6309573444801928,3.961831037920082e+24,5.983746100421977e-05,6.620987875205285e+28,6.37,6.219514973186942e+23,0,0.0003258346014139,1.940852844449976e-09,True
M1_dark_photon_massive,0.1,5.343777930616317,0.2738419634264361,1.46335064063483,0.7079457843841379,0.707945784384137,3.530985629273664e+24,5.983746100421977e-05,5.9009616551488655e+28,6.37,5.543148554589739e+23,0,0.0003135671327728,1.8677809506029462e-09,True
M1_dark_photon_massive,0.1,5.343777930616317,0.2738419634264361,1.46335064063483,0.7943282347242815,0.79432823472428,3.146994254626928e+24,5.983746100421977e-05,5.259237611042687e+28,6.37,4.940336349492822e+23,0,0.0003017615266418,1.7974601677871627e-09,True
M1_dark_photon_massive,0.1,5.343777930616317,0.2738419634264361,1.46335064063483,0.8912509381337456,0.8912509381337441,2.804761581737756e+24,5.983746100421977e-05,4.687300454710072e+28,6.37,4.40307940618172e+23,0,0.0002904003941866,1.7297869183955895e-09,True
M1_dark_photon_massive,0.1,5.343777930616317,0.2738419634264361,1.46335064063483,1.0,0.9999999999999984,2.499746390965263e+24,5.983746100421977e-05,4.177560927575085e+28,6.37,3.924248651436834e+23,0,0.0002794670012517,1.664661524453215e-09,True
M1_dark_photon_massive,0.1,5.343777930616317,0.2738419634264361,1.46335064063483,1.1220184543019633,1.122018454301962,2.2279013160442352e+24,5.983746100421977e-05,3.723255095812174e+28,6.37,3.497490292063164e+23,0,0.0002689452437122,1.6019880607983482e-09,True
M1_dark_photon_massive,0.1,5.343777930616317,0.2738419634264361,1.46335064063483,1.2589254117941673,1.2589254117941648,1.9856191379938307e+24,5.983746100421977e-05,3.3183545970538483e+28,6.37,3.117141503914962e+23,0,0.0002588196237532,1.5416742137915499e-09,True
M1_dark_photon_massive,0.1,5.343777930616317,0.2738419634264361,1.46335064063483,1.4125375446227544,1.4125375446227528,1.7696849195133205e+24,5.983746100421977e-05,2.957486647684669e+28,6.37,2.778155289659844e+23,0,0.000249075227043,1.4836311453440782e-09,True
M1_dark_photon_massive,0.1,5.343777930616317,0.2738419634264361,1.46335064063483,1.5848931924611136,1.5848931924611116,1.577233344717389e+24,5.983746100421977e-05,2.635862749266988e+28,6.37,2.476033508190564e+23,0,0.0002396977007651,1.4277733620655874e-09,True
M1_dark_photon_massive,0.1,5.343777930616317,0.2738419634264361,1.46335064063483,1.7782794100389228,1.778279410038921,1.4057106981351987e+24,5.983746100421977e-05,2.349215148075997e+28,6.37,2.2067671870254296e+23,0,0.0002306732324774,1.3740185893383234e-09,True
M1_dark_photon_massive,0.1,5.343777930616317,0.2738419634264361,1.46335064063483,1.9952623149688795,1.9952623149688764,1.252840978457638e+24,5.983746100421977e-05,2.093740204600738e+28,6.37,1.9667833256791808e+23,0,0.0002219885297679,1.3222876501323535e-09,True
M1_dark_photon_massive,0.1,5.343777930616317,0.2738419634264361,1.46335064063483,2.2387211385683394,2.2387211385683354,1.1165956973827696e+24,5.983746100421977e-05,1.866047921558748e+28,6.37,1.7528974841173776e+23,0,0.0002136308006754,1.272504348383327e-09,True
M1_dark_photon_massive,0.1,5.343777930616317,0.2738419634264361,1.46335064063483,2.51188643150958,2.511886431509577,9.951669628084968e+23,5.983746100421977e-05,1.66311696069176e+28,6.37,1.5622715271718946e+23,0,0.0002055877348479,1.224595356760986e-09,True
M1_dark_photon_massive,0.1,5.343777930616317,0.2738419634264361,1.46335064063483,2.8183829312644537,2.81838293126445,8.86943489202783e+23,5.983746100421977e-05,1.4822545514426743e+28,6.37,1.3923759642115905e+23,0,0.0001978474854106,1.178490108663126e-09,True
M1_dark_photon_massive,0.1,5.343777930616317,0.2738419634264361,1.46335064063483,3.1622776601683795,3.1622776601683733,7.904892168235982e+23,5.983746100421977e-05,1.3210607595262984e+28,6.37,1.2409563843384588e+23,0,0.0001903986515162,1.134120694275911e-09,True
M1_dark_photon_massive,0.1,5.343777930616317,0.2738419634264361,1.46335064063483,3.548133892335755,3.548133892335749,7.045242560786417e+23,5.983746100421977e-05,1.1773966412594915e+28,6.37,1.106003541724712e+23,0,0.0001832302615519,1.0914217605474576e-09,True
M1_dark_photon_massive,0.1,5.343777930616317,0.2738419634264361,1.46335064063483,3.9810717055349722,3.9810717055349656,6.279079041680685e+23,5.983746100421977e-05,1.049355861078043e+28,6.37,9.857266941413948e+22,0,0.0001763317569796,1.050330414927351e-09,True
M1_dark_photon_massive,0.1,5.343777930616317,0.2738419634264361,1.46335064063483,4.466835921509632,4.466835921509623,5.59623508651385e+23,5.983746100421977e-05,9.3523939562195e+27,6.37,8.785298408969937e+22,0,0.0001696929767832,1.0107861327303004e-09,True
M1_dark_photon_massive,0.1,5.343777930616317,0.2738419634264361,1.46335064063483,5.011872336272722,5.011872336272716,4.987649770872452e+23,5.983746100421977e-05,8.335329887277e+27,6.37,7.829905448779359e+22,0,0.0001633041425026,9.72730667987506e-10,True
M1_dark_photon_massive,0.1,5.343777930616317,0.2738419634264361,1.46335064063483,5.623413251903491,5.623413251903482,4.4452475373726345e+23,5.983746100421977e-05,7.428870581689876e+27,6.37,6.978410576723131e+22,0,0.0001571558438308,9.361079676544076e-10,True
M1_dark_photon_massive,0.1,5.343777930616317,0.2738419634264361,1.46335064063483,6.309573444801933,6.309573444801921,3.961831037920082e+23,5.983746100421977e-05,6.620987875205286e+27,6.37,6.219514973186942e+22,0,0.0001512390247527,9.00864089048461e-10,True
M1_dark_photon_massive,0.1,5.343777930616317,0.2738419634264361,1.46335064063483,7.079457843841379,7.079457843841367,3.530985629273664e+23,5.983746100421977e-05,5.900961655148865e+27,6.37,5.543148554589739e+22,0,0.0001455449702066,8.669471203953297e-10,True
M1_dark_photon_massive,0.1,5.343777930616317,0.2738419634264361,1.46335064063483,7.943282347242816,7.943282347242803,3.146994254626926e+23,5.983746100421977e-05,5.259237611042685e+27,6.37,4.940336349492819e+22,0,0.0001400652932474,8.343071043664647e-10,True
M1_dark_photon_massive,0.1,5.343777930616317,0.2738419634264361,1.46335064063483,8.912509381337454,8.912509381337443,2.804761581737755e+23,5.983746100421977e-05,4.687300454710071e+27,6.37,4.403079406181719e+22,0,0.0001347919226933,8.028959644954426e-10,True
M1_dark_photon_massive,0.1,5.343777930616317,0.2738419634264361,1.46335064063483,10.0,9.99999999999998,2.499746390965263e+23,5.983746100421977e-05,4.1775609275750846e+27,6.37,3.924248651436834e+22,0,0.0001297170912373,7.726674343646869e-10,True
M1_dark_photon_massive,0.1,5.343777930616317,0.3162277660168379,1.6898509570888791,0.1,0.0999999999999998,1.96176736009584e+25,5.983746100421977e-05,3.278493651255515e+29,6.37,3.079697582568037e+24,0,0.0007253944583472,5.76195205668418e-09,True
M1_dark_photon_massive,0.1,5.343777930616317,0.3162277660168379,1.6898509570888791,0.11220184543019636,0.1122018454301962,1.7484270000855782e+25,5.983746100421977e-05,2.921960542347006e+29,6.37,2.744783359631991e+24,0,0.0006980838113761,5.545018171025775e-09,True
M1_dark_photon_massive,0.1,5.343777930616317,0.3162277660168379,1.6898509570888791,0.12589254117941673,0.1258925411794166,1.5582872040846422e+25,5.983746100421977e-05,2.604200074556557e+29,6.37,2.446290744245906e+24,0,0.0006718013931562,5.3362517102754375e-09,True
M1_dark_photon_massive,0.1,5.343777930616317,0.3162277660168379,1.6898509570888791,0.14125375446227545,0.1412537544622752,1.3888249325222486e+25,5.983746100421977e-05,2.3209957595365016e+29,6.37,2.1802589207570625e+24,0,0.0006465084915189,5.135345176001439e-09,True
M1_dark_photon_massive,0.1,5.343777930616317,0.3162277660168379,1.6898509570888791,0.15848931924611134,0.1584893192461111,1.23779152401399e+25,5.983746100421977e-05,2.0685896480913525e+29,6.37,1.9431578084992e+24,0,0.0006221678517849,4.942002646895388e-09,True
M1_dark_photon_massive,0.1,5.343777930616317,0.3162277660168379,1.6898509570888791,0.1778279410038923,0.177827941003892,1.1031828569914671e+25,5.983746100421977e-05,1.8436324644751724e+29,6.37,1.7318412197668242e+24,0,0.00059874362189,4.755939342900788e-09,True
M1_dark_photon_massive,0.1,5.343777930616317,0.3162277660168379,1.6898509570888791,0.19952623149688797,0.1995262314968876,9.832127562267108e+24,5.983746100421977e-05,1.6431391635373267e+29,6.37,1.5435051118158726e+24,0,0.0005762012995777,4.5768812057518885e-09,True
M1_dark_photon_massive,0.1,5.343777930616317,0.3162277660168379,1.6898509570888791,0.22387211385683395,0.2238721138568337,8.762892913721215e+24,5.983746100421977e-05,1.46444932098694e+29,6.37,1.3756503789201278e+24,0,0.00055450768158,4.404564495304968e-09,True
M1_dark_photon_massive,0.1,5.343777930616317,0.3162277660168379,1.6898509570888791,0.251188643150958,0.2511886431509574,7.809936530119585e+24,5.983746100421977e-05,1.3051918311789372e+29,6.37,1.2260496907566068e+24,0,0.000533630814711,4.238735401067517e-09,True
M1_dark_photon_massive,0.1,5.343777930616317,0.3162277660168379,1.6898509570888791,0.28183829312644537,0.2818382931264449,6.96061325923409e+24,5.983746100421977e-05,1.163253443982729e+29,6.37,1.0927179370854144e+24,0,0.0005135399488025,4.0791496683530775e-09,True
M1_dark_photon_massive,0.1,5.343777930616317,0.3162277660168379,1.6898509570888791,0.31622776601683794,0.3162277660168374,6.203653097278571e+24,5.983746100421977e-05,1.0367507232369176e+29,6.37,9.738858865429466e+23,0,0.0004942054914105,3.9255722385111404e-09,True
M1_dark_photon_massive,0.1,5.343777930616317,0.3162277660168379,1.6898509570888791,0.35481338923357547,0.3548133892335748,5.529011642805842e+24,5.983746100421977e-05,9.24005054695742e+28,6.37,8.679767100166157e+23,0,0.0004755989642283,3.7777769027021435e-09,True
M1_dark_photon_massive,0.1,5.343777930616317,0.3162277660168379,1.6898509570888791,0.3981071705534972,0.3981071705534966,4.927736813603107e+24,5.983746100421977e-05,8.235203718379027e+28,6.37,7.735850570805506e+23,0,0.0004576929611394,3.6355459687076374e-09,True
M1_dark_photon_massive,0.1,5.343777930616317,0.3162277660168379,1.6898509570888791,0.44668359215096315,0.4466835921509622,4.391850057999964e+24,5.983746100421977e-05,7.339633039727819e+28,6.37,6.894584078492878e+23,0,0.0004404611078505,3.4986699402848413e-09,True
M1_dark_photon_massive,0.1,5.343777930616317,0.3162277660168379,1.6898509570888791,0.5011872336272722,0.5011872336272715,3.914240484335212e+24,5.983746100421977e-05,6.541454832214853e+28,6.37,6.144804527998764e+23,0,0.0004238780230439,3.36694720859328e-09,True
M1_dark_photon_massive,0.1,5.343777930616317,0.3162277660168379,1.6898509570888791,0.5623413251903491,0.5623413251903485,3.488570503744845e+24,5.983746100421977e-05,5.830077755971011e+28,6.37,5.476562800227386e+23,0,0.0004079192809927,3.240183755239038e-09,True
M1_dark_photon_massive,0.1,5.343777930616317,0.3162277660168379,1.6898509570888791,0.6309573444801932,0.6309573444801924,3.109191734208306e+24,5.983746100421977e-05,5.196062269401844e+28,6.37,4.880991733451029e+23,0,0.0003925613755832,3.1181928664992e-09,True
M1_dark_photon_massive,0.1,5.343777930616317,0.3162277660168379,1.6898509570888791,0.7079457843841379,0.7079457843841368,2.7710700499508395e+24,5.983746100421977e-05,4.630995372205753e+28,6.37,4.350188461461286e+23,0,0.0003777816856921,3.0007948583055566e-09,True
M1_dark_photon_massive,0.1,5.343777930616317,0.3162277660168379,1.6898509570888791,0.7943282347242815,0.7943282347242804,2.4697187816530115e+24,5.983746100421977e-05,4.127378969971412e+28,6.37,3.877109547335968e+23,0,0.0003635584418676,2.8878168115825157e-09,True
M1_dark_photon_massive,0.1,5.343777930616317,0.3162277660168379,1.6898509570888791,0.8912509381337456,0.891250938133744,2.201139181074777e+24,5.983746100421977e-05,3.678530379020513e+28,6.37,3.455477521310482e+23,0,0.0003498706942636,2.779092317549365e-09,True
M1_dark_photon_massive,0.1,5.343777930616317,0.3162277660168379,1.6898509570888791,1.0,0.9999999999999982,1.96176736009584e+24,5.983746100421977e-05,3.278493651255515e+28,6.37,3.079697582568037e+23,0,0.0003366982817829,2.6744612326117477e-09,True
M1_dark_photon_massive,0.1,5.343777930616317,0.3162277660168379,1.6898509570888791,1.1220184543019633,1.1220184543019616,1.7484270000855783e+24,5.983746100421977e-05,2.921960542347006e+28,6.37,2.744783359631991e+23,0,0.0003240218023809,2.573769442481319e-09,True
M1_dark_photon_massive,0.1,5.343777930616317,0.3162277660168379,1.6898509570888791,1.2589254117941673,1.2589254117941655,1.5582872040846418e+24,5.983746100421977e-05,2.604200074556557e+28,6.37,2.4462907442459056e+23,0,0.0003118225844879,2.4768686351761566e-09,True
M1_dark_photon_massive,0.1,5.343777930616317,0.3162277660168379,1.6898509570888791,1.4125375446227544,1.4125375446227526,1.3888249325222483e+24,5.983746100421977e-05,2.320995759536501e+28,6.37,2.1802589207570617e+23,0,0.000300082659507,2.383616082567553e-09,True
M1_dark_photon_massive,0.1,5.343777930616317,0.3162277660168379,1.6898509570888791,1.5848931924611136,1.5848931924611114,1.2377915240139897e+24,5.983746100421977e-05,2.068589648091352e+28,6.37,1.9431578084991987e+23,0,0.0002887847353478,2.293874430151443e-09,True
M1_dark_photon_massive,0.1,5.343777930616317,0.3162277660168379,1.6898509570888791,1.7782794100389228,1.7782794100389194,1.1031828569914672e+24,5.983746100421977e-05,1.8436324644751728e+28,6.37,1.7318412197668244e+23,0,0.0002779121709561,2.2075114947348e-09,True
M1_dark_photon_massive,0.1,5.343777930616317,0.3162277660168379,1.6898509570888791,1.9952623149688795,1.995262314968876,9.832127562267108e+23,5.983746100421977e-05,1.6431391635373266e+28,6.37,1.5435051118158724e+23,0,0.0002674489518033,2.1244000697390158e-09,True
M1_dark_photon_massive,0.1,5.343777930616317,0.3162277660168379,1.6898509570888791,2.2387211385683394,2.2387211385683345,8.762892913721216e+23,5.983746100421977e-05,1.4644493209869402e+28,6.37,1.375650378920128e+23,0,0.0002573796662974,2.0444177378334846e-09,True
M1_dark_photon_massive,0.1,5.343777930616317,0.3162277660168379,1.6898509570888791,2.51188643150958,2.511886431509577,7.809936530119583e+23,5.983746100421977e-05,1.3051918311789368e+28,6.37,1.2260496907566064e+23,0,0.0002476894830834,1.967446690623417e-09,True
M1_dark_photon_massive,0.1,5.343777930616317,0.3162277660168379,1.6898509570888791,2.8183829312644537,2.81838293126445,6.960613259234086e+23,5.983746100421977e-05,1.1632534439827286e+28,6.37,1.0927179370854138e+23,0,0.0002383641291975,1.8933735551262917e-09,True
M1_dark_photon_massive,0.1,5.343777930616317,0.3162277660168379,1.6898509570888791,3.1622776601683795,3.162277660168374,6.20365309727857e+23,5.983746100421977e-05,1.0367507232369176e+28,6.37,9.738858865429466e+22,0,0.0002293898690441,1.8220892267813626e-09,True
M1_dark_photon_massive,0.1,5.343777930616317,0.3162277660168379,1.6898509570888791,3.548133892335755,3.5481338923357484,5.529011642805841e+23,5.983746100421977e-05,9.24005054695742e+27,6.37,8.679767100166156e+22,0,0.000220753484164,1.7534887087462535e-09,True
M1_dark_photon_massive,0.1,5.343777930616317,0.3162277660168379,1.6898509570888791,3.9810717055349722,3.981071705534967,4.927736813603108e+23,5.983746100421977e-05,8.235203718379028e+27,6.37,7.735850570805506e+22,0,0.0002124422537647,1.6874709572439323e-09,True
M1_dark_photon_massive,0.1,5.343777930616317,0.3162277660168379,1.6898509570888791,4.466835921509632,4.466835921509625,4.3918500579999625e+23,5.983746100421977e-05,7.339633039727817e+27,6.37,6.894584078492877e+22,0,0.0002044439359839,1.6239387327322806e-09,True
M1_dark_photon_massive,0.1,5.343777930616317,0.3162277660168379,1.6898509570888791,5.011872336272722,5.011872336272717,3.914240484335212e+23,5.983746100421977e-05,6.541454832214851e+27,6.37,6.144804527998763e+22,0,0.0001967467498574,1.562798456677028e-09,True
M1_dark_photon_massive,0.1,5.343777930616317,0.3162277660168379,1.6898509570888791,5.623413251903491,5.623413251903482,3.488570503744845e+23,5.983746100421977e-05,5.830077755971011e+27,6.37,5.476562800227386e+22,0,0.0001893393579671,1.5039600737171044e-09,True
M1_dark_photon_massive,0.1,5.343777930616317,0.3162277660168379,1.6898509570888791,6.309573444801933,6.30957344480192,3.1091917342083056e+23,5.983746100421977e-05,5.196062269401845e+27,6.37,4.880991733451029e+22,0,0.0001822108497414,1.447336919019371e-09,True
M1_dark_photon_massive,0.1,5.343777930616317,0.3162277660168379,1.6898509570888791,7.079457843841379,7.079457843841368,2.7710700499508394e+23,5.983746100421977e-05,4.630995372205753e+27,6.37,4.350188461461287e+22,0,0.0001753507253852,1.3928455906273712e-09,True
M1_dark_photon_massive,0.1,5.343777930616317,0.3162277660168379,1.6898509570888791,7.943282347242816,7.943282347242803,2.4697187816530103e+23,5.983746100421977e-05,4.127378969971411e+27,6.37,3.877109547335966e+22,0,0.0001687488804138,1.3404058266160663e-09,True
M1_dark_photon_massive,0.1,5.343777930616317,0.3162277660168379,1.6898509570888791,8.912509381337454,8.912509381337443,2.201139181074776e+23,5.983746100421977e-05,3.678530379020512e+27,6.37,3.455477521310481e+22,0,0.0001623955907702,1.2899403868716191e-09,True
M1_dark_photon_massive,0.1,5.343777930616317,0.3162277660168379,1.6898509570888791,10.0,9.999999999999986,1.96176736009584e+23,5.983746100421977e-05,3.278493651255515e+27,6.37,3.0796975825680373e+22,0,0.000156281498502,1.2413749393220954e-09,True
M1_dark_photon_massive,0.0999999999999999,5.343777930616317,0.3651741272548377,1.9514094420564765,0.1,0.0999999999999998,1.5655695873353889e+25,5.983746100421977e-05,2.616370349044362e+29,6.37,2.4577230570414266e+24,0,0.0008738630043292,9.256328530267984e-09,True
M1_dark_photon_massive,0.0999999999999999,5.343777930616317,0.3651741272548377,1.9514094420564765,0.11220184543019636,0.1122018454301962,1.3953153634263262e+25,5.983746100421977e-05,2.331842528091103e+29,6.37,2.1904479802611088e+24,0,0.0008409626096024,8.907833559249891e-09,True
M1_dark_photon_massive,0.0999999999999999,5.343777930616317,0.3651741272548377,1.9514094420564765,0.12589254117941673,0.1258925411794165,1.2435761266461414e+25,5.983746100421977e-05,2.0782568407413603e+29,6.37,1.952238817340881e+24,0,0.0008093008941282,8.572459205594049e-09,True
M1_dark_photon_massive,0.0999999999999999,5.343777930616317,0.3651741272548377,1.9514094420564765,0.14125375446227545,0.1412537544622752,1.108338389514103e+25,5.983746100421977e-05,1.8522483589936117e+29,6.37,1.739934677416174e+24,0,0.0007788312224088,8.249711486275494e-09,True
M1_dark_photon_massive,0.0999999999999999,5.343777930616317,0.3651741272548377,1.9514094420564765,0.15848931924611134,0.1584893192461111,9.878076294240891e+24,5.983746100421977e-05,1.650818087609747e+29,6.37,1.5507184135386013e+24,0,0.0007495087147435,7.939115016420729e-09,True
M1_dark_photon_massive,0.0999999999999999,5.343777930616317,0.3651741272548377,1.9514094420564765,0.1778279410038923,0.177827941003892,8.803844764198905e+24,5.983746100421977e-05,1.4712931692703427e+29,6.37,1.3820792408475518e+24,0,0.0007212901811242,7.640212309098961e-09,True
M1_dark_photon_massive,0.0999999999999999,5.343777930616317,0.3651741272548377,1.9514094420564765,0.19952623149688797,0.1995262314968877,7.846434905276138e+24,5.983746100421977e-05,1.3112914173819646e+29,6.37,1.2317794199805555e+24,0,0.0006941340576197,7.352563101475771e-09,True
M1_dark_photon_massive,0.0999999999999999,5.343777930616317,0.3651741272548377,1.9514094420564765,0.22387211385683395,0.2238721138568337,6.993142470332724e+24,5.983746100421977e-05,1.1686897059084046e+29,6.37,1.0978245636315108e+24,0,0.0006680003451545,7.075743706336681e-09,True
M1_dark_photon_massive,0.0999999999999999,5.343777930616317,0.3651741272548377,1.9514094420564765,0.251188643150958,0.2511886431509576,6.232644787186981e+24,5.983746100421977e-05,1.041595796778117e+29,6.37,9.78437172242854e+23,0,0.0006428505505936,6.8093463880254385e-09,True
M1_dark_photon_massive,0.0999999999999999,5.343777930616317,0.3651741272548377,1.9514094420564765,0.28183829312644537,0.281838293126445,5.554850513634796e+24,5.983746100421977e-05,9.28323231034663e+28,6.37,8.72033047666373e+23,0,0.0006186476300441,6.552978761877842e-09,True
M1_dark_photon_massive,0.0999999999999999,5.343777930616317,0.3651741272548377,1.9514094420564765,0.31622776601683794,0.3162277660168378,4.950765731469729e+24,5.983746100421977e-05,8.273689505509932e+28,6.37,7.77200271816284e+23,0,0.0005953559342927,6.306263216266512e-09,True
M1_dark_photon_massive,0.0999999999999999,5.343777930616317,0.3651741272548377,1.9514094420564765,0.35481338923357547,0.3548133892335748,4.412374602652795e+24,5.983746100421977e-05,7.373933533613052e+28,6.37,6.926804713740652e+23,0,0.0005729411562964,6.068836356405303e-09,True
M1_dark_photon_massive,0.0999999999999999,5.343777930616317,0.3651741272548377,1.9514094420564765,0.3981071705534972,0.3981071705534968,3.932533004011816e+24,5.983746100421977e-05,6.572025179568517e+28,6.37,6.173521199390605e+23,0,0.000551370280651,5.840348469094136e-09,True
M1_dark_photon_massive,0.0999999999999999,5.343777930616317,0.3651741272548377,1.9514094420564765,0.44668359215096315,0.4466835921509624,3.504873729067448e+24,5.983746100421977e-05,5.857323606729038e+28,6.37,5.502156560545444e+23,0,0.0005306115349618,5.6204630076158606e-09,True
M1_dark_photon_massive,0.0999999999999999,5.343777930616317,0.3651741272548377,1.9514094420564765,0.5011872336272722,0.5011872336272715,3.123721999071681e+24,5.983746100421977e-05,5.220345159450189e+28,6.37,4.9038021963448685e+23,0,0.0005106343430446,5.408856096026408e-09,True
M1_dark_photon_massive,0.0999999999999999,5.343777930616317,0.3651741272548377,1.9514094420564765,0.5623413251903491,0.562341325190348,2.7840201621416554e+24,5.983746100421977e-05,4.652637520741939e+28,6.37,4.370518307914687e+23,0,0.0004914092798893,5.2052160521081355e-09,True
M1_dark_photon_massive,0.0999999999999999,5.343777930616317,0.3651741272548377,1.9514094420564765,0.6309573444801932,0.6309573444801923,2.481260581292012e+24,5.983746100421977e-05,4.146667555157516e+28,6.37,3.8952285420596735e+23,0,0.0004729080283193,5.0092429282836494e-09,True
M1_dark_photon_massive,0.0999999999999999,5.343777930616317,0.3651741272548377,1.9514094420564765,0.7079457843841379,0.7079457843841369,2.211425820830789e+24,5.983746100421977e-05,3.695721348662901e+28,6.37,3.4716260923560264e+23,0,0.0004551033372818,4.820648069813964e-09,True
M1_dark_photon_massive,0.0999999999999999,5.343777930616317,0.3651741272548377,1.9514094420564765,0.7943282347242815,0.7943282347242803,1.970935337428629e+24,5.983746100421977e-05,3.2938151190767227e+28,6.37,3.094090011661898e+23,0,0.000437968981709,4.639153689630206e-09,True
M1_dark_photon_massive,0.0999999999999999,5.343777930616317,0.3651741272548377,1.9514094420564765,0.8912509381337456,0.8912509381337439,1.7565979684842155e+24,5.983746100421977e-05,2.9356158149162437e+28,6.37,2.757610625563918e+23,0,0.0004214797238905,4.464492459172633e-09,True
M1_dark_photon_massive,0.0999999999999999,5.343777930616317,0.3651741272548377,1.9514094420564765,1.0,0.9999999999999988,1.565569587335389e+24,5.983746100421977e-05,2.6163703490443622e+28,6.37,2.457723057041427e+23,0,0.0004056112763002,4.2964071146343255e-09,True
M1_dark_photon_massive,0.0999999999999999,5.343777930616317,0.3651741272548377,1.9514094420564765,1.1220184543019633,1.122018454301962,1.3953153634263262e+24,5.983746100421977e-05,2.331842528091103e+28,6.37,2.1904479802611087e+23,0,0.0003903402658216,4.134650078029548e-09,True
M1_dark_photon_massive,0.0999999999999999,5.343777930616317,0.3651741272548377,1.9514094420564765,1.2589254117941673,1.2589254117941655,1.243576126646141e+24,5.983746100421977e-05,2.07825684074136e+28,6.37,1.9522388173408807e+23,0,0.0003756441993218,3.978983092528642e-09,True
M1_dark_photon_massive,0.0999999999999999,5.343777930616317,0.3651741272548377,1.9514094420564765,1.4125375446227544,1.4125375446227526,1.1083383895141026e+24,5.983746100421977e-05,1.852248358993611e+28,6.37,1.7399346774161735e+23,0,0.0003615014305201,3.8291768715223404e-09,True
M1_dark_photon_massive,0.0999999999999999,5.343777930616317,0.3651741272548377,1.9514094420564765,1.5848931924611136,1.584893192461112,9.878076294240886e+23,5.983746100421977e-05,1.6508180876097466e+28,6.37,1.5507184135386008e+23,0,0.0003478911281049,3.685010760898598e-09,True
M1_dark_photon_massive,0.0999999999999999,5.343777930616317,0.3651741272548377,1.9514094420564765,1.7782794100389228,1.7782794100389203,8.803844764198907e+23,5.983746100421977e-05,1.471293169270343e+28,6.37,1.382079240847552e+23,0,0.00033479324505,3.546272414034463e-09,True
M1_dark_photon_massive,0.0999999999999999,5.343777930616317,0.3651741272548377,1.9514094420564765,1.9952623149688795,1.995262314968876,7.846434905276138e+23,5.983746100421977e-05,1.3112914173819643e+28,6.37,1.2317794199805556e+23,0,0.0003221884890878,3.412757479024328e-09,True
M1_dark_photon_massive,0.0999999999999999,5.343777930616317,0.3651741272548377,1.9514094420564765,2.2387211385683394,2.238721138568336,6.993142470332725e+23,5.983746100421977e-05,1.1686897059084048e+28,6.37,1.0978245636315113e+23,0,0.0003100582942919,3.2842692976838236e-09,True
M1_dark_photon_massive,0.0999999999999999,5.343777930616317,0.3651741272548377,1.9514094420564765,2.51188643150958,2.5118864315095784,6.232644787186978e+23,5.983746100421977e-05,1.041595796778117e+28,6.37,9.784371722428536e+22,0,0.0002983847937317,3.160618615886037e-09,True
M1_dark_photon_massive,0.0999999999999999,5.343777930616317,0.3651741272548377,1.9514094420564765,2.8183829312644537,2.81838293126445,5.554850513634792e+23,5.983746100421977e-05,9.283232310346626e+27,6.37,8.720330476663724e+22,0,0.0002871507931554,3.041623304803388e-09,True
M1_dark_photon_massive,0.0999999999999999,5.343777930616317,0.3651741272548377,1.9514094420564765,3.1622776601683795,3.162277660168374,4.950765731469729e+23,5.983746100421977e-05,8.273689505509931e+27,6.37,7.772002718162839e+22,0,0.0002763397456638,2.927108092644565e-09,True
M1_dark_photon_massive,0.0999999999999999,5.343777930616317,0.3651741272548377,1.9514094420564765,3.548133892335755,3.54813389233575,4.412374602652794e+23,5.983746100421977e-05,7.373933533613051e+27,6.37,6.92680471374065e+22,0,0.0002659357273382,2.8169043064914117e-09,True
M1_dark_photon_massive,0.0999999999999999,5.343777930616317,0.3651741272548377,1.9514094420564765,3.9810717055349722,3.981071705534967,3.932533004011816e+23,5.983746100421977e-05,6.572025179568516e+27,6.37,6.173521199390606e+22,0,0.0002559234137856,2.7108496238554834e-09,True
M1_dark_photon_massive,0.0999999999999999,5.343777930616317,0.3651741272548377,1.9514094420564765,4.466835921509632,4.4668359215096265,3.5048737290674466e+23,5.983746100421977e-05,5.857323606729037e+27,6.37,5.502156560545442e+22,0,0.0002462880575665,2.608787833588347e-09,True
M1_dark_photon_massive,0.0999999999999999,5.343777930616317,0.3651741272548377,1.9514094420564765,5.011872336272722,5.011872336272717,3.1237219990716805e+23,5.983746100421977e-05,5.220345159450188e+27,6.37,4.903802196344867e+22,0,0.0002370154664735,2.5105686057934584e-09,True
M1_dark_photon_massive,0.0999999999999999,5.343777930616317,0.3651741272548377,1.9514094420564765,5.623413251903491,5.623413251903481,2.7840201621416557e+23,5.983746100421977e-05,4.652637520741939e+27,6.37,4.370518307914687e+22,0,0.0002280919826268,2.416047270400711e-09,True
M1_dark_photon_massive,0.0999999999999999,5.343777930616317,0.3651741272548377,1.9514094420564765,6.309573444801933,6.309573444801924,2.4812605812920125e+23,5.983746100421977e-05,4.1466675551575166e+27,6.37,3.895228542059674e+22,0,0.0002195044623572,2.3250846040775163e-09,True
M1_dark_photon_massive,0.0999999999999999,5.343777930616317,0.3651741272548377,1.9514094420564765,7.079457843841379,7.07945784384137,2.2114258208307888e+23,5.983746100421977e-05,3.695721348662901e+27,6.37,3.4716260923560264e+22,0,0.0002112402568467,2.237546625162549e-09,True
M1_dark_photon_massive,0.0999999999999999,5.343777930616317,0.3651741272548377,1.9514094420564765,7.943282347242816,7.943282347242802,1.9709353374286285e+23,5.983746100421977e-05,3.2938151190767216e+27,6.37,3.0940900116618973e+22,0,0.0002032871934969,2.153304396320108e-09,True
M1_dark_photon_massive,0.0999999999999999,5.343777930616317,0.3651741272548377,1.9514094420564765,8.912509381337454,8.912509381337443,1.756597968484215e+23,5.983746100421977e-05,2.9356158149162423e+27,6.37,2.757610625563917e+22,0,0.0001956335580004,2.0722338346244143e-09,True
M1_dark_photon_massive,0.0999999999999999,5.343777930616317,0.3651741272548377,1.9514094420564765,10.0,9.999999999999982,1.565569587335389e+23,5.983746100421977e-05,2.6163703490443624e+27,6.37,2.457723057041427e+22,0,0.0001882680770862,1.9942155287941182e-09,True
M1_dark_photon_massive,0.1,5.343777930616317,0.4216965034285822,2.253452468439725,0.1,0.0999999999999998,1.2764373330893191e+25,5.983746100421977e-05,2.133174288593736e+29,6.37,2.003826268586059e+24,0,0.0010526155947007,1.4868433225375865e-08,True
M1_dark_photon_massive,0.1,5.343777930616317,0.4216965034285822,2.253452468439725,0.11220184543019636,0.1122018454301961,1.137625970584792e+25,5.983746100421977e-05,1.9011935859119524e+29,6.37,1.7859120417343672e+24,0,0.0010129852769166,1.4308646027998617e-08,True
M1_dark_photon_massive,0.1,5.343777930616317,0.4216965034285822,2.253452468439725,0.12589254117941673,0.1258925411794165,1.0139102135290087e+25,5.983746100421977e-05,1.6944405670178873e+29,6.37,1.591695782620108e+24,0,0.0009748470157727,1.3769934467952989e-08,True
M1_dark_photon_massive,0.1,5.343777930616317,0.4216965034285822,2.253452468439725,0.14125375446227545,0.1412537544622752,9.036484289911152e+24,5.983746100421977e-05,1.5101717449665678e+29,6.37,1.4186003594836972e+24,0,0.0009381446362712,1.3251505060695191e-08,True
M1_dark_photon_massive,0.1,5.343777930616317,0.4216965034285822,2.253452468439725,0.15848931924611134,0.1584893192461111,8.053775100814168e+24,5.983746100421977e-05,1.3459419844445292e+29,6.37,1.264328901226714e+24,0,0.0009028240783676,1.2752594195877456e-08,True
M1_dark_photon_massive,0.1,5.343777930616317,0.4216965034285822,2.253452468439725,0.1778279410038923,0.1778279410038919,7.177934614118828e+24,5.983746100421977e-05,1.1995720563097815e+29,6.37,1.1268343193279164e+24,0,0.0008688333173443,1.2272467012603305e-08,True
M1_dark_photon_massive,0.1,5.343777930616317,0.4216965034285822,2.253452468439725,0.19952623149688797,0.1995262314968876,6.39734095869609e+24,5.983746100421977e-05,1.0691197205451191e+29,6.37,1.004292144222306e+24,0,0.0008361222871818,1.1810416317028666e-08,True
M1_dark_photon_massive,0.1,5.343777930616317,0.4216965034285822,2.253452468439725,0.22387211385683395,0.2238721138568337,5.701636130999325e+24,5.983746100421977e-05,9.528539539131252e+28,6.37,8.950763156984811e+23,0,0.0008046428068148,1.136576154071474e-08,True
M1_dark_photon_massive,0.1,5.343777930616317,0.4216965034285822,2.253452468439725,0.251188643150958,0.2511886431509576,5.081588550650408e+24,5.983746100421977e-05,8.492319803295216e+28,6.37,7.97737606067568e+23,0,0.000774348509165,1.0937847738198138e-08,True
M1_dark_photon_massive,0.1,5.343777930616317,0.4216965034285822,2.253452468439725,0.28183829312644537,0.2818382931264448,4.5289705629768767e+24,5.983746100421977e-05,7.568787991618648e+28,6.37,7.109843897922883e+23,0,0.0007451947728453,1.0526044622301896e-08,True
M1_dark_photon_massive,0.1,5.343777930616317,0.4216965034285822,2.253452468439725,0.31622776601683794,0.3162277660168374,4.036449263033259e+24,5.983746100421977e-05,6.7456893980655465e+28,6.37,6.336655044008256e+23,0,0.0007171386564363,1.0129745635766458e-08,True
M1_dark_photon_massive,0.1,5.343777930616317,0.4216965034285822,2.253452468439725,0.35481338923357547,0.3548133892335749,3.597489192407658e+24,5.983746100421977e-05,6.01210200438478e+28,6.37,5.647549752602288e+23,0,0.0006901388352357,9.748367057833157e-09,True
M1_dark_photon_massive,0.1,5.343777930616317,0.4216965034285822,2.253452468439725,0.3981071705534972,0.3981071705534967,3.206265617659335e+24,5.983746100421977e-05,5.358291551563706e+28,6.37,5.033384015163791e+23,0,0.0006641555403907,9.381347144464231e-09,True
M1_dark_photon_massive,0.1,5.343777930616317,0.4216965034285822,2.253452468439725,0.44668359215096315,0.4466835921509621,2.857587239644856e+24,5.983746100421977e-05,4.775582372125276e+28,6.37,4.486008225502128e+23,0,0.0006391505003208,9.028145300933073e-09,True
M1_dark_photon_massive,0.1,5.343777930616317,0.4216965034285822,2.253452468439725,0.5011872336272722,0.5011872336272717,2.546827308132498e+24,5.983746100421977e-05,4.25624226929163e+28,6.37,3.998159039454471e+23,0,0.0006150868843464,8.6882412855659e-09,True
M1_dark_photon_massive,0.1,5.343777930616317,0.4216965034285822,2.253452468439725,0.5623413251903491,0.5623413251903483,2.2698622276377307e+24,5.983746100421977e-05,3.793379915430668e+28,6.37,3.563362994721712e+23,0,0.00059192924844,8.361134443462079e-09,True
M1_dark_photon_massive,0.1,5.343777930616317,0.4216965034285822,2.253452468439725,0.6309573444801932,0.6309573444801925,2.0230168398164803e+24,5.983746100421977e-05,3.3808534083252904e+28,6.37,3.175850611956798e+23,0,0.0005696434830196,8.046342969064365e-09,True
M1_dark_photon_massive,0.1,5.343777930616317,0.4216965034285822,2.253452468439725,0.7079457843841379,0.7079457843841368,1.803015656346804e+24,5.983746100421977e-05,3.0131887718625863e+28,6.37,2.8304798372791263e+23,0,0.0005481967627075,7.743403196492949e-09,True
M1_dark_photon_massive,0.1,5.343777930616317,0.4216965034285822,2.253452468439725,0.7943282347242815,0.7943282347242799,1.60693939518892e+24,5.983746100421977e-05,2.685507319696599e+28,6.37,2.522667810343673e+23,0,0.0005275574979809,7.45186891659795e-09,True
M1_dark_photon_massive,0.1,5.343777930616317,0.4216965034285822,2.253452468439725,0.8912509381337456,0.891250938133744,1.4321862434861982e+24,5.983746100421977e-05,2.3934609180446337e+28,6.37,2.2483300525686e+23,0,0.0005076952886429,7.171310719724484e-09,True
M1_dark_photon_massive,0.1,5.343777930616317,0.4216965034285822,2.253452468439725,1.0,0.9999999999999982,1.2764373330893193e+24,5.983746100421977e-05,2.133174288593736e+28,6.37,2.0038262685860584e+23,0,0.0004885808790449,6.901315363222185e-09,True
M1_dark_photon_massive,0.1,5.343777930616317,0.4216965034285822,2.253452468439725,1.1220184543019633,1.1220184543019622,1.137625970584792e+24,5.983746100421977e-05,1.9011935859119524e+28,6.37,1.785912041734367e+23,0,0.000470186114995,6.641485162767621e-09,True
M1_dark_photon_massive,0.1,5.343777930616317,0.4216965034285822,2.253452468439725,1.2589254117941673,1.2589254117941655,1.0139102135290083e+24,5.983746100421977e-05,1.694440567017887e+28,6.37,1.5916957826201075e+23,0,0.0004524839022891,6.391437406603032e-09,True
M1_dark_photon_massive,0.1,5.343777930616317,0.4216965034285822,2.253452468439725,1.4125375446227544,1.4125375446227524,9.03648428991115e+23,5.983746100421977e-05,1.5101717449665671e+28,6.37,1.418600359483697e+23,0,0.000435448166803,6.150803791828603e-09,True
M1_dark_photon_massive,0.1,5.343777930616317,0.4216965034285822,2.253452468439725,1.5848931924611136,1.584893192461111,8.053775100814166e+23,5.983746100421977e-05,1.3459419844445286e+28,6.37,1.2643289012267135e+23,0,0.0004190538160867,5.919229881917994e-09,True
M1_dark_photon_massive,0.1,5.343777930616317,0.4216965034285822,2.253452468439725,1.7782794100389228,1.77827941003892,7.177934614118829e+23,5.983746100421977e-05,1.1995720563097815e+28,6.37,1.1268343193279163e+23,0,0.0004032767024056,5.6963745846580674e-09,True
M1_dark_photon_massive,0.1,5.343777930616317,0.4216965034285822,2.253452468439725,1.9952623149688795,1.9952623149688768,6.39734095869609e+23,5.983746100421977e-05,1.069119720545119e+28,6.37,1.0042921442223062e+23,0,0.0003880935871718,5.481909649743842e-09,True
M1_dark_photon_massive,0.1,5.343777930616317,0.4216965034285822,2.253452468439725,2.2387211385683394,2.2387211385683354,5.701636130999325e+23,5.983746100421977e-05,9.528539539131252e+27,6.37,8.95076315698481e+22,0,0.0003734821067158,5.275519185288713e-09,True
M1_dark_photon_massive,0.1,5.343777930616317,0.4216965034285822,2.253452468439725,2.51188643150958,2.511886431509576,5.081588550650406e+23,5.983746100421977e-05,8.492319803295214e+27,6.37,7.977376060675676e+22,0,0.0003594207393464,5.0768991925377265e-09,True
M1_dark_photon_massive,0.1,5.343777930616317,0.4216965034285822,2.253452468439725,2.8183829312644537,2.8183829312644497,4.528970562976875e+23,5.983746100421977e-05,7.568787991618644e+27,6.37,7.10984389792288e+22,0,0.0003458887736505,4.885757118098631e-09,True
M1_dark_photon_massive,0.1,5.343777930616317,0.4216965034285822,2.253452468439725,3.1622776601683795,3.162277660168374,4.036449263033259e+23,5.983746100421977e-05,6.745689398065546e+27,6.37,6.336655044008256e+22,0,0.0003328662779866,4.7018114230311385e-09,True
M1_dark_photon_massive,0.1,5.343777930616317,0.4216965034285822,2.253452468439725,3.548133892335755,3.548133892335748,3.5974891924076575e+23,5.983746100421977e-05,6.012102004384779e+27,6.37,5.647549752602288e+22,0,0.0003203340711272,4.524791168159704e-09,True
M1_dark_photon_massive,0.1,5.343777930616317,0.4216965034285822,2.253452468439725,3.9810717055349722,3.9810717055349674,3.206265617659335e+23,5.983746100421977e-05,5.358291551563706e+27,6.37,5.033384015163791e+22,0,0.0003082736940059,4.354435614999031e-09,True
M1_dark_photon_massive,0.1,5.343777930616317,0.4216965034285822,2.253452468439725,4.466835921509632,4.466835921509626,2.857587239644855e+23,5.983746100421977e-05,4.7755823721252753e+27,6.37,4.486008225502127e+22,0,0.0002966673825287,4.190493841704463e-09,True
M1_dark_photon_massive,0.1,5.343777930616317,0.4216965034285822,2.253452468439725,5.011872336272722,5.011872336272717,2.546827308132497e+23,5.983746100421977e-05,4.256242269291629e+27,6.37,3.9981590394544696e+22,0,0.0002854980414083,4.032724373481622e-09,True
M1_dark_photon_massive,0.1,5.343777930616317,0.4216965034285822,2.253452468439725,5.623413251903491,5.6234132519034805,2.2698622276377305e+23,5.983746100421977e-05,3.793379915430668e+27,6.37,3.563362994721712e+22,0,0.0002747492189848,3.880894826910879e-09,True
M1_dark_photon_massive,0.1,5.343777930616317,0.4216965034285822,2.253452468439725,6.309573444801933,6.309573444801923,2.0230168398164805e+23,5.983746100421977e-05,3.3808534083252904e+27,6.37,3.1758506119567984e+22,0,0.0002644050829924,3.734781567662786e-09,True
M1_dark_photon_massive,0.1,5.343777930616317,0.4216965034285822,2.253452468439725,7.079457843841379,7.079457843841368,1.8030156563468035e+23,5.983746100421977e-05,3.013188771862586e+27,6.37,2.830479837279126e+22,0,0.0002544503972405,3.5941693811003164e-09,True
M1_dark_photon_massive,0.1,5.343777930616317,0.4216965034285822,2.253452468439725,7.943282347242816,7.943282347242803,1.6069393951889195e+23,5.983746100421977e-05,2.6855073196965983e+27,6.37,2.5226678103436727e+22,0,0.0002448704991717,3.4588511552827206e-09,True
M1_dark_photon_massive,0.1,5.343777930616317,0.4216965034285822,2.253452468439725,8.912509381337454,8.912509381337443,1.432186243486198e+23,5.983746100421977e-05,2.3934609180446327e+27,6.37,2.2483300525685994e+22,0,0.0002356512782643,3.328627575904078e-09,True
M1_dark_photon_massive,0.1,5.343777930616317,0.4216965034285822,2.253452468439725,10.0,9.99999999999998,1.2764373330893192e+23,5.983746100421977e-05,2.133174288593736e+27,6.37,2.0038262685860584e+22,0,0.0002267791552491,3.203306832717241e-09,True
M1_dark_photon_massive,0.1,5.343777930616317,0.4869675251658631,2.6022463139081853,0.1,0.0999999999999998,1.0694366237632689e+25,5.983746100421977e-05,1.7872359652556973e+29,6.37,1.6788644015121956e+24,0,0.0012678038562224,2.388072322887044e-08,True
M1_dark_photon_massive,0.1,5.343777930616317,0.4869675251658631,2.6022463139081853,0.11220184543019636,0.1122018454301962,9.531363942035986e+24,5.983746100421977e-05,1.5928757307005104e+29,6.37,1.4962894728470935e+24,0,0.0012200718351856,2.2981628958142856e-08,True
M1_dark_photon_massive,0.1,5.343777930616317,0.4869675251658631,2.6022463139081853,0.12589254117941673,0.1258925411794166,8.494837055033728e+24,5.983746100421977e-05,1.4196519893173051e+29,6.37,1.33356939639462e+24,0,0.0011741368948415,2.2116385023517226e-08,True
M1_dark_photon_massive,0.1,5.343777930616317,0.4869675251658631,2.6022463139081853,0.14125375446227545,0.1412537544622752,7.571031494592113e+24,5.983746100421977e-05,1.2652661673024863e+29,6.37,1.1885449756031574e+24,0,0.0011299313762278,2.128371698104311e-08,True
M1_dark_photon_massive,0.1,5.343777930616317,0.4869675251658631,2.6022463139081853,0.15848931924611134,0.1584893192461111,6.747688922195356e+24,5.983746100421977e-05,1.1276696585972298e+29,6.37,1.059291824520464e+24,0,0.0010873901676997,2.0482398368786478e-08,True
M1_dark_photon_massive,0.1,5.343777930616317,0.4869675251658631,2.6022463139081853,0.1778279410038923,0.177827941003892,6.013884082141292e+24,5.983746100421977e-05,1.0050366411297414e+29,6.37,9.440948323612703e+23,0,0.0010464506090249,1.9711248900336853e-08,True
M1_dark_photon_massive,0.1,5.343777930616317,0.4869675251658631,2.6022463139081853,0.19952623149688797,0.1995262314968877,5.359879830036026e+24,5.983746100421977e-05,8.957398492656706e+28,6.37,8.414254050292034e+23,0,0.0010070523990898,1.89691327263278e-08,True
M1_dark_photon_massive,0.1,5.343777930616317,0.4869675251658631,2.6022463139081853,0.22387211385683395,0.2238721138568335,4.776997926803748e+24,5.983746100421977e-05,7.983289809818087e+28,6.37,7.499211816018444e+23,0,0.0009691375070798,1.825495676141004e-08,True
M1_dark_photon_massive,0.1,5.343777930616317,0.4869675251658631,2.6022463139081853,0.251188643150958,0.2511886431509577,4.257503883726799e+24,5.983746100421977e-05,7.115114532393942e+28,6.37,6.683679566290107e+23,0,0.0009326500870041,1.7567669074212976e-08,True
M1_dark_photon_massive,0.1,5.343777930616317,0.4869675251658631,2.6022463139081853,0.28183829312644537,0.281838293126445,3.794504330479575e+24,5.983746100421977e-05,6.341352501925147e+28,6.37,5.956835683641405e+23,0,0.0008975363954386,1.690625733792319e-08,True
M1_dark_photon_massive,0.1,5.343777930616317,0.4869675251658631,2.6022463139081853,0.31622776601683794,0.3162277660168376,3.3818555442924806e+24,5.983746100421977e-05,5.651736366377562e+28,6.37,5.3090353913539725e+23,0,0.0008637447123654,1.6269747339197664e-08,True
M1_dark_photon_massive,0.1,5.343777930616317,0.4869675251658631,2.6022463139081853,0.35481338923357547,0.3548133892335749,3.014081926483482e+24,5.983746100421977e-05,5.037115338618607e+28,6.37,4.731682773129485e+23,0,0.0008312252649929,1.5657201543215507e-08,True
M1_dark_photon_massive,0.1,5.343777930616317,0.4869675251658631,2.6022463139081853,0.3981071705534972,0.398107170553497,2.68630334459037e+24,5.983746100421977e-05,4.489333771031713e+28,6.37,4.217116710502936e+23,0,0.0007999301544438,1.506771771275456e-08,True
M1_dark_photon_massive,0.1,5.343777930616317,0.4869675251658631,2.6022463139081853,0.44668359215096315,0.4466835921509624,2.394170375977986e+24,5.983746100421977e-05,4.00112293502752e+28,6.37,3.758509224455237e+23,0,0.0007698132852038,1.4500427579258929e-08,True
M1_dark_photon_massive,0.1,5.343777930616317,0.4869675251658631,2.6022463139081853,0.5011872336272722,0.5011872336272718,2.133806593642402e+24,5.983746100421977e-05,3.5660045694317223e+28,6.37,3.349774872280066e+23,0,0.0007408302972254,1.3954495563939946e-08,True
M1_dark_photon_massive,0.1,5.343777930616317,0.4869675251658631,2.6022463139081853,0.5623413251903491,0.5623413251903482,1.901757128379763e+24,5.983746100421977e-05,3.178204917895246e+28,6.37,2.9854899974564567e+23,0,0.0007129385005895,1.3429117547026958e-08,True
M1_dark_photon_massive,0.1,5.343777930616317,0.4869675251658631,2.6022463139081853,0.6309573444801932,0.6309573444801928,1.6949428247710013e+24,5.983746100421977e-05,2.832578114655421e+28,6.37,2.66082076102198e+23,0,0.0006860968126257,1.2923519683354952e-08,True
M1_dark_photon_massive,0.1,5.343777930616317,0.4869675251658631,2.6022463139081853,0.7079457843841379,0.7079457843841369,1.5106193826602156e+24,5.983746100421977e-05,2.5245379020237605e+28,6.37,2.3714589994665863e+23,0,0.0006602656974,1.2436957262544668e-08,True
M1_dark_photon_massive,0.1,5.343777930616317,0.4869675251658631,2.6022463139081853,0.7943282347242815,0.7943282347242805,1.346340941958937e+24,5.983746100421977e-05,2.249996773532875e+28,6.37,2.113565058020309e+23,0,0.0006354071074821,1.1968713612096118e-08,True
M1_dark_photon_massive,0.1,5.343777930616317,0.4869675251658631,2.6022463139081853,0.8912509381337456,0.8912509381337446,1.199927627568773e+24,5.983746100421977e-05,2.005311735209075e+28,6.37,1.8837168407673047e+23,0,0.0006114844279032,1.1518099041780029e-08,True
M1_dark_photon_massive,0.1,5.343777930616317,0.4869675251658631,2.6022463139081853,1.0,0.9999999999999984,1.0694366237632688e+24,5.983746100421977e-05,1.7872359652556974e+28,6.37,1.6788644015121956e+23,0,0.0005884624222253,1.1084449827772236e-08,True
M1_dark_photon_massive,0.1,5.343777930616317,0.4869675251658631,2.6022463139081853,1.1220184543019633,1.122018454301962,9.531363942035986e+23,5.983746100421977e-05,1.5928757307005103e+28,6.37,1.4962894728470936e+23,0,0.0005663071806403,1.0667127235034796e-08,True
M1_dark_photon_massive,0.1,5.343777930616317,0.4869675251658631,2.6022463139081853,1.2589254117941673,1.258925411794166,8.494837055033727e+23,5.983746100421977e-05,1.419651989317305e+28,6.37,1.3335693963946196e+23,0,0.0005449860700229,1.0265516576503848e-08,True
M1_dark_photon_massive,0.1,5.343777930616317,0.4869675251658631,2.6022463139081853,1.4125375446227544,1.4125375446227526,7.571031494592112e+23,5.983746100421977e-05,1.265266167302486e+28,6.37,1.1885449756031572e+23,0,0.0005244676858648,9.879026307698438e-09,True
M1_dark_photon_massive,0.1,5.343777930616317,0.4869675251658631,2.6022463139081853,1.5848931924611136,1.5848931924611118,6.747688922195354e+23,5.983746100421977e-05,1.1276696585972292e+28,6.37,1.0592918245204635e+23,0,0.0005047218060175,9.507087155416791e-09,True
M1_dark_photon_massive,0.1,5.343777930616317,0.4869675251658631,2.6022463139081853,1.7782794100389228,1.7782794100389203,6.013884082141293e+23,5.983746100421977e-05,1.0050366411297416e+28,6.37,9.440948323612703e+22,0,0.0004857193461777,9.149151279236569e-09,True
M1_dark_photon_massive,0.1,5.343777930616317,0.4869675251658631,2.6022463139081853,1.9952623149688795,1.9952623149688773,5.359879830036026e+23,5.983746100421977e-05,8.957398492656706e+27,6.37,8.414254050292034e+22,0,0.0004674323170478,8.804691464584187e-09,True
M1_dark_photon_massive,0.1,5.343777930616317,0.4869675251658631,2.6022463139081853,2.2387211385683394,2.2387211385683363,4.776997926803749e+23,5.983746100421977e-05,7.983289809818087e+27,6.37,7.499211816018444e+22,0,0.0004498337831097,8.473200346184496e-09,True
M1_dark_photon_massive,0.1,5.343777930616317,0.4869675251658631,2.6022463139081853,2.51188643150958,2.511886431509577,4.2575038837267976e+23,5.983746100421977e-05,7.11511453239394e+27,6.37,6.683679566290106e+22,0,0.0004328978229506,8.154189660747149e-09,True
M1_dark_photon_massive,0.1,5.343777930616317,0.4869675251658631,2.6022463139081853,2.8183829312644537,2.81838293126445,3.7945043304795726e+23,5.983746100421977e-05,6.341352501925144e+27,6.37,5.9568356836414014e+22,0,0.0004165994910829,7.847189527788838e-09,True
M1_dark_photon_massive,0.1,5.343777930616317,0.4869675251658631,2.6022463139081853,3.1622776601683795,3.162277660168374,3.381855544292481e+23,5.983746100421977e-05,5.651736366377561e+27,6.37,5.309035391353973e+22,0,0.0004009147812007,7.55174775753211e-09,True
M1_dark_photon_massive,0.1,5.343777930616317,0.4869675251658631,2.6022463139081853,3.548133892335755,3.5481338923357497,3.0140819264834816e+23,5.983746100421977e-05,5.037115338618608e+27,6.37,4.7316827731294845e+22,0,0.0003858205908208,7.267429184861385e-09,True
M1_dark_photon_massive,0.1,5.343777930616317,0.4869675251658631,2.6022463139081853,3.9810717055349722,3.981071705534968,2.68630334459037e+23,5.983746100421977e-05,4.489333771031713e+27,6.37,4.217116710502936e+22,0,0.0003712946872536,6.993815028355105e-09,True
M1_dark_photon_massive,0.1,5.343777930616317,0.4869675251658631,2.6022463139081853,4.466835921509632,4.466835921509626,2.394170375977985e+23,5.983746100421977e-05,4.001122935027519e+27,6.37,3.758509224455236e+22,0,0.0003573156748568,6.7305022734499005e-09,True
M1_dark_photon_massive,0.1,5.343777930616317,0.4869675251658631,2.6022463139081853,5.011872336272722,5.011872336272717,2.1338065936424016e+23,5.983746100421977e-05,3.5660045694317216e+27,6.37,3.349774872280065e+22,0,0.0003438629635203,6.477103078828271e-09,True
M1_dark_photon_massive,0.1,5.343777930616317,0.4869675251658631,2.6022463139081853,5.623413251903491,5.623413251903483,1.9017571283797627e+23,5.983746100421977e-05,3.178204917895246e+27,6.37,2.985489997456456e+22,0,0.0003309167383389,6.2332442051553754e-09,True
M1_dark_photon_massive,0.1,5.343777930616317,0.4869675251658631,2.6022463139081853,6.309573444801933,6.309573444801924,1.6949428247710015e+23,5.983746100421977e-05,2.8325781146554216e+27,6.37,2.66082076102198e+22,0,0.000318457930426,5.998566465323531e-09,True
M1_dark_photon_massive,0.1,5.343777930616317,0.4869675251658631,2.6022463139081853,7.079457843841379,7.079457843841368,1.5106193826602156e+23,5.983746100421977e-05,2.5245379020237605e+27,6.37,2.3714589994665864e+22,0,0.0003064681888269,5.772724195394669e-09,True
M1_dark_photon_massive,0.1,5.343777930616317,0.4869675251658631,2.6022463139081853,7.943282347242816,7.943282347242806,1.3463409419589364e+23,5.983746100421977e-05,2.249996773532874e+27,6.37,2.1135650580203087e+22,0,0.0002949298534887,5.555384745461461e-09,True
M1_dark_photon_massive,0.1,5.343777930616317,0.4869675251658631,2.6022463139081853,8.912509381337454,8.912509381337445,1.1999276275687726e+23,5.983746100421977e-05,2.0053117352090743e+27,6.37,1.883716840767304e+22,0,0.0002838259292483,5.346227989677223e-09,True
M1_dark_photon_massive,0.1,5.343777930616317,0.4869675251658631,2.6022463139081853,10.0,9.999999999999984,1.0694366237632686e+23,5.983746100421977e-05,1.7872359652556974e+27,6.37,1.6788644015121956e+22,0,0.0002731400608001,5.14494585473287e-09,True
M1_dark_photon_massive,0.1,5.343777930616317,0.5623413251903491,3.0050271630257206,0.1,0.0999999999999998,9.277713002913588e+24,5.983746100421977e-05,1.5504857404058835e+29,6.37,1.456469859170108e+24,0,0.0015268225801463,3.835164361235744e-08,True
M1_dark_photon_massive,0.1,5.343777930616317,0.5623413251903491,3.0050271630257206,0.11220184543019636,0.1122018454301961,8.268770417582385e+24,5.983746100421977e-05,1.3818718706997389e+29,6.37,1.298080128348883e+24,0,0.0014693386664026,3.6907728253748434e-08,True
M1_dark_photon_massive,0.1,5.343777930616317,0.5623413251903491,3.0050271630257206,0.12589254117941673,0.1258925411794165,7.369549391882863e+24,5.983746100421977e-05,1.231594601141776e+29,6.37,1.1569151321637148e+24,0,0.0014140189860034,3.5518175403925244e-08,True
M1_dark_photon_massive,0.1,5.343777930616317,0.5623413251903491,3.0050271630257206,0.14125375446227545,0.1412537544622752,6.568117809138575e+24,5.983746100421977e-05,1.097659843668064e+29,6.37,1.031101696882037e+24,0,0.0013607820569192,3.4180938348484634e-08,True
M1_dark_photon_massive,0.1,5.343777930616317,0.5623413251903491,3.0050271630257206,0.15848931924611134,0.1584893192461111,5.853841159167718e+24,5.983746100421977e-05,9.782903654209026e+28,6.37,9.189703546574124e+23,0,0.0013095494648675,3.289404743053864e-08,True
M1_dark_photon_massive,0.1,5.343777930616317,0.5623413251903491,3.0050271630257206,0.1778279410038923,0.177827941003892,5.21724142479416e+24,5.983746100421977e-05,8.719022059485841e+28,6.37,8.190331907055196e+23,0,0.0012602457478145,3.165560714954729e-08,True
M1_dark_photon_massive,0.1,5.343777930616317,0.5623413251903491,3.0050271630257206,0.19952623149688797,0.1995262314968876,4.649871314318034e+24,5.983746100421977e-05,7.770836590125578e+28,6.37,7.299640995789693e+23,0,0.0012127982848248,3.046379336937865e-08,True
M1_dark_photon_massive,0.1,5.343777930616317,0.5623413251903491,3.0050271630257206,0.22387211385683395,0.2238721138568337,4.14420217108714e+24,5.983746100421977e-05,6.925765401033457e+28,6.37,6.505811885537112e+23,0,0.0011671371890957,2.931685063148348e-08,True
M1_dark_photon_massive,0.1,5.343777930616317,0.5623413251903491,3.0050271630257206,0.251188643150958,0.2511886431509575,3.6935240727973193e+24,5.983746100421977e-05,6.172594910965306e+28,6.37,5.798310946306624e+23,0,0.0011231952050187,2.821308956922733e-08,True
M1_dark_photon_massive,0.1,5.343777930616317,0.5623413251903491,3.0050271630257206,0.28183829312644537,0.281838293126445,3.2918567949001834e+24,5.983746100421977e-05,5.501331005117413e+28,6.37,5.167750070486944e+23,0,0.0010809076091171,2.7150884419571297e-08,True
M1_dark_photon_massive,0.1,5.343777930616317,0.5623413251903491,3.0050271630257206,0.31622776601683794,0.3162277660168375,2.9338704566567333e+24,5.983746100421977e-05,4.903066419295155e+28,6.37,4.605762098362218e+23,0,0.0010402121147123,2.6128670628436543e-08,True
M1_dark_photon_massive,0.1,5.343777930616317,0.5623413251903491,3.0050271630257206,0.35481338923357547,0.3548133892335749,2.614814796858194e+24,5.983746100421977e-05,4.369862545928872e+28,6.37,4.104889790986175e+23,0,0.0010010487801802,2.514494254622525e-08,True
M1_dark_photon_massive,0.1,5.343777930616317,0.5623413251903491,3.0050271630257206,0.3981071705534972,0.3981071705534968,2.330456140745864e+24,5.983746100421977e-05,3.894644093574624e+28,6.37,3.658486877152063e+23,0,0.0009633599206615,2.4198251210103813e-08,True
M1_dark_photon_massive,0.1,5.343777930616317,0.5623413251903491,3.0050271630257206,0.44668359215096315,0.4466835921509623,2.0770212217193e+24,5.983746100421977e-05,3.4711052020954347e+28,6.37,3.2606298614117734e+23,0,0.0009270900230954,2.3287202209781715e-08,True
M1_dark_photon_massive,0.1,5.343777930616317,0.5623413251903491,3.0050271630257206,0.5011872336272722,0.5011872336272715,1.851147112381024e+24,5.983746100421977e-05,3.0936257677284804e+28,6.37,2.906039422890148e+23,0,0.0008921856644533,2.2410453633642384e-08,True
M1_dark_photon_massive,0.1,5.343777930616317,0.5623413251903491,3.0050271630257206,0.5623413251903491,0.5623413251903483,1.649836600533162e+24,5.983746100421977e-05,2.7571968677227373e+28,6.37,2.590010361904493e+23,0,0.00085859543305,2.1566714092201067e-08,True
M1_dark_photon_massive,0.1,5.343777930616317,0.5623413251903491,3.0050271630257206,0.6309573444801932,0.6309573444801925,1.4704184179925698e+24,5.983746100421977e-05,2.457354294977314e+28,6.37,2.3083491648235006e+23,0,0.0008262698528182,2.075474081597818e-08,True
M1_dark_photon_massive,0.1,5.343777930616317,0.5623413251903491,3.0050271630257206,0.7079457843841379,0.7079457843841371,1.310511794485016e+24,5.983746100421977e-05,2.19011932072552e+28,6.37,2.0573183586891933e+23,0,0.0007951613104335,1.9973337824986583e-08,True
M1_dark_photon_massive,0.1,5.343777930616317,0.5623413251903491,3.0050271630257206,0.7943282347242815,0.7943282347242802,1.1679948662701088e+24,5.983746100421977e-05,1.951945899221461e+28,6.37,1.833586917221521e+23,0,0.0007652239851832,1.9221354167136476e-08,True
M1_dark_photon_massive,0.1,5.343777930616317,0.5623413251903491,3.0050271630257206,0.8912509381337456,0.8912509381337443,1.040976520298633e+24,5.983746100421977e-05,1.7396736138674446e+28,6.37,1.634186060123443e+23,0,0.0007364137814759,1.849768222296329e-08,True
M1_dark_photon_massive,0.1,5.343777930616317,0.5623413251903491,3.0050271630257206,1.0,0.9999999999999984,9.277713002913588e+23,5.983746100421977e-05,1.5504857404058837e+28,6.37,1.4564698591701082e+23,0,0.0007086882638915,1.7801256074181515e-08,True
M1_dark_photon_massive,0.1,5.343777930616317,0.5623413251903491,3.0050271630257206,1.1220184543019633,1.122018454301962,8.268770417582384e+23,5.983746100421977e-05,1.3818718706997388e+28,6.37,1.2980801283488828e+23,0,0.0006820065946769,1.7131049933661358e-08,True
M1_dark_photon_massive,0.1,5.343777930616317,0.5623413251903491,3.0050271630257206,1.2589254117941673,1.258925411794166,7.369549391882862e+23,5.983746100421977e-05,1.231594601141776e+28,6.37,1.1569151321637148e+23,0,0.000656329473595,1.648607663451594e-08,True
M1_dark_photon_massive,0.1,5.343777930616317,0.5623413251903491,3.0050271630257206,1.4125375446227544,1.4125375446227522,6.568117809138574e+23,5.983746100421977e-05,1.0976598436680637e+28,6.37,1.0311016968820366e+23,0,0.0006316190800376,1.5865386176073312e-08,True
M1_dark_photon_massive,0.1,5.343777930616317,0.5623413251903491,3.0050271630257206,1.5848931924611136,1.5848931924611114,5.853841159167715e+23,5.983746100421977e-05,9.782903654209024e+27,6.37,9.18970354657412e+22,0,0.0006078390173192,1.5268064324591726e-08,True
M1_dark_photon_massive,0.1,5.343777930616317,0.5623413251903491,3.0050271630257206,1.7782794100389228,1.77827941003892,5.2172414247941605e+23,5.983746100421977e-05,8.719022059485843e+27,6.37,8.190331907055197e+22,0,0.0005849542590663,1.4693231266657156e-08,True
M1_dark_photon_massive,0.1,5.343777930616317,0.5623413251903491,3.0050271630257206,1.9952623149688795,1.9952623149688764,4.649871314318034e+23,5.983746100421977e-05,7.770836590125578e+27,6.37,7.299640995789692e+22,0,0.0005629310976267,1.4140040313279496e-08,True
M1_dark_photon_massive,0.1,5.343777930616317,0.5623413251903491,3.0050271630257206,2.2387211385683394,2.238721138568336,4.14420217108714e+23,5.983746100421977e-05,6.925765401033457e+27,6.37,6.505811885537112e+22,0,0.00054173709442,1.3607676652778748e-08,True
M1_dark_photon_massive,0.1,5.343777930616317,0.5623413251903491,3.0050271630257206,2.51188643150958,2.511886431509577,3.693524072797318e+23,5.983746100421977e-05,6.172594910965303e+27,6.37,5.798310946306622e+22,0,0.0005213410321582,1.3095356150624273e-08,True
M1_dark_photon_massive,0.1,5.343777930616317,0.5623413251903491,3.0050271630257206,2.8183829312644537,2.818382931264451,3.291856794900182e+23,5.983746100421977e-05,5.50133100511741e+27,6.37,5.167750070486942e+22,0,0.0005017128688645,1.2602324194459333e-08,True
M1_dark_photon_massive,0.1,5.343777930616317,0.5623413251903491,3.0050271630257206,3.1622776601683795,3.1622776601683737,2.933870456656733e+23,5.983746100421977e-05,4.903066419295155e+27,6.37,4.605762098362218e+22,0,0.0004828236936237,1.2127854582609725e-08,True
M1_dark_photon_massive,0.1,5.343777930616317,0.5623413251903491,3.0050271630257206,3.548133892335755,3.548133892335751,2.614814796858193e+23,5.983746100421977e-05,4.369862545928871e+27,6.37,4.104889790986175e+22,0,0.0004646456839986,1.1671248454439397e-08,True
M1_dark_photon_massive,0.1,5.343777930616317,0.5623413251903491,3.0050271630257206,3.9810717055349722,3.981071705534966,2.3304561407458643e+23,5.983746100421977e-05,3.894644093574624e+27,6.37,3.658486877152064e+22,0,0.0004471520650492,1.123183326097748e-08,True
M1_dark_photon_massive,0.1,5.343777930616317,0.5623413251903491,3.0050271630257206,4.466835921509632,4.466835921509627,2.0770212217192992e+23,5.983746100421977e-05,3.471105202095434e+27,6.37,3.2606298614117727e+22,0,0.0004303170698953,1.0808961774300561e-08,True
M1_dark_photon_massive,0.1,5.343777930616317,0.5623413251903491,3.0050271630257206,5.011872336272722,5.011872336272717,1.851147112381024e+23,5.983746100421977e-05,3.09362576772848e+27,6.37,2.906039422890147e+22,0,0.0004141159017635,1.0402011134211141e-08,True
M1_dark_photon_massive,0.1,5.343777930616317,0.5623413251903491,3.0050271630257206,5.623413251903491,5.623413251903482,1.649836600533162e+23,5.983746100421977e-05,2.757196867722737e+27,6.37,2.5900103619044927e+22,0,0.0003985246974636,1.0010381930807984e-08,True
M1_dark_photon_massive,0.1,5.343777930616317,0.5623413251903491,3.0050271630257206,6.309573444801933,6.309573444801922,1.47041841799257e+23,5.983746100421977e-05,2.457354294977314e+27,6.37,2.308349164823501e+22,0,0.0003835204922392,9.63349732159717e-09,True
M1_dark_photon_massive,0.1,5.343777930616317,0.5623413251903491,3.0050271630257206,7.079457843841379,7.079457843841377,1.310511794485016e+23,5.983746100421977e-05,2.19011932072552e+27,6.37,2.057318358689193e+22,0,0.0003690811859429,9.270802181843346e-09,True
M1_dark_photon_massive,0.1,5.343777930616317,0.5623413251903491,3.0050271630257206,7.943282347242816,7.94328234724281,1.1679948662701086e+23,5.983746100421977e-05,1.9519458992214608e+27,6.37,1.8335869172215204e+22,0,0.0003551855104839,8.92176228690971e-09,True
M1_dark_photon_massive,0.1,5.343777930616317,0.5623413251903491,3.0050271630257206,8.912509381337454,8.912509381337447,1.0409765202986329e+23,5.983746100421977e-05,1.7396736138674442e+27,6.37,1.6341860601234423e+22,0,0.0003418129985017,8.585863525382402e-09,True
M1_dark_photon_massive,0.1,5.343777930616317,0.5623413251903491,3.0050271630257206,10.0,9.999999999999984,9.277713002913589e+22,5.983746100421977e-05,1.5504857404058837e+27,6.37,1.456469859170108e+22,0,0.0003289439532191,8.262611141820258e-09,True
M1_dark_photon_massive,0.1,5.343777930616317,0.6493816315762113,3.4701512313645737,0.1,0.0999999999999998,8.421214105314099e+24,5.983746100421977e-05,1.4073481668482271e+29,6.37,1.3220116334872996e+24,0,0.0018385593130877,6.158473144513853e-08,True
M1_dark_photon_massive,0.1,5.343777930616317,0.6493816315762113,3.4701512313645737,0.11220184543019636,0.1122018454301961,7.50541497158632e+24,5.983746100421977e-05,1.2543003739842895e+29,6.37,1.178244108569281e+24,0,0.00176933870662,5.926610488278714e-08,True
M1_dark_photon_massive,0.1,5.343777930616317,0.6493816315762113,3.4701512313645737,0.12589254117941673,0.1258925411794165,6.689208134509367e+24,5.983746100421977e-05,1.117896385015006e+29,6.37,1.0501111671129304e+24,0,0.0017027242126261,5.7034773158125015e-08,True
M1_dark_photon_massive,0.1,5.343777930616317,0.6493816315762113,3.4701512313645737,0.14125375446227545,0.1412537544622751,5.961763025253355e+24,5.983746100421977e-05,9.963262018809469e+28,6.37,9.359125628341217e+23,0,0.0016386177126039,5.48874496751945e-08,True
M1_dark_photon_massive,0.1,5.343777930616317,0.6493816315762113,3.4701512313645737,0.15848931924611134,0.1584893192461111,5.313426889188131e+24,5.983746100421977e-05,8.879766621136256e+28,6.37,8.341329496370693e+23,0,0.0015769247821514,5.2820971576317e-08,True
M1_dark_photon_massive,0.1,5.343777930616317,0.6493816315762113,3.4701512313645737,0.1778279410038923,0.177827941003892,4.7355966996939897e+24,5.983746100421977e-05,7.914100331496407e+28,6.37,7.434217738923061e+23,0,0.001517554551886,5.083229508342429e-08,True
M1_dark_photon_massive,0.1,5.343777930616317,0.6493816315762113,3.4701512313645737,0.19952623149688797,0.1995262314968877,4.220605001225338e+24,5.983746100421977e-05,7.053449344930758e+28,6.37,6.625753534105711e+23,0,0.0014604195736008,4.8918491014785856e-08,True
M1_dark_photon_massive,0.1,5.343777930616317,0.6493816315762113,3.4701512313645737,0.22387211385683395,0.2238721138568336,3.76161816683406e+24,5.983746100421977e-05,6.28639334574839e+28,6.37,5.905209053114694e+23,0,0.0014054356914588,4.707674047052843e-08,True
M1_dark_photon_massive,0.1,5.343777930616317,0.6493816315762113,3.4701512313645737,0.251188643150958,0.2511886431509576,3.3525457200917967e+24,5.983746100421977e-05,5.60275396687599e+28,6.37,5.263023108464359e+23,0,0.0013525219180376,4.530433068059328e-08,True
M1_dark_photon_massive,0.1,5.343777930616317,0.6493816315762113,3.4701512313645737,0.28183829312644537,0.2818382931264449,2.987959518168088e+24,5.983746100421977e-05,4.99345972911079e+28,6.37,4.690674282838442e+23,0,0.0013016003150406,4.359865100901509e-08,True
M1_dark_photon_massive,0.1,5.343777930616317,0.6493816315762113,3.4701512313645737,0.31622776601683794,0.3162277660168373,2.663021723672962e+24,5.983746100421977e-05,4.45042566810307e+28,6.37,4.180567855059595e+23,0,0.0012525958784993,4.195718910863732e-08,True
M1_dark_photon_massive,0.1,5.343777930616317,0.6493816315762113,3.4701512313645737,0.35481338923357547,0.3548133892335749,2.3734206094940716e+24,5.983746100421977e-05,3.966446051791362e+28,6.37,3.725935022753645e+23,0,0.0012054364282974,4.037752722060019e-08,True
M1_dark_photon_massive,0.1,5.343777930616317,0.6493816315762113,3.4701512313645737,0.3981071705534972,0.3981071705534967,2.115313344797557e+24,5.983746100421977e-05,3.5350987647159426e+28,6.37,3.3207430844545634e+23,0,0.0011600525018551,3.885733861315047e-08,True
M1_dark_photon_massive,0.1,5.343777930616317,0.6493816315762113,3.4701512313645737,0.44668359215096315,0.4466835921509625,1.885275002997654e+24,5.983746100421977e-05,3.150660090448529e+28,6.37,2.9596153893212776e+23,0,0.0011163772518149,3.739438415452799e-08,True
M1_dark_photon_massive,0.1,5.343777930616317,0.6493816315762113,3.4701512313645737,0.5011872336272722,0.5011872336272715,1.680253115061759e+24,5.983746100421977e-05,2.8080287613528027e+28,6.37,2.6377599922476596e+23,0,0.0010743463475807,3.5986509014880776e-08,True
M1_dark_photon_massive,0.1,5.343777930616317,0.6493816315762113,3.4701512313645737,0.5623413251903491,0.5623413251903477,1.497527165100941e+24,5.983746100421977e-05,2.502658267862225e+28,6.37,2.350906067662388e+23,0,0.0010338978805628,3.4631639492350966e-08,True
M1_dark_photon_massive,0.1,5.343777930616317,0.6493816315762113,3.4701512313645737,0.6309573444801932,0.6309573444801925,1.334672490776982e+24,5.983746100421977e-05,2.2304965290603823e+28,6.37,2.095247238268417e+23,0,0.0009949722729912,3.332777995865674e-08,True
M1_dark_photon_massive,0.1,5.343777930616317,0.6493816315762113,3.4701512313645737,0.7079457843841379,0.7079457843841372,1.189528109506288e+24,5.983746100421977e-05,1.987932124029129e+28,6.37,1.8673910667288665e+23,0,0.0009575121901618,3.207300991967097e-08,True
M1_dark_photon_massive,0.1,5.343777930616317,0.6493816315762113,3.4701512313645737,0.7943282347242815,0.7943282347242807,1.0601680435339402e+24,5.983746100421977e-05,1.771746370487171e+28,6.37,1.6643140400846786e+23,0,0.000921462455986,3.086548118666747e-08,True
M1_dark_photon_massive,0.1,5.343777930616317,0.6493816315762113,3.4701512313645737,0.8912509381337456,0.8912509381337441,9.448757633790417e+23,5.983746100421977e-05,1.5790706148317497e+28,6.37,1.4833214495746334e+23,0,0.0008867699717205,2.9703415154067863e-08,True
M1_dark_photon_massive,0.1,5.343777930616317,0.6493816315762113,3.4701512313645737,1.0,0.9999999999999982,8.421214105314099e+23,5.983746100421977e-05,1.4073481668482274e+28,6.37,1.3220116334872996e+23,0,0.0008533836377562,2.858510017967969e-08,True
M1_dark_photon_massive,0.1,5.343777930616317,0.6493816315762113,3.4701512313645737,1.1220184543019633,1.1220184543019622,7.50541497158632e+23,5.983746100421977e-05,1.2543003739842896e+28,6.37,1.178244108569281e+23,0,0.0008212542783526,2.750888906356685e-08,True
M1_dark_photon_massive,0.1,5.343777930616317,0.6493816315762113,3.4701512313645737,1.2589254117941673,1.258925411794166,6.689208134509366e+23,5.983746100421977e-05,1.1178963850150055e+28,6.37,1.0501111671129304e+23,0,0.0007903345692047,2.647319662183909e-08,True
M1_dark_photon_massive,0.1,5.343777930616317,0.6493816315762113,3.4701512313645737,1.4125375446227544,1.4125375446227528,5.961763025253354e+23,5.983746100421977e-05,9.963262018809466e+27,6.37,9.359125628341217e+22,0,0.0007605789677382,2.547649735178661e-08,True
M1_dark_photon_massive,0.1,5.343777930616317,0.6493816315762113,3.4701512313645737,1.5848931924611136,1.5848931924611112,5.313426889188128e+23,5.983746100421977e-05,8.879766621136252e+27,6.37,8.341329496370687e+22,0,0.0007319436460281,2.4517323184921097e-08,True
M1_dark_photon_massive,0.1,5.343777930616317,0.6493816315762113,3.4701512313645737,1.7782794100389228,1.7782794100389203,4.73559669969399e+23,5.983746100421977e-05,7.914100331496407e+27,6.37,7.434217738923061e+22,0,0.0007043864262432,2.3594261324613197e-08,True
M1_dark_photon_massive,0.1,5.343777930616317,0.6493816315762113,3.4701512313645737,1.9952623149688795,1.9952623149688768,4.2206050012253376e+23,5.983746100421977e-05,7.053449344930758e+27,6.37,6.62575353410571e+22,0,0.0006778667185215,2.2705952165141705e-08,True
M1_dark_photon_massive,0.1,5.343777930616317,0.6493816315762113,3.4701512313645737,2.2387211385683394,2.2387211385683377,3.761618166834061e+23,5.983746100421977e-05,6.286393345748392e+27,6.37,5.905209053114695e+22,0,0.0006523454611836,2.1851087289089155e-08,True
M1_dark_photon_massive,0.1,5.343777930616317,0.6493816315762113,3.4701512313645737,2.51188643150958,2.511886431509577,3.3525457200917955e+23,5.983746100421977e-05,5.602753966875988e+27,6.37,5.263023108464357e+22,0,0.0006277850631979,2.102840754013426e-08,True
M1_dark_photon_massive,0.1,5.343777930616317,0.6493816315762113,3.4701512313645737,2.8183829312644537,2.818382931264451,2.987959518168086e+23,5.983746100421977e-05,4.993459729110788e+27,6.37,4.690674282838439e+22,0,0.0006041493488119,2.0236701168402493e-08,True
M1_dark_photon_massive,0.1,5.343777930616317,0.6493816315762113,3.4701512313645737,3.1622776601683795,3.1622776601683755,2.6630217236729615e+23,5.983746100421977e-05,4.45042566810307e+27,6.37,4.1805678550595945e+22,0,0.0005814035042671,1.9474802045643072e-08,True
M1_dark_photon_massive,0.1,5.343777930616317,0.6493816315762113,3.4701512313645737,3.548133892335755,3.5481338923357497,2.373420609494071e+23,5.983746100421977e-05,3.966446051791362e+27,6.37,3.725935022753644e+22,0,0.0005595140265215,1.874158794760339e-08,True
M1_dark_photon_massive,0.1,5.343777930616317,0.6493816315762113,3.4701512313645737,3.9810717055349722,3.981071705534964,2.115313344797557e+23,5.983746100421977e-05,3.5350987647159424e+27,6.37,3.3207430844545635e+22,0,0.0005384486739015,1.8035978901070986e-08,True
M1_dark_photon_massive,0.1,5.343777930616317,0.6493816315762113,3.4701512313645737,4.466835921509632,4.466835921509625,1.8852750029976533e+23,5.983746100421977e-05,3.150660090448528e+27,6.37,2.9596153893212767e+22,0,0.0005181764186123,1.7356935593148374e-08,True
M1_dark_photon_massive,0.1,5.343777930616317,0.6493816315762113,3.4701512313645737,5.011872336272722,5.011872336272716,1.6802531150617584e+23,5.983746100421977e-05,2.8080287613528023e+27,6.37,2.6377599922476583e+22,0,0.0004986674010363,1.6703457840417617e-08,True
M1_dark_photon_massive,0.1,5.343777930616317,0.6493816315762113,3.4701512313645737,5.623413251903491,5.623413251903477,1.497527165100941e+23,5.983746100421977e-05,2.502658267862225e+27,6.37,2.350906067662388e+22,0,0.0004798928857516,1.6074583115739958e-08,True
M1_dark_photon_massive,0.1,5.343777930616317,0.6493816315762113,3.4701512313645737,6.309573444801933,6.309573444801925,1.334672490776982e+23,5.983746100421977e-05,2.2304965290603823e+27,6.37,2.0952472382684176e+22,0,0.000461825219207,1.5469385130520493e-08,True
M1_dark_photon_massive,0.1,5.343777930616317,0.6493816315762113,3.4701512313645737,7.079457843841379,7.07945784384137,1.189528109506288e+23,5.983746100421977e-05,1.987932124029129e+27,6.37,1.8673910667288664e+22,0,0.0004444377889903,1.4886972470349672e-08,True
M1_dark_photon_massive,0.1,5.343777930616317,0.6493816315762113,3.4701512313645737,7.943282347242816,7.943282347242805,1.06016804353394e+23,5.983746100421977e-05,1.7717463704871703e+27,6.37,1.664314040084678e+22,0,0.0004277049846298,1.4326487282012106e-08,True
M1_dark_photon_massive,0.1,5.343777930616317,0.6493816315762113,3.4701512313645737,8.912509381337454,8.912509381337445,9.448757633790413e+22,5.983746100421977e-05,1.579070614831749e+27,6.37,1.483321449574633e+22,0,0.0004116021598721,1.3787104009928596e-08,True
M1_dark_photon_massive,0.1,5.343777930616317,0.6493816315762113,3.4701512313645737,10.0,9.99999999999998,8.421214105314098e+22,5.983746100421977e-05,1.4073481668482273e+27,6.37,1.3220116334872996e+22,0,0.0003961055963797,1.3268028180170389e-08,True
M1_dark_photon_massive,0.1,5.343777930616317,0.7498942093324559,4.00726812612775,0.1,0.0999999999999998,8.089713893470237e+24,5.983746100421977e-05,1.3519480535612542e+29,6.37,1.269970783904276e+24,0,0.0022136936334472,9.888101663355027e-08,True
M1_dark_photon_massive,0.1,5.343777930616317,0.7498942093324559,4.00726812612775,0.11220184543019636,0.1122018454301962,7.209965096788944e+24,5.983746100421977e-05,1.204924971044559e+29,6.37,1.131862652557134e+24,0,0.0021303494548014,9.515820829617693e-08,True
M1_dark_photon_massive,0.1,5.343777930616317,0.7498942093324559,4.00726812612775,0.12589254117941673,0.1258925411794166,6.425888156424708e+24,5.983746100421977e-05,1.0738905108242395e+29,6.37,1.0087736509300956e+24,0,0.0020501431322749,9.157556136074565e-08,True
M1_dark_photon_massive,0.1,5.343777930616317,0.7498942093324559,4.00726812612775,0.14125375446227545,0.1412537544622752,5.727078847756045e+24,5.983746100421977e-05,9.571059252250306e+28,6.37,8.99070462756051e+23,0,0.0019729565275505,8.812779883827018e-08,True
M1_dark_photon_massive,0.1,5.343777930616317,0.7498942093324559,4.00726812612775,0.15848931924611134,0.1584893192461111,5.104264395828506e+24,5.983746100421977e-05,8.53021553750175e+28,6.37,8.012973933796712e+23,0,0.0018986759501444,8.480984241509405e-08,True
M1_dark_photon_massive,0.1,5.343777930616317,0.7498942093324559,4.00726812612775,0.1778279410038923,0.1778279410038921,4.549180431264832e+24,5.983746100421977e-05,7.602562600281487e+28,6.37,7.141570535737569e+23,0,0.0018271919899485,8.161680497288895e-08,True
M1_dark_photon_massive,0.1,5.343777930616317,0.7498942093324559,4.00726812612775,0.19952623149688797,0.1995262314968877,4.054461327104458e+24,5.983746100421977e-05,6.775791049721403e+28,6.37,6.364931439724424e+23,0,0.0017583993560765,7.85439833902703e-08,True
M1_dark_photon_massive,0.1,5.343777930616317,0.7498942093324559,4.00726812612775,0.22387211385683395,0.2238721138568335,3.613542461408839e+24,5.983746100421977e-05,6.038930129662437e+28,6.37,5.672751116811365e+23,0,0.0016921967217782,7.55868516154277e-08,True
M1_dark_photon_massive,0.1,5.343777930616317,0.7498942093324559,4.00726812612775,0.251188643150958,0.2511886431509576,3.220573108716752e+24,5.983746100421977e-05,5.382202143385789e+28,6.37,5.0558447546573817e+23,0,0.001628486575192,7.274105399956621e-08,True
M1_dark_photon_massive,0.1,5.343777930616317,0.7498942093324559,4.00726812612775,0.28183829312644537,0.2818382931264451,2.8703388044721185e+24,5.983746100421977e-05,4.796892709518041e+28,6.37,4.506026380646968e+23,0,0.0015671750757169,7.000239888133975e-08,True
M1_dark_photon_massive,0.1,5.343777930616317,0.7498942093324559,4.00726812612775,0.31622776601683794,0.3162277660168378,2.558192152247469e+24,5.983746100421977e-05,4.275235127484878e+28,6.37,4.016000239007017e+23,0,0.0015081719157916,6.736685241282615e-08,True
M1_dark_photon_massive,0.1,5.343777930616317,0.7498942093324559,4.00726812612775,0.35481338923357547,0.3548133892335752,2.2799911556169425e+24,5.983746100421977e-05,3.81030731811324e+28,6.37,3.5792639805603494e+23,0,0.0014513901878781,6.483053261795085e-08,True
M1_dark_photon_massive,0.1,5.343777930616317,0.7498942093324559,4.00726812612775,0.3981071705534972,0.3981071705534967,2.0320442563802423e+24,5.983746100421977e-05,3.395939971846301e+28,6.37,3.190022380502735e+23,0,0.0013967462564525,6.23897036746067e-08,True
M1_dark_photon_massive,0.1,5.343777930616317,0.7498942093324559,4.00726812612775,0.44668359215096315,0.4466835921509625,1.811061349828181e+24,5.983746100421977e-05,3.0266346857539017e+28,6.37,2.8431104392907076e+23,0,0.0013441596348163,6.004077041204889e-08,True
M1_dark_photon_massive,0.1,5.343777930616317,0.7498942093324559,4.00726812612775,0.5011872336272722,0.5011872336272717,1.6141101270521334e+24,5.983746100421977e-05,2.6974910030662987e+28,6.37,2.533924846235688e+23,0,0.0012935528665445,5.778027301545906e-08,True
M1_dark_photon_massive,0.1,5.343777930616317,0.7498942093324559,4.00726812612775,0.5623413251903491,0.5623413251903482,1.4385771649863932e+24,5.983746100421977e-05,2.4041413870901773e+28,6.37,2.2583628963679643e+23,0,0.0012448514113981,5.5604881929879624e-08,True
M1_dark_photon_massive,0.1,5.343777930616317,0.7498942093324559,4.00726812612775,0.6309573444801932,0.630957344480193,1.2821332478719068e+24,5.983746100421977e-05,2.1426932666502846e+28,6.37,2.0127680500343907e+23,0,0.0011979835355315,5.35113929560114e-08,True
M1_dark_photon_massive,0.1,5.343777930616317,0.7498942093324559,4.00726812612775,0.7079457843841379,0.7079457843841372,1.1427024599783028e+24,5.983746100421977e-05,1.9096773840349256e+28,6.37,1.79388141283878e+23,0,0.0011528802058333,5.149672253065183e-08,True
M1_dark_photon_massive,0.1,5.343777930616317,0.7498942093324559,4.00726812612775,0.7943282347242815,0.7943282347242804,1.0184346394634015e+24,5.983746100421977e-05,1.702001760053925e+28,6.37,1.598798492093252e+23,0,0.0011094749882457,4.9557903184821376e-08,True
M1_dark_photon_massive,0.1,5.343777930616317,0.7498942093324559,4.00726812612775,0.8912509381337456,0.8912509381337445,9.076808278496592e+23,5.983746100421977e-05,1.5169106653533465e+28,6.37,1.424930655964928e+23,0,0.0010677039499112,4.7692079172888666e-08,True
M1_dark_photon_massive,0.1,5.343777930616317,0.7498942093324559,4.00726812612775,1.0,0.9999999999999986,8.089713893470238e+23,5.983746100421977e-05,1.3519480535612543e+28,6.37,1.269970783904276e+23,0,0.0010275055650048,4.5896502266256645e-08,True
M1_dark_photon_massive,0.1,5.343777930616317,0.7498942093324559,4.00726812612775,1.1220184543019633,1.122018454301963,7.209965096788943e+23,5.983746100421977e-05,1.204924971044559e+28,6.37,1.131862652557134e+23,0,0.0009888206241099,4.4168527705413374e-08,True
M1_dark_photon_massive,0.1,5.343777930616317,0.7498942093324559,4.00726812612775,1.2589254117941673,1.2589254117941668,6.425888156424707e+23,5.983746100421977e-05,1.0738905108242392e+28,6.37,1.0087736509300951e+23,0,0.0009515921470075,4.250561030438588e-08,True
M1_dark_photon_massive,0.1,5.343777930616317,0.7498942093324559,4.00726812612775,1.4125375446227544,1.4125375446227535,5.727078847756044e+23,5.983746100421977e-05,9.571059252250304e+27,6.37,8.990704627560509e+22,0,0.0009157652987482,4.0905300701858803e-08,True
M1_dark_photon_massive,0.1,5.343777930616317,0.7498942093324559,4.00726812612775,1.5848931924611136,1.5848931924611125,5.104264395828504e+23,5.983746100421977e-05,8.530215537501748e+27,6.37,8.01297393379671e+22,0,0.0008812873088839,3.9365241753436e-08,True
M1_dark_photon_massive,0.1,5.343777930616317,0.7498942093324559,4.00726812612775,1.7782794100389228,1.7782794100389208,4.549180431264832e+23,5.983746100421977e-05,7.602562600281488e+27,6.37,7.1415705357375695e+22,0,0.0008481073937411,3.7883165059731326e-08,True
M1_dark_photon_massive,0.1,5.343777930616317,0.7498942093324559,4.00726812612775,1.9952623149688795,1.995262314968876,4.054461327104458e+23,5.983746100421977e-05,6.775791049721403e+27,6.37,6.364931439724424e+22,0,0.0008161766816196,3.6456887625174624e-08,True
M1_dark_photon_massive,0.1,5.343777930616317,0.7498942093324559,4.00726812612775,2.2387211385683394,2.2387211385683363,3.61354246140884e+23,5.983746100421977e-05,6.038930129662437e+27,6.37,5.672751116811365e+22,0,0.0007854481408081,3.508430864261152e-08,True
M1_dark_photon_massive,0.1,5.343777930616317,0.7498942093324559,4.00726812612775,2.51188643150958,2.511886431509577,3.220573108716751e+23,5.983746100421977e-05,5.382202143385788e+27,6.37,5.05584475465738e+22,0,0.0007558765103099,3.3763406398961074e-08,True
M1_dark_photon_massive,0.1,5.343777930616317,0.7498942093324559,4.00726812612775,2.8183829312644537,2.818382931264453,2.8703388044721173e+23,5.983746100421977e-05,4.7968927095180384e+27,6.37,4.506026380646966e+22,0,0.0007274182331764,3.2492235297373425e-08,True
M1_dark_photon_massive,0.1,5.343777930616317,0.7498942093324559,4.00726812612775,3.1622776601683795,3.162277660168374,2.5581921522474693e+23,5.983746100421977e-05,4.275235127484878e+27,6.37,4.016000239007016e+22,0,0.0007000313923507,3.126892299150139e-08,True
M1_dark_photon_massive,0.1,5.343777930616317,0.7498942093324559,4.00726812612775,3.548133892335755,3.548133892335748,2.2799911556169424e+23,5.983746100421977e-05,3.81030731811324e+27,6.37,3.5792639805603493e+22,0,0.000673675648927,3.0091667627664965e-08,True
M1_dark_photon_massive,0.1,5.343777930616317,0.7498942093324559,4.00726812612775,3.9810717055349722,3.98107170553497,2.0320442563802424e+23,5.983746100421977e-05,3.395939971846301e+27,6.37,3.1900223805027357e+22,0,0.000648312182734,2.8958735190846462e-08,True
M1_dark_photon_massive,0.1,5.343777930616317,0.7498942093324559,4.00726812612775,4.466835921509632,4.466835921509626,1.81106134982818e+23,5.983746100421977e-05,3.026634685753901e+27,6.37,2.8431104392907064e+22,0,0.0006239036351556,2.7868456950607466e-08,True
M1_dark_photon_massive,0.1,5.343777930616317,0.7498942093324559,4.00726812612775,5.011872336272722,5.011872336272719,1.614110127052133e+23,5.983746100421977e-05,2.697491003066298e+27,6.37,2.533924846235688e+22,0,0.000600414054104,2.6819227003165256e-08,True
M1_dark_photon_massive,0.1,5.343777930616317,0.7498942093324559,4.00726812612775,5.623413251903491,5.6234132519034805,1.438577164986393e+23,5.983746100421977e-05,2.4041413870901767e+27,6.37,2.258362896367964e+22,0,0.0005778088410652,2.5809499906008625e-08,True
M1_dark_photon_massive,0.1,5.343777930616317,0.7498942093324559,4.00726812612775,6.309573444801933,6.3095734448019245,1.2821332478719068e+23,5.983746100421977e-05,2.142693266650285e+27,6.37,2.0127680500343903e+22,0,0.0005560547001375,2.4837788401568807e-08,True
M1_dark_photon_massive,0.1,5.343777930616317,0.7498942093324559,4.00726812612775,7.079457843841379,7.079457843841369,1.142702459978303e+23,5.983746100421977e-05,1.9096773840349257e+27,6.37,1.79388141283878e+22,0,0.0005351195889889,2.390266122659292e-08,True
M1_dark_photon_massive,0.1,5.343777930616317,0.7498942093324559,4.00726812612775,7.943282347242816,7.943282347242807,1.0184346394634012e+23,5.983746100421977e-05,1.7020017600539245e+27,6.37,1.5987984920932514e+22,0,0.0005149726716614,2.3002741003992997e-08,True
M1_dark_photon_massive,0.1,5.343777930616317,0.7498942093324559,4.00726812612775,8.912509381337454,8.912509381337445,9.076808278496593e+22,5.983746100421977e-05,1.516910665353346e+27,6.37,1.424930655964928e+22,0,0.0004955842731512,2.2136702214065656e-08,True
M1_dark_photon_massive,0.1,5.343777930616317,0.7498942093324559,4.00726812612775,10.0,9.999999999999988,8.089713893470238e+22,5.983746100421977e-05,1.3519480535612545e+27,6.37,1.269970783904276e+22,0,0.0004769258357001,2.130326924209404e-08,True
M1_dark_photon_massive,0.1,5.343777930616317,0.8659643233600653,4.627521039872609,0.1,0.0999999999999998,8.366323867899619e+24,5.983746100421977e-05,1.3981749438382122e+29,6.37,1.3133946417424835e+24,0,0.0026650558913978,1.587456115769157e-07,True
M1_dark_photon_massive,0.1,5.343777930616317,0.8659643233600653,4.627521039872609,0.11220184543019636,0.1122018454301961,7.456493995996282e+24,5.983746100421977e-05,1.2461247303709035e+29,6.37,1.170564206592823e+24,0,0.0025647182064726,1.527689387389925e-07,True
M1_dark_photon_massive,0.1,5.343777930616317,0.8659643233600653,4.627521039872609,0.12589254117941673,0.1258925411794164,6.645607269120328e+24,5.983746100421977e-05,1.1106098349747283e+29,6.37,1.043266447271637e+24,0,0.0024681581725334,1.4701728388964068e-07,True
M1_dark_photon_massive,0.1,5.343777930616317,0.8659643233600653,4.627521039872609,0.14125375446227545,0.1412537544622752,5.92290371307193e+24,5.983746100421977e-05,9.898320573217913e+28,6.37,9.29812199854306e+23,0,0.0023752335633871,1.414821752425413e-07,True
M1_dark_photon_massive,0.1,5.343777930616317,0.8659643233600653,4.627521039872609,0.15848931924611134,0.1584893192461111,5.278793490751203e+24,5.983746100421977e-05,8.821887496829018e+28,6.37,8.286959954083522e+23,0,0.0022858075075674,1.3615545996882378e-07,True
M1_dark_photon_massive,0.1,5.343777930616317,0.8659643233600653,4.627521039872609,0.1778279410038923,0.177827941003892,4.704729650846319e+24,5.983746100421977e-05,7.862515507659222e+28,6.37,7.385760833353719e+23,0,0.0021997482867329,1.310292921885174e-07,True
M1_dark_photon_massive,0.1,5.343777930616317,0.8659643233600653,4.627521039872609,0.19952623149688797,0.1995262314968877,4.193094714982431e+24,5.983746100421977e-05,7.007474322292404e+28,6.37,6.582566271557976e+23,0,0.0021169291416555,1.2609612141411788e-07,True
M1_dark_photon_massive,0.1,5.343777930616317,0.8659643233600653,4.627521039872609,0.22387211385683395,0.2238721138568336,3.737099598411741e+24,5.983746100421977e-05,6.245418063691236e+28,6.37,5.8667183648535966e+23,0,0.0020372280855126,1.2134868142924582e-07,True
M1_dark_photon_massive,0.1,5.343777930616317,0.8659643233600653,4.627521039872609,0.251188643150958,0.2511886431509576,3.3306935229837086e+24,5.983746100421977e-05,5.566234708302256e+28,6.37,5.2287182464422425e+23,0,0.0019605277242088,1.1677997958601681e-07,True
M1_dark_photon_massive,0.1,5.343777930616317,0.8659643233600653,4.627521039872609,0.28183829312644537,0.2818382931264447,2.9684837269952205e+24,5.983746100421977e-05,4.960911905647002e+28,6.37,4.660100042378682e+23,0,0.0018867150834631,1.1238328650535928e-07,True
M1_dark_photon_massive,0.1,5.343777930616317,0.8659643233600653,4.627521039872609,0.31622776601683794,0.3162277660168374,2.645663906519247e+24,5.983746100421977e-05,4.421417389906757e+28,6.37,4.153318534567107e+23,0,0.0018156814424055,1.0815212616510837e-07,True
M1_dark_photon_massive,0.1,5.343777930616317,0.8659643233600653,4.627521039872609,0.35481338923357547,0.3548133892335749,2.3579504386718693e+24,5.983746100421977e-05,3.940592396635254e+28,6.37,3.701649040301208e+23,0,0.0017473221734383,1.0408026636127713e-07,True
M1_dark_photon_massive,0.1,5.343777930616317,0.8659643233600653,4.627521039872609,0.3981071705534972,0.3981071705534968,2.10152554053918e+24,5.983746100421977e-05,3.512056670303874e+28,6.37,3.2990981798103296e+23,0,0.0016815365881276,1.0016170952845497e-07,True
M1_dark_photon_massive,0.1,5.343777930616317,0.8659643233600653,4.627521039872609,0.44668359215096315,0.4466835921509624,1.872986609517571e+24,5.983746100421977e-05,3.130123802187207e+28,6.37,2.940324347751289e+23,0,0.0016182277888959,9.639068390581205e-08,True
M1_dark_photon_massive,0.1,5.343777930616317,0.8659643233600653,4.627521039872609,0.5011872336272722,0.5011872336272716,1.6693010728444783e+24,5.983746100421977e-05,2.789725775174114e+28,6.37,2.6205668333508293e+23,0,0.0015573025262988,9.276163503569837e-08,True
M1_dark_photon_massive,0.1,5.343777930616317,0.8659643233600653,4.627521039872609,0.5623413251903491,0.562341325190348,1.4877661472003095e+24,5.983746100421977e-05,2.4863457142598204e+28,6.37,2.3355826486661055e+23,0,0.0014986710616749,8.926921758231523e-08,True
M1_dark_photon_massive,0.1,5.343777930616317,0.8659643233600653,4.627521039872609,0.6309573444801932,0.6309573444801923,1.3259729744159035e+24,5.983746100421977e-05,2.215957950358882e+28,6.37,2.0815902267125648e+23,0,0.0014422470349676,8.59082874584083e-08,True
M1_dark_photon_massive,0.1,5.343777930616317,0.8659643233600653,4.627521039872609,0.7079457843841379,0.7079457843841374,1.1817746573881672e+24,5.983746100421977e-05,1.9749746021222852e+28,6.37,1.8552192423676093e+23,0,0.0013879473375218,8.267389424838627e-08,True
M1_dark_photon_massive,0.1,5.343777930616317,0.8659643233600653,4.627521039872609,0.7943282347242815,0.7943282347242796,1.05325777205989e+24,5.983746100421977e-05,1.760197966931808e+28,6.37,1.6534658902039088e+23,0,0.0013356919896717,7.956127391670387e-08,True
M1_dark_photon_massive,0.1,5.343777930616317,0.8659643233600653,4.627521039872609,0.8912509381337456,0.8912509381337435,9.387169774450356e+23,5.983746100421977e-05,1.5687780893290853e+28,6.37,1.4736530258163822e+23,0,0.0012854040229355,7.65658417907699e-08,True
M1_dark_photon_massive,0.1,5.343777930616317,0.8659643233600653,4.627521039872609,1.0,0.9999999999999984,8.36632386789962e+23,5.983746100421977e-05,1.3981749438382123e+28,6.37,1.3133946417424837e+23,0,0.0012370093666466,7.368318580804436e-08,True
M1_dark_photon_massive,0.1,5.343777930616317,0.8659643233600653,4.627521039872609,1.1220184543019633,1.1220184543019618,7.456493995996282e+23,5.983746100421977e-05,1.2461247303709036e+28,6.37,1.1705642065928228e+23,0,0.0011904367388526,7.090906001737824e-08,True
M1_dark_photon_massive,0.1,5.343777930616317,0.8659643233600653,4.627521039872609,1.2589254117941673,1.2589254117941648,6.645607269120326e+23,5.983746100421977e-05,1.1106098349747283e+28,6.37,1.0432664472716369e+23,0,0.0011456175413221,6.823937832502359e-08,True
M1_dark_photon_massive,0.1,5.343777930616317,0.8659643233600653,4.627521039872609,1.4125375446227544,1.4125375446227522,5.922903713071929e+23,5.983746100421977e-05,9.898320573217908e+27,6.37,9.29812199854306e+22,0,0.001102485758504,6.567020847610261e-08,True
M1_dark_photon_massive,0.1,5.343777930616317,0.8659643233600653,4.627521039872609,1.5848931924611136,1.5848931924611114,5.2787934907512015e+23,5.983746100421977e-05,8.821887496829015e+27,6.37,8.286959954083518e+22,0,0.0010609778602913,6.31977662626704e-08,True
M1_dark_photon_massive,0.1,5.343777930616317,0.8659643233600653,4.627521039872609,1.7782794100389228,1.77827941003892,4.70472965084632e+23,5.983746100421977e-05,7.862515507659222e+27,6.37,7.38576083335372e+22,0,0.0010210327084458,6.081840994984088e-08,True
M1_dark_photon_massive,0.1,5.343777930616317,0.8659643233600653,4.627521039872609,1.9952623149688795,1.995262314968876,4.193094714982431e+23,5.983746100421977e-05,7.007474322292404e+27,6.37,6.582566271557977e+22,0,0.0009825914665458,5.8528634911765094e-08,True
M1_dark_photon_massive,0.1,5.343777930616317,0.8659643233600653,4.627521039872609,2.2387211385683394,2.238721138568336,3.737099598411741e+23,5.983746100421977e-05,6.245418063691238e+27,6.37,5.866718364853597e+22,0,0.0009455975133237,5.632506846956218e-08,True
M1_dark_photon_massive,0.1,5.343777930616317,0.8659643233600653,4.627521039872609,2.51188643150958,2.511886431509576,3.330693522983708e+23,5.983746100421977e-05,5.566234708302254e+27,6.37,5.228718246442241e+22,0,0.0009099963592676,5.42044649235984e-08,True
M1_dark_photon_massive,0.1,5.343777930616317,0.8659643233600653,4.627521039872609,2.8183829312644537,2.81838293126445,2.968483726995219e+23,5.983746100421977e-05,4.960911905647e+27,6.37,4.66010004237868e+22,0,0.0008757355663611,5.216370077279813e-08,True
M1_dark_photon_massive,0.1,5.343777930616317,0.8659643233600653,4.627521039872609,3.1622776601683795,3.162277660168374,2.6456639065192472e+23,5.983746100421977e-05,4.421417389906757e+27,6.37,4.153318534567107e+22,0,0.0008427646708467,5.019977011394474e-08,True
M1_dark_photon_massive,0.1,5.343777930616317,0.8659643233600653,4.627521039872609,3.548133892335755,3.548133892335749,2.357950438671869e+23,5.983746100421977e-05,3.9405923966352536e+27,6.37,3.7016490403012073e+22,0,0.0008110351088955,4.8309780214194777e-08,True
M1_dark_photon_massive,0.1,5.343777930616317,0.8659643233600653,4.627521039872609,3.9810717055349722,3.9810717055349656,2.10152554053918e+23,5.983746100421977e-05,3.5120566703038743e+27,6.37,3.29909817981033e+22,0,0.0007805001450764,4.649094725028432e-08,True
M1_dark_photon_massive,0.1,5.343777930616317,0.8659643233600653,4.627521039872609,4.466835921509632,4.466835921509626,1.8729866095175705e+23,5.983746100421977e-05,3.130123802187206e+27,6.37,2.940324347751288e+22,0,0.0007511148035181,4.47405922081516e-08,True
M1_dark_photon_massive,0.1,5.343777930616317,0.8659643233600653,4.627521039872609,5.011872336272722,5.011872336272717,1.669301072844478e+23,5.983746100421977e-05,2.7897257751741136e+27,6.37,2.6205668333508287e+22,0,0.0007228358016625,4.3056136936936146e-08,True
M1_dark_photon_massive,0.1,5.343777930616317,0.8659643233600653,4.627521039872609,5.623413251903491,5.623413251903484,1.4877661472003094e+23,5.983746100421977e-05,2.4863457142598203e+27,6.37,2.3355826486661058e+22,0,0.0006956214865129,4.143510035154238e-08,True
M1_dark_photon_massive,0.1,5.343777930616317,0.8659643233600653,4.627521039872609,6.309573444801933,6.3095734448019245,1.3259729744159038e+23,5.983746100421977e-05,2.215957950358882e+27,6.37,2.081590226712565e+22,0,0.0006694317732816,3.987509477817447e-08,True
M1_dark_photon_massive,0.1,5.343777930616317,0.8659643233600653,4.627521039872609,7.079457843841379,7.079457843841366,1.1817746573881673e+23,5.983746100421977e-05,1.9749746021222853e+27,6.37,1.8552192423676093e+22,0,0.0006442280863484,3.837382243745935e-08,True
M1_dark_photon_massive,0.1,5.343777930616317,0.8659643233600653,4.627521039872609,7.943282347242816,7.943282347242802,1.0532577720598896e+23,5.983746100421977e-05,1.7601979669318074e+27,6.37,1.653465890203908e+22,0,0.0006199733024406,3.692907205997804e-08,True
M1_dark_photon_massive,0.1,5.343777930616317,0.8659643233600653,4.627521039872609,8.912509381337454,8.912509381337442,9.387169774450353e+22,5.983746100421977e-05,1.568778089329085e+27,6.37,1.4736530258163816e+22,0,0.0005966316959538,3.553871562922001e-08,True
M1_dark_photon_massive,0.1,5.343777930616317,0.8659643233600653,4.627521039872609,10.0,9.99999999999998,8.36632386789962e+22,5.983746100421977e-05,1.3981749438382122e+27,6.37,1.3133946417424835e+22,0,0.0005741688863301,3.4200705247163425e-08,True
M1_dark_photon_massive,0.1,5.343777930616317,1.0,5.343777930616317,0.1,0.0999999999999998,8.820505037836149e+24,8.097092854707178e-05,1.0893422115949209e+29,6.37,1.3846946684201176e+24,1,0.0032080570840229,2.5482233701319604e-07,True
M1_dark_photon_massive,0.1,5.343777930616317,1.0,5.343777930616317,0.11220184543019636,0.1122018454301962,7.861283389784895e+24,8.097092854707178e-05,9.708772680326622e+28,6.37,1.2341104222582253e+24,1,0.0030872757443303,2.45228435644874e-07,True
M1_dark_photon_massive,0.1,5.343777930616317,1.0,5.343777930616317,0.12589254117941673,0.1258925411794166,7.00637619608102e+24,8.097092854707178e-05,8.652952759468382e+28,6.37,1.0999020715982762e+24,1,0.0029710417464199,2.3599573865346786e-07,True
M1_dark_photon_massive,0.1,5.343777930616317,1.0,5.343777930616317,0.14125375446227545,0.1412537544622753,6.244439357675151e+24,8.097092854707178e-05,7.711952264503177e+28,6.37,9.802887531672137e+23,1,0.002859183885722,2.271106469204444e-07,True
M1_dark_photon_massive,0.1,5.343777930616317,1.0,5.343777930616317,0.15848931924611134,0.1584893192461111,5.565362435647264e+24,8.097092854707178e-05,6.873284690581121e+28,6.37,8.736832709022392e+23,1,0.0027515374034119,2.1856007332556486e-07,True
M1_dark_photon_massive,0.1,5.343777930616317,1.0,5.343777930616317,0.1778279410038923,0.177827941003892,4.96013449182493e+24,8.097092854707178e-05,6.125821428540734e+28,6.37,7.786710348233799e+23,1,0.0026479437437312,2.103314234704695e-07,True
M1_dark_photon_massive,0.1,5.343777930616317,1.0,5.343777930616317,0.19952623149688797,0.1995262314968877,4.420724519108518e+24,8.097092854707178e-05,5.45964409502673e+28,6.37,6.939912902839118e+23,1,0.0025482503204466,2.024125771280079e-07,True
M1_dark_photon_massive,0.1,5.343777930616317,1.0,5.343777930616317,0.22387211385683395,0.2238721138568336,3.939974874886317e+24,8.097092854707178e-05,4.865912921568937e+28,6.37,6.185203885221848e+23,1,0.0024523102921009,1.947918703899899e-07,True
M1_dark_photon_massive,0.1,5.343777930616317,1.0,5.343777930616317,0.251188643150958,0.2511886431509577,3.511506303465817e+24,8.097092854707178e-05,4.336749456225431e+28,6.37,5.512568765252461e+23,1,0.0023599823457258,1.8745807848706205e-07,True
M1_dark_photon_massive,0.1,5.343777930616317,1.0,5.343777930616317,0.28183829312644537,0.281838293126445,3.129633287226471e+24,8.097092854707178e-05,3.8651320213119257e+28,6.37,4.91308208355804e+23,1,0.0022711304886977,1.804003992554062e-07,True
M1_dark_photon_massive,0.1,5.343777930616317,1.0,5.343777930616317,0.31622776601683794,0.3162277660168376,2.78928860325519e+24,8.097092854707178e-05,3.444802540005034e+28,6.37,4.3787890160992e+23,1,0.00218562384843,1.736084372259054e-07,True
M1_dark_photon_massive,0.1,5.343777930616317,1.0,5.343777930616317,0.35481338923357547,0.354813389233575,2.485956084376953e+24,8.097092854707178e-05,3.070183495464996e+28,6.37,3.902599818488152e+23,1,0.0021033364796072,1.6707218831234334e-07,True
M1_dark_photon_massive,0.1,5.343777930616317,1.0,5.343777930616317,0.3981071705534972,0.3981071705534968,2.2156106923602517e+24,8.097092854707178e-05,2.7363039205759197e+28,6.37,3.4781957493881494e+23,1,0.0020241471786759,1.6078202507608304e-07,True
M1_dark_photon_massive,0.1,5.343777930616317,1.0,5.343777930616317,0.44668359215096315,0.4466835921509626,1.974665108105232e+24,8.097092854707178e-05,2.438733436232334e+28,6.37,3.099945224654995e+23,1,0.0019479393053207,1.547286825455217e-07,True
M1_dark_photon_massive,0.1,5.343777930616317,1.0,5.343777930616317,0.5011872336272722,0.5011872336272716,1.7599221300987618e+24,8.097092854707178e-05,2.1735234629002004e+28,6.37,2.7628290896369888e+23,1,0.0018746006106609,1.489032445694338e-07,True
M1_dark_photon_massive,0.1,5.343777930616317,1.0,5.343777930616317,0.5623413251903491,0.5623413251903483,1.5685322494928614e+24,8.097092854707178e-05,1.9371548253655115e+28,6.37,2.4623740180421685e+23,1,0.0018040230719157,1.432971306841024e-07,True
M1_dark_photon_massive,0.1,5.343777930616317,1.0,5.343777930616317,0.6309573444801932,0.6309573444801923,1.3979558388535466e+24,8.097092854707178e-05,1.7264910554173235e+28,6.37,2.1945931536162428e+23,1,0.0017361027332947,1.379020834748947e-07,True
M1_dark_photon_massive,0.1,5.343777930616317,1.0,5.343777930616317,0.7079457843841379,0.7079457843841372,1.2459294528477707e+24,8.097092854707178e-05,1.53873677282021e+28,6.37,1.9559332069823715e+23,1,0.0016707395528776,1.3271015641366642e-07,True
M1_dark_photon_massive,0.1,5.343777930616317,1.0,5.343777930616317,0.7943282347242815,0.7943282347242807,1.11043579369904e+24,8.097092854707178e-05,1.3714005923169045e+28,6.37,1.7432273056499844e+23,1,0.0016078372552598,1.2771370215408017e-07,True
M1_dark_photon_massive,0.1,5.343777930616317,1.0,5.343777930616317,0.8912509381337456,0.8912509381337449,9.896769428715596e+23,8.097092854707178e-05,1.2222620644596153e+28,6.37,1.55365297154091e+23,1,0.0015473031897454,1.2290536126759797e-07,True
M1_dark_photon_massive,0.1,5.343777930616317,1.0,5.343777930616317,1.0,0.9999999999999986,8.820505037836149e+23,8.097092854707178e-05,1.0893422115949208e+28,6.37,1.3846946684201177e+23,1,0.0014890481938793,1.1827805140355634e-07,True
M1_dark_photon_massive,0.1,5.343777930616317,1.0,5.343777930616317,1.1220184543019633,1.1220184543019622,7.861283389784895e+23,8.097092854707178e-05,9.708772680326622e+27,6.37,1.2341104222582254e+23,1,0.0014329864621167,1.1382495685735775e-07,True
M1_dark_photon_massive,0.1,5.343777930616317,1.0,5.343777930616317,1.2589254117941673,1.2589254117941662,7.006376196081019e+23,8.097092854707178e-05,8.65295275946838e+27,6.37,1.0999020715982762e+23,1,0.001379035419438,1.0953951853141361e-07,True
M1_dark_photon_massive,0.1,5.343777930616317,1.0,5.343777930616317,1.4125375446227544,1.412537544622753,6.244439357675151e+23,8.097092854707178e-05,7.711952264503174e+27,6.37,9.802887531672136e+22,1,0.0013271155997213,1.0541542427405093e-07,True
M1_dark_photon_massive,0.1,5.343777930616317,1.0,5.343777930616317,1.5848931924611136,1.5848931924611118,5.565362435647261e+23,8.097092854707178e-05,6.873284690581118e+27,6.37,8.736832709022388e+22,1,0.0012771505286944,1.014465995821532e-07,True
M1_dark_photon_massive,0.1,5.343777930616317,1.0,5.343777930616317,1.7782794100389228,1.7782794100389203,4.9601344918249306e+23,8.097092854707178e-05,6.125821428540734e+27,6.37,7.7867103482338e+22,1,0.0012290666112937,9.76271986538412e-08,True
M1_dark_photon_massive,0.1,5.343777930616317,1.0,5.343777930616317,1.9952623149688795,1.9952623149688768,4.420724519108518e+23,8.097092854707178e-05,5.459644095026731e+27,6.37,6.939912902839118e+22,1,0.0011827930232635,9.39515957780147e-08,True
M1_dark_photon_massive,0.1,5.343777930616317,1.0,5.343777930616317,2.2387211385683394,2.2387211385683368,3.9399748748863176e+23,8.097092854707178e-05,4.865912921568937e+27,6.37,6.1852038852218485e+22,1,0.0011382616068369,9.041437704807246e-08,True
M1_dark_photon_massive,0.1,5.343777930616317,1.0,5.343777930616317,2.51188643150958,2.511886431509578,3.511506303465816e+23,8.097092854707178e-05,4.3367494562254287e+27,6.37,5.5125687652524585e+22,1,0.0010954067703444,8.70103323876055e-08,True
M1_dark_photon_massive,0.1,5.343777930616317,1.0,5.343777930616317,2.8183829312644537,2.8183829312644515,3.129633287226469e+23,8.097092854707178e-05,3.865132021311924e+27,6.37,4.913082083558036e+22,1,0.0010541653916016,8.373444787631803e-08,True
M1_dark_photon_massive,0.1,5.343777930616317,1.0,5.343777930616317,3.1622776601683795,3.162277660168374,2.7892886032551898e+23,8.097092854707178e-05,3.4448025400050333e+27,6.37,4.378789016099199e+22,1,0.001014476724935,8.058189836487278e-08,True
M1_dark_photon_massive,0.1,5.343777930616317,1.0,5.343777930616317,3.548133892335755,3.5481338923357493,2.4859560843769525e+23,8.097092854707178e-05,3.0701834954649955e+27,6.37,3.902599818488152e+22,1,0.0009762823117075,7.754804036778242e-08,True
M1_dark_photon_massive,0.1,5.343777930616317,1.0,5.343777930616317,3.9810717055349722,3.981071705534969,2.215610692360252e+23,8.097092854707178e-05,2.736303920575919e+27,6.37,3.47819574938815e+22,1,0.0009395258942131,7.462840522387967e-08,True
M1_dark_photon_massive,0.1,5.343777930616317,1.0,5.343777930616317,4.466835921509632,4.466835921509626,1.9746651081052317e+23,8.097092854707178e-05,2.4387334362323333e+27,6.37,3.0999452246549943e+22,1,0.0009041533328132,7.181869251429099e-08,True
M1_dark_photon_massive,0.1,5.343777930616317,1.0,5.343777930616317,5.011872336272722,5.011872336272718,1.7599221300987614e+23,8.097092854707178e-05,2.1735234629002e+27,6.37,2.762829089636988e+22,1,0.0008701125261927,6.911476372821967e-08,True
M1_dark_photon_massive,0.1,5.343777930616317,1.0,5.343777930616317,5.623413251903491,5.623413251903482,1.5685322494928613e+23,8.097092854707178e-05,1.9371548253655112e+27,6.37,2.4623740180421683e+22,1,0.0008373533346184,6.65126361672081e-08,True
M1_dark_photon_massive,0.1,5.343777930616317,1.0,5.343777930616317,6.309573444801933,6.309573444801926,1.3979558388535469e+23,8.097092854707178e-05,1.7264910554173235e+27,6.37,2.194593153616243e+22,1,0.0008058275060865,6.400847707890086e-08,True
M1_dark_photon_massive,0.1,5.343777930616317,1.0,5.343777930616317,7.079457843841379,7.079457843841372,1.2459294528477706e+23,8.097092854707178e-05,1.53873677282021e+27,6.37,1.9559332069823717e+22,1,0.0007754886052511,6.159859801166795e-08,True
M1_dark_photon_massive,0.1,5.343777930616317,1.0,5.343777930616317,7.943282347242816,7.943282347242808,1.1104357936990396e+23,8.097092854707178e-05,1.371400592316904e+27,6.37,1.743227305649984e+22,1,0.000746291945028,5.9279449381772683e-08,True
M1_dark_photon_massive,0.1,5.343777930616317,1.0,5.343777930616317,8.912509381337454,8.912509381337445,9.896769428715592e+22,8.097092854707178e-05,1.2222620644596149e+27,6.37,1.5536529715409092e+22,1,0.0007181945207736,5.7047615245082745e-08,True
M1_dark_photon_massive,0.1,5.343777930616317,1.0,5.343777930616317,10.0,9.999999999999986,8.820505037836149e+22,8.097092854707178e-05,1.0893422115949208e+27,6.37,1.3846946684201175e+22,1,0.0006911549469421,5.4899808265622525e-08,True
M1_dark_photon_massive,0.1,5.343777930616317,1.1547819846894585,6.170898484456837,0.1,0.0999999999999998,9.554231344943758e+24,0.0001033965073731,9.240381118930554e+28,6.37,1.4998793320162886e+24,12,0.0038612037888241,4.0899512411678484e-07,True
M1_dark_photon_massive,0.1,5.343777930616317,1.1547819846894585,6.170898484456837,0.11220184543019636,0.1122018454301962,8.515217649327962e+24,0.0001033965073731,8.235498340960204e+28,6.37,1.3367688617469327e+24,12,0.0037158318848256,3.935967138875519e-07,True
M1_dark_photon_massive,0.1,5.343777930616317,1.1547819846894585,6.170898484456837,0.12589254117941673,0.1258925411794166,7.589195718376573e+24,0.0001033965073731,7.339895622379688e+28,6.37,1.1913965020999328e+24,12,0.0035759331419519,3.787780441579148e-07,True
M1_dark_photon_massive,0.1,5.343777930616317,1.1547819846894585,6.170898484456837,0.14125375446227545,0.1412537544622753,6.763877803683725e+24,0.0001033965073731,6.541688859249669e+28,6.37,1.061833250185828e+24,12,0.0034413014991151,3.645172880612122e-07,True
M1_dark_photon_massive,0.1,5.343777930616317,1.1547819846894585,6.170898484456837,0.15848931924611134,0.1584893192461111,6.02831243795514e+24,0.0001033965073731,5.83028633278534e+28,6.37,9.463598803697236e+23,12,0.0033117386532981,3.507934404986401e-07,True
M1_dark_photon_massive,0.1,5.343777930616317,1.1547819846894585,6.170898484456837,0.1778279410038923,0.1778279410038921,5.372739115690844e+24,0.0001033965073731,5.196248163683288e+28,6.37,8.434441311916552e+23,12,0.0031870537674682,3.3758628720020685e-07,True
M1_dark_photon_massive,0.1,5.343777930616317,1.1547819846894585,6.170898484456837,0.19952623149688797,0.1995262314968877,4.788458777207335e+24,0.0001033965073731,4.6311610506584834e+28,6.37,7.517203731879647e+23,12,0.0030670631894874,3.248763749505242e-07,True
M1_dark_photon_massive,0.1,5.343777930616317,1.1547819846894585,6.170898484456837,0.22387211385683395,0.2238721138568338,4.267718377400805e+24,0.0001033965073731,4.127526631047836e+28,6.37,6.699714878180227e+23,12,0.0029515901816057,3.126449829355772e-07,True
M1_dark_photon_massive,0.1,5.343777930616317,1.1547819846894585,6.170898484456837,0.251188643150958,0.2511886431509577,3.8036080075490944e+24,0.0001033965073731,3.6786619820934014e+28,6.37,5.9711271704067417e+23,12,0.0028404646601387,3.008740951682725e-07,True
M1_dark_photon_massive,0.1,5.343777930616317,1.1547819846894585,6.170898484456837,0.28183829312644537,0.281838293126445,3.389969205021157e+24,0.0001033965073731,3.278610942617689e+28,6.37,5.321772692340906e+23,12,0.0027335229449461,2.895463739521451e-07,True
M1_dark_photon_massive,0.1,5.343777930616317,1.1547819846894585,6.170898484456837,0.31622776601683794,0.3162277660168375,3.021313234219614e+24,0.0001033965073731,2.9220650783835784e+28,6.37,4.743034904583381e+23,12,0.0026306075183424,2.78645134344142e-07,True
M1_dark_photon_massive,0.1,5.343777930616317,1.1547819846894585,6.170898484456837,0.35481338923357547,0.354813389233575,2.6927482543941314e+24,0.0001033965073731,2.604293242397221e+28,6.37,4.227234308311038e+23,12,0.0025315667930843,2.681543195788647e-07,True
M1_dark_photon_massive,0.1,5.343777930616317,1.1547819846894585,6.170898484456837,0.3981071705534972,0.3981071705534968,2.399914407886775e+24,0.0001033965073731,2.321078795461897e+28,6.37,3.767526542993368e+23,12,0.0024362548890933,2.580584774180736e-07,True
M1_dark_photon_massive,0.1,5.343777930616317,1.1547819846894585,6.170898484456837,0.44668359215096315,0.4466835921509625,2.1389259674697808e+24,0.0001033965073731,2.06866365393776e+28,6.37,3.357811565886626e+23,12,0.0023445314185844,2.4834273739062014e-07,True
M1_dark_photon_massive,0.1,5.343777930616317,1.1547819846894585,6.170898484456837,0.5011872336272722,0.5011872336272718,1.9063197751060712e+24,0.0001033965073731,1.8436984222552105e+28,6.37,2.992652708172796e+23,12,0.0022562612792847,2.389927888892793e-07,True
M1_dark_photon_massive,0.1,5.343777930616317,1.1547819846894585,6.170898484456837,0.5623413251903491,0.5623413251903484,1.6990092879461972e+24,0.0001033965073731,1.6431979484706628e+28,6.37,2.6672045336675e+23,12,0.0021713144554373,2.299948600922241e-07,True
M1_dark_photon_massive,0.1,5.343777930616317,1.1547819846894585,6.170898484456837,0.6309573444801932,0.6309573444801925,1.514243621779995e+24,0.0001033965073731,1.464501713113924e+28,6.37,2.3771485428257376e+23,12,0.0020895658262973,2.2133569767809265e-07,True
M1_dark_photon_massive,0.1,5.343777930616317,1.1547819846894585,6.170898484456837,0.7079457843841379,0.707945784384137,1.349571048474461e+24,0.0001033965073731,1.3052385257112625e+28,6.37,2.1186358688767048e+23,12,0.0020108949818373,2.130025473047704e-07,True
M1_dark_photon_massive,0.1,5.343777930616317,1.1547819846894585,6.170898484456837,0.7943282347242815,0.7943282347242805,1.202806463031006e+24,0.0001033965073731,1.1632950605284696e+28,6.37,1.8882362057001667e+23,12,0.0019351860453919,2.049831348231343e-07,True
M1_dark_photon_massive,0.1,5.343777930616317,1.1547819846894585,6.170898484456837,0.8912509381337456,0.8912509381337447,1.0720023885697164e+24,0.0001033965073731,1.0367878140223509e+28,6.37,1.6828922897483773e+23,12,0.0018623275029797,1.972656481980871e-07,True
M1_dark_photon_massive,0.1,5.343777930616317,1.1547819846894585,6.170898484456837,1.0,0.9999999999999988,9.55423134494376e+23,0.0001033965073731,9.240381118930556e+27,6.37,1.4998793320162888e+23,12,0.0017922120390509,1.898387201102541e-07,True
M1_dark_photon_massive,0.1,5.343777930616317,1.1547819846894585,6.170898484456837,1.1220184543019633,1.1220184543019622,8.515217649327962e+23,0.0001033965073731,8.235498340960205e+27,6.37,1.3367688617469328e+23,12,0.0017247363784188,1.826914112127145e-07,True
M1_dark_photon_massive,0.1,5.343777930616317,1.1547819846894585,6.170898484456837,1.2589254117941673,1.2589254117941662,7.589195718376572e+23,0.0001033965073731,7.339895622379687e+27,6.37,1.1913965020999329e+23,12,0.0016598011341429,1.7581319401810658e-07,True
M1_dark_photon_massive,0.1,5.343777930616317,1.1547819846894585,6.170898484456837,1.4125375446227544,1.4125375446227528,6.763877803683724e+23,0.0001033965073731,6.541688859249667e+27,6.37,1.0618332501858278e+23,12,0.0015973106611387,1.6919393739237354e-07,True
M1_dark_photon_massive,0.1,5.343777930616317,1.1547819846894585,6.170898484456837,1.5848931924611136,1.5848931924611125,6.0283124379551374e+23,0.0001033965073731,5.830286332785338e+27,6.37,9.463598803697232e+22,12,0.0015371729152992,1.6282389163230962e-07,True
M1_dark_photon_massive,0.1,5.343777930616317,1.1547819846894585,6.170898484456837,1.7782794100389228,1.7782794100389203,5.372739115690845e+23,0.0001033965073731,5.196248163683289e+27,6.37,8.434441311916554e+22,12,0.0014792993179203,1.566936741049277e-07,True
M1_dark_photon_massive,0.1,5.343777930616317,1.1547819846894585,6.170898484456837,1.9952623149688795,1.995262314968876,4.788458777207335e+23,0.0001033965073731,4.631161050658484e+27,6.37,7.517203731879647e+22,12,0.0014236046252309,1.5079425542749516e-07,True
M1_dark_photon_massive,0.1,5.343777930616317,1.1547819846894585,6.170898484456837,2.2387211385683394,2.238721138568337,4.2677183774008055e+23,0.0001033965073731,4.127526631047836e+27,6.37,6.699714878180229e+22,12,0.0013700068028342,1.4511694616788328e-07,True
M1_dark_photon_massive,0.1,5.343777930616317,1.1547819846894585,6.170898484456837,2.51188643150958,2.511886431509578,3.803608007549093e+23,0.0001033965073731,3.6786619820934006e+27,6.37,5.971127170406739e+22,12,0.0013184269048771,1.396533840456402e-07,True
M1_dark_photon_massive,0.1,5.343777930616317,1.1547819846894585,6.170898484456837,2.8183829312644537,2.8183829312644515,3.3899692050211554e+23,0.0001033965073731,3.278610942617687e+27,6.37,5.321772692340903e+22,12,0.0012687889577686,1.3439552161493466e-07,True
M1_dark_photon_massive,0.1,5.343777930616317,1.1547819846894585,6.170898484456837,3.1622776601683795,3.162277660168375,3.0213132342196132e+23,0.0001033965073731,2.9220650783835786e+27,6.37,4.74303490458338e+22,12,0.0012210198482756,1.2933561441123025e-07,True
M1_dark_photon_massive,0.1,5.343777930616317,1.1547819846894585,6.170898484456837,3.548133892335755,3.54813389233575,2.6927482543941312e+23,0.0001033965073731,2.6042932423972206e+27,6.37,4.227234308311038e+22,12,0.0011750492158325,1.2446620954422909e-07,True
M1_dark_photon_massive,0.1,5.343777930616317,1.1547819846894585,6.170898484456837,3.9810717055349722,3.981071705534969,2.3999144078867752e+23,0.0001033965073731,2.321078795461897e+27,6.37,3.767526542993368e+22,12,0.001130809348905,1.197801347202846e-07,True
M1_dark_photon_massive,0.1,5.343777930616317,1.1547819846894585,6.170898484456837,4.466835921509632,4.466835921509627,2.1389259674697803e+23,0.0001033965073731,2.0686636539377597e+27,6.37,3.357811565886625e+22,12,0.0010882350852555,1.152704876781133e-07,True
M1_dark_photon_massive,0.1,5.343777930616317,1.1547819846894585,6.170898484456837,5.011872336272722,5.01187233627272,1.906319775106071e+23,0.0001033965073731,1.84369842225521e+27,6.37,2.992652708172796e+22,12,0.001047263715964,1.1093062602224549e-07,True
M1_dark_photon_massive,0.1,5.343777930616317,1.1547819846894585,6.170898484456837,5.623413251903491,5.623413251903485,1.699009287946197e+23,0.0001033965073731,1.6431979484706628e+27,6.37,2.6672045336674997e+22,12,0.001007834893062,1.0675415743924008e-07,True
M1_dark_photon_massive,0.1,5.343777930616317,1.1547819846894585,6.170898484456837,6.309573444801933,6.309573444801925,1.514243621779995e+23,0.0001033965073731,1.4645017131139242e+27,6.37,2.377148542825738e+22,12,0.000969890540644,1.0273493028225287e-07,True
M1_dark_photon_massive,0.1,5.343777930616317,1.1547819846894585,6.170898484456837,7.079457843841379,7.079457843841372,1.349571048474461e+23,0.0001033965073731,1.3052385257112623e+27,6.37,2.1186358688767046e+22,12,0.0009333747693264,9.886702451009e-08,True
M1_dark_photon_massive,0.1,5.343777930616317,1.1547819846894585,6.170898484456837,7.943282347242816,7.943282347242807,1.202806463031006e+23,0.0001033965073731,1.1632950605284692e+27,6.37,1.888236205700166e+22,12,0.0008982337939254,9.514474296740029e-08,True
M1_dark_photon_massive,0.1,5.343777930616317,1.1547819846894585,6.170898484456837,8.912509381337454,8.912509381337452,1.072002388569716e+23,0.0001033965073731,1.0367878140223504e+27,6.37,1.682892289748377e+22,12,0.000864415854236,9.156260299316279e-08,True
M1_dark_photon_massive,0.1,5.343777930616317,1.1547819846894585,6.170898484456837,10.0,9.999999999999984,9.55423134494376e+22,0.0001033965073731,9.240381118930555e+26,6.37,1.499879332016289e+22,12,0.0008318711387925,8.811532834510973e-08,True
M1_dark_photon_massive,0.1,5.343777930616317,1.333521432163324,7.1260423991982345,0.1,0.0999999999999998,1.0334459572675907e+25,0.0001181362623737,8.747914793493793e+28,6.37,1.622364140137505e+24,18,0.0046467147536928,6.563589631435666e-07,True
M1_dark_photon_massive,0.1,5.343777930616317,1.333521432163324,7.1260423991982345,0.11220184543019636,0.1122018454301961,9.210596789252668e+24,0.0001181362623737,7.796587266415412e+28,6.37,1.4459335618920987e+24,18,0.0044717688539095,6.316474593232113e-07,True
M1_dark_photon_massive,0.1,5.343777930616317,1.333521432163324,7.1260423991982345,0.12589254117941673,0.1258925411794165,8.208953029193105e+24,0.0001181362623737,6.948715715434351e+28,6.37,1.288689643515401e+24,18,0.0043034095576672,6.078663281424537e-07,True
M1_dark_photon_massive,0.1,5.343777930616317,1.333521432163324,7.1260423991982345,0.14125375446227545,0.1412537544622753,7.316237088364207e+24,0.0001181362623737,6.193049400205566e+28,6.37,1.1485458537463433e+24,18,0.0041413888834686,5.849805416541963e-07,True
M1_dark_photon_massive,0.1,5.343777930616317,1.333521432163324,7.1260423991982345,0.15848931924611134,0.1584893192461111,6.520603168613503e+24,0.0001181362623737,5.519561087841842e+28,6.37,1.0236425696410523e+24,18,0.0039854681861641,5.629563906916089e-07,True
M1_dark_photon_massive,0.1,5.343777930616317,1.333521432163324,7.1260423991982345,0.1778279410038923,0.1778279410038918,5.811493691224658e+24,0.0001181362623737,4.919313997625558e+28,6.37,9.123224005062256e+23,18,0.0038354178054446,5.41761435216877e-07,True
M1_dark_photon_massive,0.1,5.343777930616317,1.333521432163324,7.1260423991982345,0.19952623149688797,0.1995262314968875,5.17949920426232e+24,0.0001181362623737,4.384343215358245e+28,6.37,8.131081953316043e+23,18,0.003691016727568,5.21364456539289e-07,True
M1_dark_photon_massive,0.1,5.343777930616317,1.333521432163324,7.1260423991982345,0.22387211385683395,0.2238721138568337,4.6162335248617805e+24,0.0001181362623737,3.907550003788357e+28,6.37,7.24683441893529e+23,18,0.0035520522598209,5.017354113322838e-07,True
M1_dark_photon_massive,0.1,5.343777930616317,1.333521432163324,7.1260423991982345,0.251188643150958,0.2511886431509575,4.1142224596775096e+24,0.0001181362623737,3.482607606680895e+28,6.37,6.458747974375997e+23,18,0.0034183197172374,4.828453873817259e-07,True
M1_dark_photon_massive,0.1,5.343777930616317,1.333521432163324,7.1260423991982345,0.28183829312644537,0.2818382931264451,3.666804626878507e+24,0.0001181362623737,3.103877296606066e+28,6.37,5.756365191332036e+23,18,0.0032896221211124,4.646665610002318e-07,True
M1_dark_photon_massive,0.1,5.343777930616317,1.333521432163324,7.1260423991982345,0.31622776601683794,0.3162277660168375,3.2680430636586274e+24,0.0001181362623737,2.76633355245219e+28,6.37,5.130365877015114e+23,18,0.0031657699088655,4.471721560448187e-07,True
M1_dark_photon_massive,0.1,5.343777930616317,1.333521432163324,7.1260423991982345,0.35481338923357547,0.3548133892335746,2.912646446347232e+24,0.0001181362623737,2.4654973738138715e+28,6.37,4.572443400859076e+23,18,0.0030465806548289,4.3033640447751525e-07,True
M1_dark_photon_massive,0.1,5.343777930616317,1.333521432163324,7.1260423991982345,0.3981071705534972,0.3981071705534968,2.59589887775889e+24,0.0001181362623737,2.1973768473778987e+28,6.37,4.0751944705791054e+23,18,0.0029318788015469,4.141345084108378e-07,True
M1_dark_photon_massive,0.1,5.343777930616317,1.333521432163324,7.1260423991982345,0.44668359215096315,0.4466835921509624,2.313597310102948e+24,0.0001181362623737,1.9584141766589244e+28,6.37,3.63202089498108e+23,18,0.0028214954011919,3.9854260358223445e-07,True
M1_dark_photon_massive,0.1,5.343777930616317,1.333521432163324,7.1260423991982345,0.5011872336272722,0.5011872336272714,2.0619957730929624e+24,0.0001181362623737,1.7454384722016931e+28,6.37,3.237042029973254e+23,18,0.0027152678667164,3.835377242036882e-07,True
M1_dark_photon_massive,0.1,5.343777930616317,1.333521432163324,7.1260423991982345,0.5623413251903491,0.5623413251903477,1.837755667196921e+24,0.0001181362623737,1.5556236758044906e+28,6.37,2.8850167459920268e+23,18,0.0026130397323731,3.6909776913471683e-07,True
M1_dark_photon_massive,0.1,5.343777930616317,1.333521432163324,7.1260423991982345,0.6309573444801932,0.6309573444801927,1.637901462449863e+24,0.0001181362623737,1.3864510604438176e+28,6.37,2.5712738813969592e+23,18,0.0025146604232524,3.5520146932893173e-07,True
M1_dark_photon_massive,0.1,5.343777930616317,1.333521432163324,7.1260423991982345,0.7079457843841379,0.7079457843841365,1.4597812149790742e+24,0.0001181362623737,1.2356758082970789e+28,6.37,2.291650258993837e+23,18,0.0024199850334954,3.41828356506219e-07,True
M1_dark_photon_massive,0.1,5.343777930616317,1.333521432163324,7.1260423991982345,0.7943282347242815,0.7943282347242802,1.301031377320119e+24,0.0001181362623737,1.101297223373946e+28,6.37,2.0424354432026985e+23,18,0.0023288741128583,3.289587330043889e-07,True
M1_dark_photon_massive,0.1,5.343777930616317,1.333521432163324,7.1260423991982345,0.8912509381337456,0.8912509381337439,1.159545435577995e+24,0.0001181362623737,9.815321834961184e+27,6.37,1.820322504832017e+23,18,0.0022411934613115,3.1657364276589525e-07,True
M1_dark_photon_massive,0.1,5.343777930616317,1.333521432163324,7.1260423991982345,1.0,0.999999999999998,1.0334459572675908e+24,0.0001181362623737,8.747914793493793e+27,6.37,1.622364140137505e+23,18,0.0021568139313724,3.046548434168841e-07,True
M1_dark_photon_massive,0.1,5.343777930616317,1.333521432163324,7.1260423991982345,1.1220184543019633,1.122018454301961,9.210596789252668e+23,0.0001181362623737,7.796587266415412e+27,6.37,1.4459335618920986e+23,18,0.0020756112378803,2.9318477939745e-07,True
M1_dark_photon_massive,0.1,5.343777930616317,1.333521432163324,7.1260423991982345,1.2589254117941673,1.2589254117941653,8.208953029193103e+23,0.0001181362623737,6.94871571543435e+27,6.37,1.2886896435154008e+23,18,0.001997465774933,2.821465561035214e-07,True
M1_dark_photon_massive,0.1,5.343777930616317,1.333521432163324,7.1260423991982345,1.4125375446227544,1.4125375446227528,7.316237088364205e+23,0.0001181362623737,6.193049400205565e+27,6.37,1.148545853746343e+23,18,0.0019222624397156,2.7152391500228725e-07,True
M1_dark_photon_massive,0.1,5.343777930616317,1.333521432163324,7.1260423991982345,1.5848931924611136,1.5848931924611107,6.5206031686135e+23,0.0001181362623737,5.519561087841839e+27,6.37,1.023642569641052e+23,18,0.0018498904629618,2.6130120968451245e-07,True
M1_dark_photon_massive,0.1,5.343777930616317,1.333521432163324,7.1260423991982345,1.7782794100389228,1.7782794100389192,5.811493691224658e+23,0.0001181362623737,4.919313997625558e+27,6.37,9.123224005062255e+22,18,0.0017802432457991,2.514633828184689e-07,True
M1_dark_photon_massive,0.1,5.343777930616317,1.333521432163324,7.1260423991982345,1.9952623149688795,1.9952623149688755,5.17949920426232e+23,0.0001181362623737,4.3843432153582446e+27,6.37,8.131081953316043e+22,18,0.0017132182027357,2.4199594397153586e-07,True
M1_dark_photon_massive,0.1,5.343777930616317,1.333521432163324,7.1260423991982345,2.2387211385683394,2.238721138568337,4.616233524861781e+23,0.0001181362623737,3.9075500037883577e+27,6.37,7.246834418935292e+22,18,0.0016487166105594,2.3288494826680435e-07,True
M1_dark_photon_massive,0.1,5.343777930616317,1.333521432163324,7.1260423991982345,2.51188643150958,2.511886431509578,4.114222459677508e+23,0.0001181362623737,3.482607606680894e+27,6.37,6.4587479743759945e+22,18,0.0015866434629247,2.241169758432456e-07,True
M1_dark_photon_massive,0.1,5.343777930616317,1.333521432163324,7.1260423991982345,2.8183829312644537,2.8183829312644497,3.666804626878505e+23,0.0001181362623737,3.1038772966060647e+27,6.37,5.756365191332033e+22,18,0.001526907330416,2.156791120891927e-07,True
M1_dark_photon_massive,0.1,5.343777930616317,1.333521432163324,7.1260423991982345,3.1622776601683795,3.162277660168373,3.268043063658628e+23,0.0001181362623737,2.76633355245219e+27,6.37,5.130365877015114e+22,18,0.0014694202258777,2.0755892862001813e-07,True
M1_dark_photon_massive,0.1,5.343777930616317,1.333521432163324,7.1260423991982345,3.548133892335755,3.5481338923357506,2.9126464463472315e+23,0.0001181362623737,2.465497373813871e+27,6.37,4.572443400859076e+22,18,0.0014140974748154,1.9974446497199067e-07,True
M1_dark_photon_massive,0.1,5.343777930616317,1.333521432163324,7.1260423991982345,3.9810717055349722,3.9810717055349656,2.5958988777588905e+23,0.0001181362623737,2.1973768473778985e+27,6.37,4.075194470579106e+22,18,0.0013608575906766,1.922242109853462e-07,True
M1_dark_photon_massive,0.1,5.343777930616317,1.333521432163324,7.1260423991982345,4.466835921509632,4.4668359215096265,2.313597310102948e+23,0.0001181362623737,1.958414176658924e+27,6.37,3.63202089498108e+22,18,0.0013096221548262,1.849870898506263e-07,True
M1_dark_photon_massive,0.1,5.343777930616317,1.333521432163324,7.1260423991982345,5.011872336272722,5.011872336272714,2.061995773092962e+23,0.0001181362623737,1.7454384722016927e+27,6.37,3.237042029973253e+22,18,0.0012603157010418,1.7802244179330969e-07,True
M1_dark_photon_massive,0.1,5.343777930616317,1.333521432163324,7.1260423991982345,5.623413251903491,5.623413251903479,1.837755667196921e+23,0.0001181362623737,1.5556236758044905e+27,6.37,2.8850167459920264e+22,18,0.0012128656043569,1.713200083727089e-07,True
M1_dark_photon_massive,0.1,5.343777930616317,1.333521432163324,7.1260423991982345,6.309573444801933,6.309573444801923,1.637901462449863e+23,0.0001181362623737,1.3864510604438176e+27,6.37,2.5712738813969594e+22,18,0.0011672019740896,1.648699173720022e-07,True
M1_dark_photon_massive,0.1,5.343777930616317,1.333521432163324,7.1260423991982345,7.079457843841379,7.07945784384137,1.459781214979074e+23,0.0001181362623737,1.2356758082970788e+27,6.37,2.291650258993837e+22,18,0.0011232575508982,1.586626682571474e-07,True
M1_dark_photon_massive,0.1,5.343777930616317,1.333521432163324,7.1260423991982345,7.943282347242816,7.943282347242799,1.3010313773201183e+23,0.0001181362623737,1.1012972233739456e+27,6.37,2.042435443202698e+22,18,0.0010809676077133,1.526891181832579e-07,True
M1_dark_photon_massive,0.1,5.343777930616317,1.333521432163324,7.1260423991982345,8.912509381337454,8.912509381337436,1.1595454355779946e+23,0.0001181362623737,9.81532183496118e+26,6.37,1.8203225048320164e+22,18,0.0010402698543989,1.4694046852783006e-07,True
M1_dark_photon_massive,0.1,5.343777930616317,1.333521432163324,7.1260423991982345,10.0,9.999999999999982,1.0334459572675906e+23,0.0001181362623737,8.747914793493792e+26,6.37,1.622364140137505e+22,18,0.0010011043460038,1.4140825193098588e-07,True
M1_dark_photon_massive,0.1,5.343777930616317,1.539926526059492,8.229025384727366,0.1,0.0999999999999999,1.1812822295342135e+25,0.0001292142900879,9.142040162353271e+28,6.37,1.8544462002106965e+24,22,0.0055912589158377,1.0531858379727395e-06,True
M1_dark_photon_massive,0.1,5.343777930616317,1.539926526059492,8.229025384727366,0.11220184543019636,0.1122018454301962,1.0528188952730906e+25,0.0001292142900879,8.147851871153732e+28,6.37,1.652776915656343e+24,22,0.0053807515200103,1.0135340508866618e-06,True
M1_dark_photon_massive,0.1,5.343777930616317,1.539926526059492,8.229025384727366,0.12589254117941673,0.1258925411794166,9.383258280970756e+24,0.0001292142900879,7.261780623940559e+28,6.37,1.4730389766045142e+24,22,0.0051781695957744,9.753751287465712e-07,True
M1_dark_photon_massive,0.1,5.343777930616317,1.539926526059492,8.229025384727366,0.14125375446227545,0.1412537544622752,8.362837745666422e+24,0.0001292142900879,6.472068793608478e+28,6.37,1.3128473698063456e+24,22,0.004983214754089,9.38652866122379e-07,True
M1_dark_photon_massive,0.1,5.343777930616317,1.539926526059492,8.229025384727366,0.15848931924611134,0.1584893192461111,7.453386986285498e+24,0.0001292142900879,5.768237383969696e+28,6.37,1.1700764499663262e+24,22,0.0047955998400738,9.033131736832328e-07,True
M1_dark_photon_massive,0.1,5.343777930616317,1.539926526059492,8.229025384727366,0.1778279410038923,0.177827941003892,6.6428381438008e+24,0.0001292142900879,5.140946979841133e+28,6.37,1.0428317337206908e+24,22,0.0046150485100496,8.693039985277045e-07,True
M1_dark_photon_massive,0.1,5.343777930616317,1.539926526059492,8.229025384727366,0.19952623149688797,0.1995262314968877,5.920435727533091e+24,0.0001292142900879,4.581873818679256e+28,6.37,9.294247609942058e+23,22,0.0044412948245038,8.365752475134995e-07,True
M1_dark_photon_massive,0.1,5.343777930616317,1.539926526059492,8.229025384727366,0.22387211385683395,0.2238721138568337,5.276593896324411e+24,0.0001292142900879,4.083599339308333e+28,6.37,8.283506901608181e+23,22,0.0042740828563798,8.050787134737522e-07,True
M1_dark_photon_massive,0.1,5.343777930616317,1.539926526059492,8.229025384727366,0.251188643150958,0.2511886431509577,4.702769260249928e+24,0.0001292142900879,3.639511742120896e+28,6.37,7.382683297095648e+23,22,0.0041131663141144,7.747680042112328e-07,True
M1_dark_photon_massive,0.1,5.343777930616317,1.539926526059492,8.229025384727366,0.28183829312644537,0.281838293126445,4.1913475150242886e+24,0.0001292142900879,3.243718254514031e+28,6.37,6.57982341448083e+23,22,0.0039583081788675,7.455984741658768e-07,True
M1_dark_photon_massive,0.1,5.343777930616317,1.539926526059492,8.229025384727366,0.31622776601683794,0.3162277660168375,3.73554240480994e+24,0.0001292142900879,2.8909669373771857e+28,6.37,5.864273790910424e+23,22,0.0038092803554098,7.175271586549906e-07,True
M1_dark_photon_massive,0.1,5.343777930616317,1.539926526059492,8.229025384727366,0.35481338923357547,0.3548133892335752,3.329305672725248e+24,0.0001292142900879,2.576576995051058e+28,6.37,5.226539517622052e+23,22,0.0036658633361546,6.905127105892708e-07,True
M1_dark_photon_massive,0.1,5.343777930616317,1.539926526059492,8.229025384727366,0.3981071705534972,0.3981071705534968,2.967246804150377e+24,0.0001292142900879,2.296376664013082e+28,6.37,4.658158248273747e+23,22,0.0035278458778382,6.645153395714269e-07,True
M1_dark_photon_massive,0.1,5.343777930616317,1.539926526059492,8.229025384727366,0.44668359215096315,0.4466835921509627,2.644561497873382e+24,0.0001292142900879,2.0466478561101005e+28,6.37,4.151587908749423e+23,22,0.0033950246903735,6.394967532877013e-07,True
M1_dark_photon_massive,0.1,5.343777930616317,1.539926526059492,8.229025384727366,0.5011872336272722,0.5011872336272718,2.3569679159320347e+24,0.0001292142900879,1.824076821787546e+28,6.37,3.700106618417637e+23,22,0.0032672041374179,6.154201011059632e-07,True
M1_dark_photon_massive,0.1,5.343777930616317,1.539926526059492,8.229025384727366,0.5623413251903491,0.5623413251903484,2.1006498662255653e+24,0.0001292142900879,1.6257101786461717e+28,6.37,3.2977234948596e+23,22,0.0031441959482145,5.922499197972988e-07,True
M1_dark_photon_massive,0.1,5.343777930616317,1.539926526059492,8.229025384727366,0.6309573444801932,0.6309573444801925,1.8722061639640615e+24,0.0001292142900879,1.4489157218519791e+28,6.37,2.939099158499312e+23,22,0.0030258189402826,5.699520813011481e-07,True
M1_dark_photon_massive,0.1,5.343777930616317,1.539926526059492,8.229025384727366,0.7079457843841379,0.7079457843841374,1.668605500012751e+24,0.0001292142900879,1.2913474963773097e+28,6.37,2.619474882280614e+23,22,0.0029118987525481,5.484937424570543e-07,True
M1_dark_photon_massive,0.1,5.343777930616317,1.539926526059492,8.229025384727366,0.7943282347242815,0.7943282347242804,1.4871462172614925e+24,0.0001292142900879,1.150914667602941e+28,6.37,2.33460944625038e+23,22,0.0028022675885225,5.278432966289781e-07,True
M1_dark_photon_massive,0.1,5.343777930616317,1.539926526059492,8.229025384727366,0.8912509381337456,0.8912509381337445,1.3254204612763557e+24,0.0001292142900879,1.025753777213009e+28,6.37,2.080722859146555e+23,22,0.0026967639691497,5.079703271509291e-07,True
M1_dark_photon_massive,0.1,5.343777930616317,1.539926526059492,8.229025384727366,1.0,0.9999999999999984,1.181282229534214e+24,0.0001292142900879,9.142040162353272e+27,6.37,1.8544462002106967e+23,22,0.002595232494959,4.888455625253387e-07,True
M1_dark_photon_massive,0.1,5.343777930616317,1.539926526059492,8.229025384727366,1.1220184543019633,1.1220184543019625,1.0528188952730904e+24,0.0001292142900879,8.147851871153732e+27,6.37,1.652776915656343e+23,22,0.0024975236171725,4.7044083330818566e-07,True
M1_dark_photon_massive,0.1,5.343777930616317,1.539926526059492,8.229025384727366,1.2589254117941673,1.2589254117941664,9.383258280970756e+23,0.0001292142900879,7.261780623940557e+27,6.37,1.473038976604514e+23,22,0.0024034934174299,4.527290306173712e-07,True
M1_dark_photon_massive,0.1,5.343777930616317,1.539926526059492,8.229025384727366,1.4125375446227544,1.4125375446227535,8.36283774566642e+23,0.0001292142900879,6.472068793608477e+27,6.37,1.3128473698063454e+23,22,0.0023130033958074,4.356840662032266e-07,True
M1_dark_photon_massive,0.1,5.343777930616317,1.539926526059492,8.229025384727366,1.5848931924611136,1.5848931924611127,7.453386986285494e+23,0.0001292142900879,5.768237383969693e+27,6.37,1.1700764499663256e+23,22,0.0022259202668161,4.1928083402234133e-07,True
M1_dark_photon_massive,0.1,5.343777930616317,1.539926526059492,8.229025384727366,1.7782794100389228,1.7782794100389208,6.6428381438008e+23,0.0001292142900879,5.140946979841134e+27,6.37,1.0428317337206908e+23,22,0.0021421157630827,4.034951732581133e-07,True
M1_dark_photon_massive,0.1,5.343777930616317,1.539926526059492,8.229025384727366,1.9952623149688795,1.995262314968877,5.920435727533091e+23,0.0001292142900879,4.581873818679256e+27,6.37,9.294247609942058e+22,22,0.0020614664464199,3.883038327335506e-07,True
M1_dark_photon_massive,0.1,5.343777930616317,1.539926526059492,8.229025384727366,2.2387211385683394,2.2387211385683354,5.276593896324411e+23,0.0001292142900879,4.083599339308333e+27,6.37,8.28350690160818e+22,22,0.0019838535260108,3.736844366639111e-07,True
M1_dark_photon_massive,0.1,5.343777930616317,1.539926526059492,8.229025384727366,2.51188643150958,2.511886431509578,4.702769260249926e+23,0.0001292142900879,3.639511742120895e+27,6.37,7.382683297095645e+22,22,0.0019091626834385,3.596154516987317e-07,True
M1_dark_photon_massive,0.1,5.343777930616317,1.539926526059492,8.229025384727366,2.8183829312644537,2.818382931264452,4.191347515024287e+23,0.0001292142900879,3.2437182545140294e+27,6.37,6.579823414480827e+22,22,0.0018372839043029,3.46076155204706e-07,True
M1_dark_photon_massive,0.1,5.343777930616317,1.539926526059492,8.229025384727366,3.1622776601683795,3.162277660168374,3.73554240480994e+23,0.0001292142900879,2.8909669373771855e+27,6.37,5.864273790910424e+22,22,0.0017681113161771,3.33046604742691e-07,True
M1_dark_photon_massive,0.1,5.343777930616317,1.539926526059492,8.229025384727366,3.548133892335755,3.548133892335751,3.3293056727252466e+23,0.0001292142900879,2.5765769950510573e+27,6.37,5.226539517622052e+22,22,0.0017015430326645,3.205076086938852e-07,True
M1_dark_photon_massive,0.1,5.343777930616317,1.539926526059492,8.229025384727366,3.9810717055349722,3.981071705534968,2.9672468041503767e+23,0.0001292142900879,2.2963766640130824e+27,6.37,4.658158248273746e+22,22,0.001637481003328,3.084406979919139e-07,True
M1_dark_photon_massive,0.1,5.343777930616317,1.539926526059492,8.229025384727366,4.466835921509632,4.466835921509627,2.6445614978733813e+23,0.0001292142900879,2.0466478561101e+27,6.37,4.151587908749421e+22,22,0.0015758308692677,2.96828098919182e-07,True
M1_dark_photon_massive,0.1,5.343777930616317,1.539926526059492,8.229025384727366,5.011872336272722,5.0118723362727176,2.3569679159320343e+23,0.0001292142900879,1.8240768217875453e+27,6.37,3.700106618417636e+22,22,0.0015165018241372,2.8565270692742865e-07,True
M1_dark_photon_massive,0.1,5.343777930616317,1.539926526059492,8.229025384727366,5.623413251903491,5.623413251903487,2.100649866225565e+23,0.0001292142900879,1.625710178646171e+27,6.37,3.2977234948596e+22,22,0.0014594064803923,2.7489806144392056e-07,True
M1_dark_photon_massive,0.1,5.343777930616317,1.539926526059492,8.229025384727366,6.309573444801933,6.309573444801925,1.8722061639640615e+23,0.0001292142900879,1.448915721851979e+27,6.37,2.939099158499312e+22,22,0.0014044607405749,2.645483216261773e-07,True
M1_dark_photon_massive,0.1,5.343777930616317,1.539926526059492,8.229025384727366,7.079457843841379,7.079457843841368,1.668605500012751e+23,0.0001292142900879,1.2913474963773096e+27,6.37,2.6194748822806136e+22,22,0.0013515836734438,2.5458824302951464e-07,True
M1_dark_photon_massive,0.1,5.343777930616317,1.539926526059492,8.229025384727366,7.943282347242816,7.94328234724281,1.4871462172614917e+23,0.0001292142900879,1.1509146676029406e+27,6.37,2.33460944625038e+22,22,0.0013006973947681,2.450031551530422e-07,True
M1_dark_photon_massive,0.1,5.343777930616317,1.539926526059492,8.229025384727366,8.912509381337454,8.912509381337449,1.3254204612763552e+23,0.0001292142900879,1.0257537772130084e+27,6.37,2.0807228591465545e+22,22,0.0012517269526094,2.357789398310383e-07,True
M1_dark_photon_massive,0.1,5.343777930616317,1.539926526059492,8.229025384727366,10.0,9.999999999999988,1.181282229534214e+23,0.0001292142900879,9.142040162353272e+26,6.37,1.8544462002106967e+22,22,0.001204600216923,2.2690201043787695e-07,True
M1_dark_photon_massive,0.1,5.343777930616317,1.7782794100389228,9.5027302658354,0.1,0.0999999999999999,1.4505586683033087e+25,0.0001742901054344,8.322667914439275e+28,6.37,2.277172163741458e+24,35,0.0067268383850774,1.689687536306181e-06,True
M1_dark_photon_massive,0.1,5.343777930616317,1.7782794100389228,9.5027302658354,0.11220184543019636,0.1122018454301962,1.2928117739433604e+25,0.0001742901054344,7.417585586519626e+28,6.37,2.029531827226625e+24,35,0.0064735771335579,1.6260718589812963e-06,True
M1_dark_photon_massive,0.1,5.343777930616317,1.7782794100389228,9.5027302658354,0.12589254117941673,0.1258925411794165,1.152219706357372e+25,0.0001742901054344,6.610930112672966e+28,6.37,1.808822144988025e+24,35,0.0062298510095158,1.564851272058955e-06,True
M1_dark_photon_massive,0.1,5.343777930616317,1.7782794100389228,9.5027302658354,0.14125375446227545,0.1412537544622752,1.0269168942271964e+25,0.0001742901054344,5.8919976648564085e+28,6.37,1.612114433637671e+24,35,0.0059953010213743,1.5059356018857812e-06,True
M1_dark_photon_massive,0.1,5.343777930616317,1.7782794100389228,9.5027302658354,0.15848931924611134,0.1584893192461111,9.152406453653812e+24,0.0001742901054344,5.251248446285113e+28,6.37,1.4367985013585262e+24,35,0.0057695816933647,1.4492380697899645e-06,True
M1_dark_photon_massive,0.1,5.343777930616317,1.7782794100389228,9.5027302658354,0.1778279410038923,0.1778279410038921,8.157090838000307e+24,0.0001742901054344,4.680180104124981e+28,6.37,1.280548012244946e+24,35,0.0055523605566644,1.3946751642623287e-06,True
M1_dark_photon_massive,0.1,5.343777930616317,1.7782794100389228,9.5027302658354,0.19952623149688797,0.1995262314968876,7.270014861809953e+24,0.0001742901054344,4.17121490843628e+28,6.37,1.1412896172386112e+24,35,0.005343317659694,1.3421665179497097e-06,True
M1_dark_photon_massive,0.1,5.343777930616317,1.7782794100389228,9.5027302658354,0.22387211385683395,0.2238721138568337,6.479407565834392e+24,0.0001742901054344,3.7175992003012994e+28,6.37,1.0171754420462156e+24,35,0.0051421450968505,1.291634789279444e-06,True
M1_dark_photon_massive,0.1,5.343777930616317,1.7782794100389228,9.5027302658354,0.251188643150958,0.2511886431509577,5.774778071600792e+24,0.0001742901054344,3.313313774873796e+28,6.37,9.06558566970297e+23,35,0.004948546554984,1.2430055485406362e-06,True
M1_dark_photon_massive,0.1,5.343777930616317,1.7782794100389228,9.5027302658354,0.28183829312644537,0.281838293126445,5.146776373828388e+24,0.0001742901054344,2.952994010187732e+28,6.37,8.079711732854613e+23,35,0.0047622368769489,1.196207168254381e-06,True
M1_dark_photon_massive,0.1,5.343777930616317,1.7782794100389228,9.5027302658354,0.31622776601683794,0.3162277660168375,4.587069271539148e+24,0.0001742901054344,2.6318586818831474e+28,6.37,7.201050661756904e+23,35,0.0045829416415879,1.1511707176714871e-06,True
M1_dark_photon_massive,0.1,5.343777930616317,1.7782794100389228,9.5027302658354,0.35481338923357547,0.3548133892335751,4.088229791543742e+24,0.0001742901054344,2.345646519263798e+28,6.37,6.417943157839469e+23,35,0.004410396759528,1.107829861242293e-06,True
M1_dark_photon_massive,0.1,5.343777930616317,1.7782794100389228,9.5027302658354,0.3981071705534972,0.3981071705534968,3.643638637019687e+24,0.0001742901054344,2.090559660824014e+28,6.37,5.71999786031348e+23,35,0.0042443480841958,1.066120760909028e-06,True
M1_dark_photon_massive,0.1,5.343777930616317,1.7782794100389228,9.5027302658354,0.44668359215096315,0.4466835921509625,3.247396353464158e+24,0.0001742901054344,1.863213258933968e+28,6.37,5.097953459127406e+23,35,0.0040845510374774,1.0259819820768105e-06,True
M1_dark_photon_massive,0.1,5.343777930616317,1.7782794100389228,9.5027302658354,0.5011872336272722,0.5011872336272716,2.8942450465170346e+24,0.0001742901054344,1.6605905649681322e+28,6.37,4.543555803009473e+23,35,0.0039307702494713,9.873544031247709e-07,True
M1_dark_photon_massive,0.1,5.343777930616317,1.7782794100389228,9.5027302658354,0.5623413251903491,0.5623413251903483,2.579498612897254e+24,0.0001742901054344,1.4800028988838946e+28,6.37,4.049448371895218e+23,35,0.0037827792118057,9.50181128324034e-07,True
M1_dark_photon_massive,0.1,5.343777930616317,1.7782794100389228,9.5027302658354,0.6309573444801932,0.6309573444801923,2.298980558659372e+24,0.0001742901054344,1.3190539720709336e+28,6.37,3.6090746603757805e+23,35,0.0036403599440069,9.144074040342768e-07,True
M1_dark_photon_massive,0.1,5.343777930616317,1.7782794100389228,9.5027302658354,0.7079457843841379,0.707945784384137,2.048968579656408e+24,0.0001742901054344,1.175608090057263e+28,6.37,3.216591176854644e+23,35,0.0035033026724295,8.799805380554363e-07,True
M1_dark_photon_massive,0.1,5.343777930616317,1.7782794100389228,9.5027302658354,0.7943282347242815,0.7943282347242807,1.8261451688253415e+24,0.0001742901054344,1.0477618131411566e+28,6.37,2.8667899039644298e+23,35,0.0033714055212747,8.468498220157762e-07,True
M1_dark_photon_massive,0.1,5.343777930616317,1.7782794100389228,9.5027302658354,0.8912509381337456,0.8912509381337447,1.627553594883993e+24,0.0001742901054344,9.3381869890277e+27,6.37,2.555029191340648e+23,35,0.0032444742152406,8.149664566819921e-07,True
M1_dark_photon_massive,0.1,5.343777930616317,1.7782794100389228,9.5027302658354,1.0,0.9999999999999986,1.4505586683033088e+24,0.0001742901054344,8.322667914439275e+27,6.37,2.277172163741458e+23,35,0.0031223217933693,7.842834800813458e-07,True
M1_dark_photon_massive,0.1,5.343777930616317,1.7782794100389228,9.5027302658354,1.1220184543019633,1.1220184543019616,1.2928117739433605e+24,0.0001742901054344,7.417585586519627e+27,6.37,2.0295318272266256e+23,35,0.0030047683336653,7.547556983299562e-07,True
M1_dark_photon_massive,0.1,5.343777930616317,1.7782794100389228,9.5027302658354,1.2589254117941673,1.258925411794166,1.1522197063573716e+24,0.0001742901054344,6.610930112672965e+27,6.37,1.8088221449880245e+23,35,0.002891640688084,7.263396190653599e-07,True
M1_dark_photon_massive,0.1,5.343777930616317,1.7782794100389228,9.5027302658354,1.4125375446227544,1.4125375446227528,1.0269168942271962e+24,0.0001742901054344,5.891997664856408e+27,6.37,1.6121144336376706e+23,35,0.0027827722274958,6.989933873852982e-07,True
M1_dark_photon_massive,0.1,5.343777930616317,1.7782794100389228,9.5027302658354,1.5848931924611136,1.5848931924611118,9.152406453653809e+23,0.0001742901054344,5.251248446285111e+27,6.37,1.4367985013585256e+23,35,0.0026780025962538,6.726767241983634e-07,True
M1_dark_photon_massive,0.1,5.343777930616317,1.7782794100389228,9.5027302658354,1.7782794100389228,1.7782794100389203,8.157090838000307e+23,0.0001742901054344,4.6801801041249806e+27,6.37,1.2805480122449462e+23,35,0.0025771774760005,6.473508668957094e-07,True
M1_dark_photon_massive,0.1,5.343777930616317,1.7782794100389228,9.5027302658354,1.9952623149688795,1.9952623149688768,7.270014861809954e+23,0.0001742901054344,4.17121490843628e+27,6.37,1.1412896172386111e+23,35,0.0024801483583682,6.229785122564317e-07,True
M1_dark_photon_massive,0.1,5.343777930616317,1.7782794100389228,9.5027302658354,2.2387211385683394,2.2387211385683368,6.479407565834393e+23,0.0001742901054344,3.7175992003013e+27,6.37,1.0171754420462155e+23,35,0.0023867723262358,5.995237615025262e-07,True
M1_dark_photon_massive,0.1,5.343777930616317,1.7782794100389228,9.5027302658354,2.51188643150958,2.5118864315095766,5.7747780716007904e+23,0.0001742901054344,3.3133137748737947e+27,6.37,9.065585669702967e+22,35,0.0022969118432226,5.769520674224944e-07,True
M1_dark_photon_massive,0.1,5.343777930616317,1.7782794100389228,9.5027302658354,2.8183829312644537,2.81838293126445,5.146776373828386e+23,0.0001742901054344,2.9529940101877307e+27,6.37,8.079711732854609e+22,35,0.0022104345511065,5.552301834857097e-07,True
M1_dark_photon_massive,0.1,5.343777930616317,1.7782794100389228,9.5027302658354,3.1622776601683795,3.162277660168374,4.5870692715391474e+23,0.0001742901054344,2.631858681883147e+27,6.37,7.201050661756903e+22,35,0.0021272130748693,5.343261148725984e-07,True
M1_dark_photon_massive,0.1,5.343777930616317,1.7782794100389228,9.5027302658354,3.548133892335755,3.5481338923357493,4.088229791543742e+23,0.0001742901054344,2.3456465192637976e+27,6.37,6.417943157839469e+22,35,0.0020471248350827,5.142090713485021e-07,True
M1_dark_photon_massive,0.1,5.343777930616317,1.7782794100389228,9.5027302658354,3.9810717055349722,3.9810717055349674,3.643638637019687e+23,0.0001742901054344,2.0905596608240147e+27,6.37,5.71999786031348e+22,35,0.0019700518673569,4.948494219118105e-07,True
M1_dark_photon_massive,0.1,5.343777930616317,1.7782794100389228,9.5027302658354,4.466835921509632,4.4668359215096265,3.247396353464157e+23,0.0001742901054344,1.8632132589339675e+27,6.37,5.097953459127404e+22,35,0.0018958806485876,4.762186511495628e-07,True
M1_dark_photon_massive,0.1,5.343777930616317,1.7782794100389228,9.5027302658354,5.011872336272722,5.011872336272718,2.8942450465170346e+23,0.0001742901054344,1.660590564968132e+27,6.37,4.543555803009473e+22,35,0.0018245019297443,4.582893172362346e-07,True
M1_dark_photon_massive,0.1,5.343777930616317,1.7782794100389228,9.5027302658354,5.623413251903491,5.623413251903485,2.579498612897253e+23,0.0001742901054344,1.4800028988838946e+27,6.37,4.0494483718952175e+22,35,0.001755810574954,4.4103501151384274e-07,True
M1_dark_photon_massive,0.1,5.343777930616317,1.7782794100389228,9.5027302658354,6.309573444801933,6.309573444801924,2.2989805586593724e+23,0.0001742901054344,1.3190539720709337e+27,6.37,3.6090746603757808e+22,35,0.0016897054066433,4.2443031959383483e-07,True
M1_dark_photon_massive,0.1,5.343777930616317,1.7782794100389228,9.5027302658354,7.079457843841379,7.079457843841368,2.048968579656408e+23,0.0001742901054344,1.1756080900572632e+27,6.37,3.2165911768546438e+22,35,0.0016260890565114,4.084507839234679e-07,True
M1_dark_photon_massive,0.1,5.343777930616317,1.7782794100389228,9.5027302658354,7.943282347242816,7.943282347242805,1.826145168825341e+23,0.0001742901054344,1.0477618131411564e+27,6.37,2.866789903964429e+22,35,0.0015648678221129,3.930728677615396e-07,True
M1_dark_photon_massive,0.1,5.343777930616317,1.7782794100389228,9.5027302658354,8.912509381337454,8.912509381337445,1.6275535948839923e+23,0.0001742901054344,9.338186989027695e+26,6.37,2.5550291913406478e+22,35,0.0015059515288405,3.782739205104107e-07,True
M1_dark_photon_massive,0.1,5.343777930616317,1.7782794100389228,9.5027302658354,10.0,9.999999999999986,1.4505586683033088e+23,0.0001742901054344,8.322667914439276e+26,6.37,2.2771721637414583e+22,35,0.0014492533971048,3.640321443532545e-07,True
M1_dark_photon_massive,0.1,5.343777930616317,2.0535250264571463,10.973581716349988,0.1,0.0999999999999998,1.813411428185438e+25,0.0001917569349039,9.45682318657207e+28,6.37,2.8467997302754125e+24,39,0.0080918443818441,2.7104595408173736e-06,True
M1_dark_photon_massive,0.1,5.343777930616317,2.0535250264571463,10.973581716349988,0.11220184543019636,0.1122018454301961,1.6162046365927266e+25,0.0001917569349039,8.428402536797315e+28,6.37,2.537212930286855e+24,39,0.0077871915095835,2.608412436932275e-06,True
M1_dark_photon_massive,0.1,5.343777930616317,2.0535250264571463,10.973581716349988,0.12589254117941673,0.1258925411794165,1.440443898579377e+25,0.0001917569349039,7.511821667889448e+28,6.37,2.2612934043632287e+24,39,0.0074940086271295,2.51020734258634e-06,True
M1_dark_photon_massive,0.1,5.343777930616317,2.0535250264571463,10.973581716349988,0.14125375446227545,0.1412537544622752,1.2837969759378994e+25,0.0001917569349039,6.694918108599867e+28,6.37,2.015379868034379e+24,39,0.0072118638965508,2.4156996085270454e-06,True
M1_dark_photon_massive,0.1,5.343777930616317,2.0535250264571463,10.973581716349988,0.15848931924611134,0.1584893192461111,1.144185259177919e+25,0.0001917569349039,5.966852045018234e+28,6.37,1.796209198081505e+24,39,0.0069403417383434,2.32475003145562e-06,True
M1_dark_photon_massive,0.1,5.343777930616317,2.0535250264571463,10.973581716349988,0.1778279410038923,0.177827941003892,1.0197561856411226e+25,0.0001917569349039,5.317962482827758e+28,6.37,1.6008731328746035e+24,39,0.0066790422193116,2.237224648990292e-06,True
M1_dark_photon_massive,0.1,5.343777930616317,2.0535250264571463,10.973581716349988,0.19952623149688797,0.1995262314968876,9.088586571203404e+24,0.0001917569349039,4.739639051780302e+28,6.37,1.426779681507599e+24,39,0.0064275804634938,2.152994542349051e-06,True
M1_dark_photon_massive,0.1,5.343777930616317,2.0535250264571463,10.973581716349988,0.22387211385683395,0.2238721138568336,8.100211307894796e+24,0.0001917569349039,4.22420775131453e+28,6.37,1.271618729653814e+24,39,0.0061855860852674,2.0719356464612754e-06,True
M1_dark_photon_massive,0.1,5.343777930616317,2.0535250264571463,10.973581716349988,0.251188643150958,0.2511886431509575,7.219320927242812e+24,0.0001917569349039,3.764829121230915e+28,6.37,1.1333313857524037e+24,39,0.0059527026437963,1.993928567228537e-06,True
M1_dark_photon_massive,0.1,5.343777930616317,2.0535250264571463,10.973581716349988,0.28183829312644537,0.2818382931264451,6.434226549093738e+24,0.0001917569349039,3.355407486210298e+28,6.37,1.0100826607682478e+24,39,0.005728587118019,1.918858405665426e-06,True
M1_dark_photon_massive,0.1,5.343777930616317,2.0535250264571463,10.973581716349988,0.31622776601683794,0.3162277660168373,5.734510448044846e+24,0.0001917569349039,2.990510069905921e+28,6.37,9.002371190023305e+23,39,0.0055129094014016,1.84661458866136e-06,True
M1_dark_photon_massive,0.1,5.343777930616317,2.0535250264571463,10.973581716349988,0.35481338923357547,0.3548133892335748,5.110887816557734e+24,0.0001917569349039,2.6652949053020648e+28,6.37,8.023371768536474e+23,39,0.0053053518157147,1.777090706114109e-06,True
M1_dark_photon_massive,0.1,5.343777930616317,2.0535250264571463,10.973581716349988,0.3981071705534972,0.3981071705534968,4.55508356120341e+24,0.0001917569349039,2.3754465847535574e+28,6.37,7.15083761570394e+23,39,0.0051056086431153,1.710184354195134e-06,True
M1_dark_photon_massive,0.1,5.343777930616317,2.0535250264571463,10.973581716349988,0.44668359215096315,0.4466835921509626,4.059722497200142e+24,0.0001917569349039,2.11711899714821e+28,6.37,6.373190733438213e+23,39,0.0049133856758455,1.6457969845158975e-06,True
M1_dark_photon_massive,0.1,5.343777930616317,2.0535250264571463,10.973581716349988,0.5011872336272722,0.5011872336272718,3.6182314841922985e+24,0.0001917569349039,1.8868842923491164e+28,6.37,5.680112220082101e+23,39,0.0047283997828853,1.5838337589729597e-06,True
M1_dark_photon_massive,0.1,5.343777930616317,2.0535250264571463,10.973581716349988,0.5623413251903491,0.5623413251903482,3.224752204671441e+24,0.0001917569349039,1.6816873957059789e+28,6.37,5.062405344853126e+23,39,0.0045503784929203,1.524203410058067e-06,True
M1_dark_photon_massive,0.1,5.343777930616317,2.0535250264571463,10.973581716349988,0.6309573444801932,0.6309573444801926,2.8740634276622857e+24,0.0001917569349039,1.4988054690706489e+28,6.37,4.5118735128136354e+23,39,0.0043790595930102,1.4668181064274837e-06,True
M1_dark_photon_massive,0.1,5.343777930616317,2.0535250264571463,10.973581716349988,0.7079457843841379,0.7079457843841367,2.5615117261599004e+24,0.0001917569349039,1.3358117803892042e+28,6.37,4.021211501035951e+23,39,0.0042141907423679,1.411593323532547e-06,True
M1_dark_photon_massive,0.1,5.343777930616317,2.0535250264571463,10.973581716349988,0.7943282347242815,0.79432823472428,2.2829497289806013e+24,0.0001917569349039,1.1905435024419874e+28,6.37,3.583908522732498e+23,39,0.0040555291006788,1.3584477191209063e-06,True
M1_dark_photon_massive,0.1,5.343777930616317,2.0535250264571463,10.973581716349988,0.8912509381337456,0.8912509381337442,2.034681087666141e+24,0.0001917569349039,1.0610730134404562e+28,6.37,3.1941618330708644e+23,39,0.0039028409704139,1.307303013425059e-06,True
M1_dark_photon_massive,0.1,5.343777930616317,2.0535250264571463,10.973581716349988,1.0,0.9999999999999984,1.813411428185438e+24,0.0001917569349039,9.456823186572073e+27,6.37,2.8467997302754127e+23,39,0.0037559014526099,1.2580838738617145e-06,True
M1_dark_photon_massive,0.1,5.343777930616317,2.0535250264571463,10.973581716349988,1.1220184543019633,1.1220184543019611,1.6162046365927266e+24,0.0001917569349039,8.428402536797314e+27,6.37,2.537212930286855e+23,39,0.0036144941156087,1.2107178040721544e-06,True
M1_dark_photon_massive,0.1,5.343777930616317,2.0535250264571463,10.973581716349988,1.2589254117941673,1.258925411794166,1.440443898579377e+24,0.0001917569349039,7.511821667889446e+27,6.37,2.261293404363229e+23,39,0.0034784106762682,1.165135037140156e-06,True
M1_dark_photon_massive,0.1,5.343777930616317,2.0535250264571463,10.973581716349988,1.4125375446227544,1.4125375446227526,1.2837969759378991e+24,0.0001917569349039,6.694918108599865e+27,6.37,2.0153798680343784e+23,39,0.0033474506931765,1.1212684328301895e-06,True
M1_dark_photon_massive,0.1,5.343777930616317,2.0535250264571463,10.973581716349988,1.5848931924611136,1.5848931924611112,1.1441852591779182e+24,0.0001917569349039,5.966852045018231e+27,6.37,1.7962091980815043e+23,39,0.0032214212714151,1.079053378694536e-06,True
M1_dark_photon_massive,0.1,5.343777930616317,2.0535250264571463,10.973581716349988,1.7782794100389228,1.77827941003892,1.0197561856411228e+24,0.0001917569349039,5.317962482827758e+27,6.37,1.600873132874604e+23,39,0.0031001367784385,1.0384276949036609e-06,True
M1_dark_photon_massive,0.1,5.343777930616317,2.0535250264571463,10.973581716349988,1.9952623149688795,1.995262314968875,9.088586571203406e+23,0.0001917569349039,4.739639051780302e+27,6.37,1.426779681507599e+23,39,0.00298341857065,9.993315426596612e-07,True
M1_dark_photon_massive,0.1,5.343777930616317,2.0535250264571463,10.973581716349988,2.2387211385683394,2.2387211385683363,8.100211307894796e+23,0.0001917569349039,4.22420775131453e+27,6.37,1.271618729653814e+23,39,0.0028710947302727,9.61707336057893e-07,True
M1_dark_photon_massive,0.1,5.343777930616317,2.0535250264571463,10.973581716349988,2.51188643150958,2.511886431509577,7.219320927242809e+23,0.0001917569349039,3.764829121230914e+27,6.37,1.1333313857524033e+23,39,0.0027629998121262,9.254996572669504e-07,True
M1_dark_photon_massive,0.1,5.343777930616317,2.0535250264571463,10.973581716349988,2.8183829312644537,2.818382931264451,6.434226549093735e+23,0.0001917569349039,3.3554074862102966e+27,6.37,1.0100826607682473e+23,39,0.0026589745999375,8.90655174902066e-07,True
M1_dark_photon_massive,0.1,5.343777930616317,2.0535250264571463,10.973581716349988,3.1622776601683795,3.1622776601683733,5.7345104480448456e+23,0.0001917569349039,2.9905100699059206e+27,6.37,9.002371190023306e+22,39,0.0025588658718264,8.571225654717024e-07,True
M1_dark_photon_massive,0.1,5.343777930616317,2.0535250264571463,10.973581716349988,3.548133892335755,3.5481338923357493,5.110887816557734e+23,0.0001917569349039,2.6652949053020643e+27,6.37,8.023371768536474e+22,39,0.0024625261746208,8.248524377816296e-07,True
M1_dark_photon_massive,0.1,5.343777930616317,2.0535250264571463,10.973581716349988,3.9810717055349722,3.981071705534966,4.55508356120341e+23,0.0001917569349039,2.3754465847535573e+27,6.37,7.15083761570394e+22,39,0.0023698136066681,7.937972601851416e-07,True
M1_dark_photon_massive,0.1,5.343777930616317,2.0535250264571463,10.973581716349988,4.466835921509632,4.466835921509624,4.059722497200141e+23,0.0001917569349039,2.1171189971482093e+27,6.37,6.373190733438212e+22,39,0.0022805916088237,7.639112905722575e-07,True
M1_dark_photon_massive,0.1,5.343777930616317,2.0535250264571463,10.973581716349988,5.011872336272722,5.011872336272719,3.618231484192298e+23,0.0001917569349039,1.886884292349116e+27,6.37,5.6801122200821e+22,39,0.0021947287633097,7.351505089947842e-07,True
M1_dark_photon_massive,0.1,5.343777930616317,2.0535250264571463,10.973581716349988,5.623413251903491,5.623413251903484,3.224752204671441e+23,0.0001917569349039,1.6816873957059787e+27,6.37,5.062405344853125e+22,39,0.002112098600145,7.074725528280044e-07,True
M1_dark_photon_massive,0.1,5.343777930616317,2.0535250264571463,10.973581716349988,6.309573444801933,6.309573444801923,2.8740634276622856e+23,0.0001917569349039,1.4988054690706487e+27,6.37,4.511873512813635e+22,39,0.0020325794108641,6.808366543734848e-07,True
M1_dark_photon_massive,0.1,5.343777930616317,2.0535250264571463,10.973581716349988,7.079457843841379,7.079457843841371,2.5615117261599003e+23,0.0001917569349039,1.335811780389204e+27,6.37,4.02121150103595e+22,39,0.0019560540692489,6.55203580811102e-07,True
M1_dark_photon_massive,0.1,5.343777930616317,2.0535250264571463,10.973581716349988,7.943282347242816,7.943282347242802,2.282949728980601e+23,0.0001917569349039,1.190543502441987e+27,6.37,3.583908522732497e+22,39,0.0018824098588102,6.305355764118346e-07,True
M1_dark_photon_massive,0.1,5.343777930616317,2.0535250264571463,10.973581716349988,8.912509381337454,8.91250938133744,2.03468108766614e+23,0.0001917569349039,1.061073013440456e+27,6.37,3.194161833070864e+22,39,0.0018115383067639,6.067963069262089e-07,True
M1_dark_photon_massive,0.1,5.343777930616317,2.0535250264571463,10.973581716349988,10.0,9.999999999999986,1.813411428185438e+23,0.0001917569349039,9.456823186572073e+26,6.37,2.846799730275413e+22,39,0.0017433350242584,5.839508060664841e-07,True
M1_dark_photon_massive,0.1,5.343777930616317,2.371373705661655,12.672094473558586,0.1,0.0999999999999999,2.484543957327584e+25,0.0002062792165632,1.2044567546461964e+29,6.37,3.900382978536239e+24,42,0.0097323193871371,4.347221407074052e-06,True
M1_dark_photon_massive,0.1,5.343777930616317,2.371373705661655,12.672094473558586,0.11220184543019636,0.1122018454301962,2.214352132802738e+25,0.0002062792165632,1.073473212519949e+29,6.37,3.476219988701316e+24,42,0.0093659036585177,4.183551244188895e-06,True
M1_dark_photon_massive,0.1,5.343777930616317,2.371373705661655,12.672094473558586,0.12589254117941673,0.1258925411794165,1.9735434157189005e+25,0.0002062792165632,9.5673400771985e+28,6.37,3.0981843260893256e+24,42,0.0090132832525586,4.026043160413686e-06,True
M1_dark_photon_massive,0.1,5.343777930616317,2.371373705661655,12.672094473558586,0.14125375446227545,0.1412537544622752,1.7589224207071466e+25,0.0002062792165632,8.526900819247745e+28,6.37,2.7612596871383776e+24,42,0.0086739387840032,3.87446515732985e-06,True
M1_dark_photon_massive,0.1,5.343777930616317,2.371373705661655,12.672094473558586,0.15848931924611134,0.1584893192461111,1.5676412575597231e+25,0.0002062792165632,7.599608354527958e+28,6.37,2.460975286592972e+24,42,0.0083473704221241,3.7285939711139514e-06,True
M1_dark_photon_massive,0.1,5.343777930616317,2.371373705661655,12.672094473558586,0.1778279410038923,0.1778279410038921,1.3971617414572678e+25,0.0002062792165632,6.773158075422092e+28,6.37,2.1933465328999492e+24,42,0.008033097154508,3.5882147436856465e-06,True
M1_dark_photon_massive,0.1,5.343777930616317,2.371373705661655,12.672094473558586,0.19952623149688797,0.1995262314968877,1.2452217127983675e+25,0.0002062792165632,6.036583488848094e+28,6.37,1.954822155099478e+24,42,0.0077306560785575,3.4531207062367397e-06,True
M1_dark_photon_massive,0.1,5.343777930616317,2.371373705661655,12.672094473558586,0.22387211385683395,0.2238721138568337,1.1098050197160543e+25,0.0002062792165632,5.380110697558541e+28,6.37,1.7422370796170396e+24,42,0.007439601719668,3.323112874675136e-06,True
M1_dark_photon_massive,0.1,5.343777930616317,2.371373705661655,12.672094473558586,0.251188643150958,0.2511886431509577,9.891147649674736e+24,0.0002062792165632,4.795028706462451e+28,6.37,1.552770431660084e+24,42,0.0071595053750748,3.197999756535169e-06,True
M1_dark_photon_massive,0.1,5.343777930616317,2.371373705661655,12.672094473558586,0.28183829312644537,0.2818382931264451,8.815494621992001e+24,0.0002062792165632,4.2735738330129e+28,6.37,1.383908103923391e+24,42,0.0068899544824037,3.077597068922556e-06,True
M1_dark_photon_massive,0.1,5.343777930616317,2.371373705661655,12.672094473558586,0.31622776601683794,0.3162277660168376,7.856817851963359e+24,0.0002062792165632,3.8088266878565736e+28,6.37,1.233409395912615e+24,42,0.0066305520119955,2.9617274670785426e-06,True
M1_dark_photon_massive,0.1,5.343777930616317,2.371373705661655,12.672094473558586,0.35481338923357547,0.3548133892335751,7.002396281308303e+24,0.0002062792165632,3.394620358741018e+28,6.37,1.0992772812100944e+24,42,0.006380915882109,2.85022028316346e-06,True
M1_dark_photon_massive,0.1,5.343777930616317,2.371373705661655,12.672094473558586,0.3981071705534972,0.3981071705534971,6.240892254900276e+24,0.0002062792165632,3.025458579335844e+28,6.37,9.7973190814761e+23,42,0.0061406783961411,2.7429112748748928e-06,True
M1_dark_photon_massive,0.1,5.343777930616317,2.371373705661655,12.672094473558586,0.44668359215096315,0.4466835921509627,5.562201076971498e+24,0.0002062792165632,2.69644279711786e+28,6.37,8.731869822561222e+23,42,0.0059094857010356,2.639642383530233e-06,True
M1_dark_photon_massive,0.1,5.343777930616317,2.371373705661655,12.672094473558586,0.5011872336272722,0.5011872336272717,4.957316927939377e+24,0.0002062792165632,2.4032071725552733e+28,6.37,7.78228717101943e+23,42,0.0056869972660822,2.5402615012572634e-06,True
M1_dark_photon_massive,0.1,5.343777930616317,2.371373705661655,12.672094473558586,0.5623413251903491,0.5623413251903483,4.4182133626522674e+24,0.0002062792165632,2.1418606470696337e+28,6.37,6.93597074199728e+23,42,0.0054728853813384,2.4446222469498766e-06,True
M1_dark_photon_massive,0.1,5.343777930616317,2.371373705661655,12.672094473558586,0.6309573444801932,0.6309573444801928,3.937736804338883e+24,0.0002062792165632,1.908935311052562e+28,6.37,6.181690430673286e+23,42,0.0052668346749359,2.352583750658916e-06,True
M1_dark_photon_massive,0.1,5.343777930616317,2.371373705661655,12.672094473558586,0.7079457843841379,0.7079457843841371,3.5095116209908067e+24,0.0002062792165632,1.7013403868122292e+28,6.37,5.509437395589963e+23,42,0.0050685416485598,2.2640104461005727e-06,True
M1_dark_photon_massive,0.1,5.343777930616317,2.371373705661655,12.672094473558586,0.7943282347242815,0.7943282347242806,3.127855524599339e+24,0.0002062792165632,1.516321215831229e+28,6.37,4.910291247408695e+23,42,0.0048777142304163,2.1787718709767023e-06,True
M1_dark_photon_massive,0.1,5.343777930616317,2.371373705661655,12.672094473558586,0.8912509381337456,0.8912509381337448,2.787704170645979e+24,0.0002062792165632,1.3514227061216842e+28,6.37,4.376301680762918e+23,42,0.004694071345032,2.0967424748129647e-06,True
M1_dark_photon_massive,0.1,5.343777930616317,2.371373705661655,12.672094473558586,1.0,0.9999999999999984,2.4845439573275844e+24,0.0002062792165632,1.2044567546461964e+28,6.37,3.900382978536239e+23,42,0.0045173424992489,2.017801434031736e-06,True
M1_dark_photon_massive,0.1,5.343777930616317,2.371373705661655,12.672094473558586,1.1220184543019633,1.1220184543019625,2.214352132802738e+24,0.0002062792165632,1.073473212519949e+28,6.37,3.4762199887013155e+23,42,0.0043472673838068,1.941832473987402e-06,True
M1_dark_photon_massive,0.1,5.343777930616317,2.371373705661655,12.672094473558586,1.2589254117941673,1.2589254117941653,1.9735434157189e+24,0.0002062792165632,9.5673400771985e+27,6.37,3.0981843260893255e+23,42,0.0041835954899265,1.8687236977019263e-06,True
M1_dark_photon_massive,0.1,5.343777930616317,2.371373705661655,12.672094473558586,1.4125375446227544,1.412537544622753,1.7589224207071462e+24,0.0002062792165632,8.526900819247744e+27,6.37,2.761259687138377e+23,42,0.004026085740327,1.7983674210484013e-06,True
M1_dark_photon_massive,0.1,5.343777930616317,2.371373705661655,12.672094473558586,1.5848931924611136,1.5848931924611125,1.5676412575597228e+24,0.0002062792165632,7.599608354527955e+27,6.37,2.4609752865929718e+23,42,0.0038745061341361,1.730660014139844e-06,True
M1_dark_photon_massive,0.1,5.343777930616317,2.371373705661655,12.672094473558586,1.7782794100389228,1.7782794100389203,1.397161741457268e+24,0.0002062792165632,6.773158075422093e+27,6.37,2.1933465328999496e+23,42,0.0037286334051691,1.6655017486896038e-06,True
M1_dark_photon_massive,0.1,5.343777930616317,2.371373705661655,12.672094473558586,1.9952623149688795,1.9952623149688768,1.2452217127983677e+24,0.0002062792165632,6.036583488848094e+27,6.37,1.9548221550994783e+23,42,0.0035882526930733,1.6027966511185522e-06,True
M1_dark_photon_massive,0.1,5.343777930616317,2.371373705661655,12.672094473558586,2.2387211385683394,2.238721138568338,1.1098050197160543e+24,0.0002062792165632,5.380110697558542e+27,6.37,1.74223707961704e+23,42,0.0034531572268537,1.5424523611926972e-06,True
M1_dark_photon_massive,0.1,5.343777930616317,2.371373705661655,12.672094473558586,2.51188643150958,2.511886431509578,9.891147649674731e+23,0.0002062792165632,4.795028706462449e+27,6.37,1.5527704316600835e+23,42,0.0033231480203138,1.484379995983003e-06,True
M1_dark_photon_massive,0.1,5.343777930616317,2.371373705661655,12.672094473558586,2.8183829312644537,2.8183829312644524,8.815494621991997e+23,0.0002062792165632,4.273573833012898e+27,6.37,1.3839081039233904e+23,42,0.0031980335789625,1.428494018947035e-06,True
M1_dark_photon_massive,0.1,5.343777930616317,2.371373705661655,12.672094473558586,3.1622776601683795,3.1622776601683764,7.856817851963359e+23,0.0002062792165632,3.8088266878565737e+27,6.37,1.2334093959126153e+23,42,0.0030776296179567,1.3747121139396024e-06,True
M1_dark_photon_massive,0.1,5.343777930616317,2.371373705661655,12.672094473558586,3.548133892335755,3.548133892335751,7.002396281308303e+23,0.0002062792165632,3.3946203587410176e+27,6.37,1.0992772812100948e+23,42,0.0029617587906619,1.3229550639668168e-06,True
M1_dark_photon_massive,0.1,5.343777930616317,2.371373705661655,12.672094473558586,3.9810717055349722,3.981071705534968,6.240892254900275e+23,0.0002062792165632,3.025458579335844e+27,6.37,9.7973190814761e+22,42,0.0028502504274336,1.2731466345049895e-06,True
M1_dark_photon_massive,0.1,5.343777930616317,2.371373705661655,12.672094473558586,4.466835921509632,4.466835921509626,5.562201076971496e+23,0.0002062792165632,2.6964427971178594e+27,6.37,8.731869822561219e+22,42,0.0027429402842321,1.2252134612124951e-06,True
M1_dark_photon_massive,0.1,5.343777930616317,2.371373705661655,12.672094473558586,5.011872336272722,5.01187233627272,4.957316927939376e+23,0.0002062792165632,2.403207172555273e+27,6.37,7.782287171019427e+22,42,0.0026396703007033,1.1790849418692148e-06,True
M1_dark_photon_massive,0.1,5.343777930616317,2.371373705661655,12.672094473558586,5.623413251903491,5.623413251903486,4.418213362652267e+23,0.0002062792165632,2.1418606470696336e+27,6.37,6.935970741997279e+22,42,0.0025402883673663,1.1346931323843929e-06,True
M1_dark_photon_massive,0.1,5.343777930616317,2.371373705661655,12.672094473558586,6.309573444801933,6.309573444801926,3.9377368043388834e+23,0.0002062792165632,1.908935311052562e+27,6.37,6.181690430673286e+22,42,0.0024446481015667,1.0919726467197296e-06,True
M1_dark_photon_massive,0.1,5.343777930616317,2.371373705661655,12.672094473558586,7.079457843841379,7.079457843841371,3.5095116209908065e+23,0.0002062792165632,1.7013403868122292e+27,6.37,5.509437395589963e+22,42,0.0023526086318656,1.0508605605803106e-06,True
M1_dark_photon_massive,0.1,5.343777930616317,2.371373705661655,12.672094473558586,7.943282347242816,7.943282347242805,3.127855524599338e+23,0.0002062792165632,1.5163212158312286e+27,6.37,4.9102912474086935e+22,42,0.0022640343905454,1.0112963187315084e-06,True
M1_dark_photon_massive,0.1,5.343777930616317,2.371373705661655,12.672094473558586,8.912509381337454,8.912509381337445,2.7877041706459785e+23,0.0002062792165632,1.351422706121684e+27,6.37,4.376301680762918e+22,42,0.0021787949139282,9.732216458053482e-07,True
M1_dark_photon_massive,0.1,5.343777930616317,2.371373705661655,12.672094473558586,10.0,9.999999999999988,2.4845439573275845e+23,0.0002062792165632,1.2044567546461964e+27,6.37,3.90038297853624e+22,42,0.0020967646502118,9.365804604649556e-07,True
M1_dark_photon_massive,0.0999999999999999,5.343777930616317,2.7384196342643614,14.6335064063483,0.1,0.0999999999999999,3.874714387051699e+25,0.0002221951956822,1.743833558216664e+29,6.37,6.082754139798586e+24,45,0.0117034649788087,6.971237307355516e-06,True
M1_dark_photon_massive,0.0999999999999999,5.343777930616317,2.7384196342643614,14.6335064063483,0.11220184543019636,0.1122018454301962,3.4533428324601475e+25,0.0002221951956822,1.5541932947097091e+29,6.37,5.421260333532413e+24,45,0.0112628368533846,6.708774589503305e-06,True
M1_dark_photon_massive,0.0999999999999999,5.343777930616317,2.7384196342643614,14.6335064063483,0.12589254117941673,0.1258925411794166,3.077795039127553e+25,0.0002221951956822,1.3851762319512053e+29,6.37,4.8317033581280253e+24,45,0.0108387981008742,6.456193428572085e-06,True
M1_dark_photon_massive,0.0999999999999999,5.343777930616317,2.7384196342643614,14.6335064063483,0.14125375446227545,0.1412537544622753,2.743087716005819e+25,0.0002221951956822,1.2345396162070784e+29,6.37,4.3062601507155714e+24,45,0.0104307241417787,6.213121790133569e-06,True
M1_dark_photon_massive,0.0999999999999999,5.343777930616317,2.7384196342643614,14.6335064063483,0.15848931924611134,0.1584893192461111,2.44477950027334e+25,0.0002221951956822,1.1002845911078328e+29,6.37,3.837958399173218e+24,45,0.0100380139116264,5.979201646622655e-06,True
M1_dark_photon_massive,0.0999999999999999,5.343777930616317,2.7384196342643614,14.6335064063483,0.1778279410038923,0.1778279410038921,2.178912023148764e+25,0.0002221951956822,9.806296740389606e+28,6.37,3.4205840237814186e+24,45,0.0096600889756464,5.754088449987794e-06,True
M1_dark_photon_massive,0.0999999999999999,5.343777930616317,2.7384196342643614,14.6335064063483,0.19952623149688797,0.1995262314968877,1.941957384742233e+25,0.0002221951956822,8.739871169490127e+28,6.37,3.048598720160492e+24,45,0.0092963926767746,5.537450624195761e-06,True
M1_dark_photon_massive,0.0999999999999999,5.343777930616317,2.7384196342643614,14.6335064063483,0.22387211385683395,0.2238721138568338,1.73077134096727e+25,0.0002221951956822,7.78941837897615e+28,6.37,2.717066469336373e+24,45,0.0089463893157366,5.328969076843277e-06,True
M1_dark_photon_massive,0.0999999999999999,5.343777930616317,2.7384196342643614,14.6335064063483,0.251188643150958,0.2511886431509578,1.5425515813320804e+25,0.0002221951956822,6.942326437778735e+28,6.37,2.421588039767787e+24,45,0.0086095633620003,5.128336729156171e-06,True
M1_dark_photon_massive,0.0999999999999999,5.343777930616317,2.7384196342643614,14.6335064063483,0.28183829312644537,0.281838293126445,1.3748005439819095e+25,0.0002221951956822,6.187354950501001e+28,6.37,2.1582426122164983e+24,45,0.008285418694435,4.935258063683767e-06,True
M1_dark_photon_massive,0.0999999999999999,5.343777930616317,2.7384196342643614,14.6335064063483,0.31622776601683794,0.3162277660168375,1.2252922745706603e+25,0.0002221951956822,5.514485904200491e+28,6.37,1.9235357528581795e+24,45,0.00797347787056,4.749448689022291e-06,True
M1_dark_photon_massive,0.0999999999999999,5.343777930616317,2.7384196342643614,14.6335064063483,0.35481338923357547,0.3548133892335751,1.092042889199132e+25,0.0002221951956822,4.914790735444004e+28,6.37,1.7143530442686532e+24,45,0.0076732814233047,4.570634920926183e-06,True
M1_dark_photon_massive,0.0999999999999999,5.343777930616317,2.7384196342643614,14.6335064063483,0.3981071705534972,0.3981071705534969,9.732842494810122e+24,0.0002221951956822,4.38031185369551e+28,6.37,1.527918758996879e+24,45,0.0073843871842461,4.3985533791902894e-06,True
M1_dark_photon_massive,0.0999999999999999,5.343777930616317,2.7384196342643614,14.6335064063483,0.44668359215096315,0.4466835921509626,8.674405004207506e+24,0.0002221951956822,3.903957048924489e+28,6.37,1.361759027348117e+24,45,0.0071063696323252,4.232950599709204e-06,True
M1_dark_photon_massive,0.0999999999999999,5.343777930616317,2.7384196342643614,14.6335064063483,0.5011872336272722,0.5011872336272719,7.731071597751996e+24,0.0002221951956822,3.479405382287799e+28,6.37,1.2136690106361062e+24,45,0.0068388192670845,4.073582661142317e-06,True
M1_dark_photon_massive,0.0999999999999999,5.343777930616317,2.7384196342643614,14.6335064063483,0.5623413251903491,0.5623413251903485,6.890324814275623e+24,0.0002221951956822,3.101023311111605e+28,6.37,1.0816836443132846e+24,45,0.0065813420055021,3.920214825634702e-06,True
M1_dark_photon_massive,0.0999999999999999,5.343777930616317,2.7384196342643614,14.6335064063483,0.6309573444801932,0.6309573444801929,6.141008454769373e+24,0.0002221951956822,2.763789935202831e+28,6.37,9.640515627581432e+23,45,0.006333558601535,3.772621193064629e-06,True
M1_dark_photon_massive,0.0999999999999999,5.343777930616317,2.7384196342643614,14.6335064063483,0.7079457843841379,0.7079457843841372,5.473179546400467e+24,0.0002221951956822,2.463230372554127e+28,6.37,8.592118597174987e+23,45,0.0060951040875162,3.6305843683084505e-06,True
M1_dark_photon_massive,0.0999999999999999,5.343777930616317,2.7384196342643614,14.6335064063483,0.7943282347242815,0.7943282347242805,4.877976405303845e+24,0.0002221951956822,2.1953563803784016e+28,6.37,7.657733760288611e+23,45,0.0058656272365828,3.493895141032746e-06,True
M1_dark_photon_massive,0.0999999999999999,5.343777930616317,2.7384196342643614,14.6335064063483,0.8912509381337456,0.8912509381337445,4.347501047421327e+24,0.0002221951956822,1.9566134335501544e+28,6.37,6.824962397835677e+23,45,0.0056447900453431,3.362352177542101e-06,True
M1_dark_photon_massive,0.0999999999999999,5.343777930616317,2.7384196342643614,14.6335064063483,1.0,0.9999999999999988,3.8747143870517e+24,0.0002221951956822,1.743833558216664e+28,6.37,6.082754139798587e+23,45,0.0054322672360216,3.235761724228618e-06,True
M1_dark_photon_massive,0.0999999999999999,5.343777930616317,2.7384196342643614,14.6335064063483,1.1220184543019633,1.1220184543019622,3.4533428324601473e+24,0.0002221951956822,1.5541932947097093e+28,6.37,5.421260333532413e+23,45,0.0052277457773472,3.1139373221863697e-06,True
M1_dark_photon_massive,0.0999999999999999,5.343777930616317,2.7384196342643614,14.6335064063483,1.2589254117941673,1.2589254117941666,3.0777950391275524e+24,0.0002221951956822,1.3851762319512052e+28,6.37,4.8317033581280256e+23,45,0.0050309244234801,2.996699532570439e-06,True
M1_dark_photon_massive,0.0999999999999999,5.343777930616317,2.7384196342643614,14.6335064063483,1.4125375446227544,1.412537544622753,2.7430877160058186e+24,0.0002221951956822,1.234539616207078e+28,6.37,4.3062601507155706e+23,45,0.0048415132702975,2.883875672296022e-06,True
M1_dark_photon_massive,0.0999999999999999,5.343777930616317,2.7384196342643614,14.6335064063483,1.5848931924611136,1.5848931924611134,2.444779500273339e+24,0.0002221951956822,1.1002845911078325e+28,6.37,3.837958399173217e+23,45,0.0046592333283854,2.775299559688285e-06,True
M1_dark_photon_massive,0.0999999999999999,5.343777930616317,2.7384196342643614,14.6335064063483,1.7782794100389228,1.7782794100389208,2.178912023148764e+24,0.0002221951956822,9.806296740389608e+27,6.37,3.420584023781419e+23,45,0.0044838161121066,2.670811269708361e-06,True
M1_dark_photon_massive,0.0999999999999999,5.343777930616317,2.7384196342643614,14.6335064063483,1.9952623149688795,1.9952623149688768,1.941957384742233e+24,0.0002221951956822,8.739871169490127e+27,6.37,3.048598720160492e+23,45,0.0043150032441396,2.570256898394916e-06,True
M1_dark_photon_massive,0.0999999999999999,5.343777930616317,2.7384196342643614,14.6335064063483,2.2387211385683394,2.2387211385683385,1.73077134096727e+24,0.0002221951956822,7.78941837897615e+27,6.37,2.7170664693363737e+23,45,0.0041525460749075,2.473488336174355e-06,True
M1_dark_photon_massive,0.0999999999999999,5.343777930616317,2.7384196342643614,14.6335064063483,2.51188643150958,2.511886431509577,1.54255158133208e+24,0.0002221951956822,6.942326437778732e+27,6.37,2.4215880397677865e+23,45,0.0039962053163342,2.3803630497057565e-06,True
M1_dark_photon_massive,0.0999999999999999,5.343777930616317,2.7384196342643614,14.6335064063483,2.8183829312644537,2.8183829312644524,1.3748005439819088e+24,0.0002221951956822,6.187354950500999e+27,6.37,2.1582426122164973e+23,45,0.0038457506893896,2.2907438719391994e-06,True
M1_dark_photon_massive,0.0999999999999999,5.343777930616317,2.7384196342643614,14.6335064063483,3.1622776601683795,3.1622776601683764,1.2252922745706604e+24,0.0002221951956822,5.514485904200492e+27,6.37,1.9235357528581795e+23,45,0.0037009605849049,2.2044988000782715e-06,True
M1_dark_photon_massive,0.0999999999999999,5.343777930616317,2.7384196342643614,14.6335064063483,3.548133892335755,3.548133892335751,1.092042889199132e+24,0.0002221951956822,4.914790735444004e+27,6.37,1.714353044268653e+23,45,0.0035616217371579,2.1215008011491597e-06,True
M1_dark_photon_massive,0.0999999999999999,5.343777930616317,2.7384196342643614,14.6335064063483,3.9810717055349722,3.9810717055349687,9.732842494810122e+23,0.0002221951956822,4.380311853695509e+27,6.37,1.5279187589968795e+23,45,0.003427528909747,2.04162762488994e-06,True
M1_dark_photon_massive,0.0999999999999999,5.343777930616317,2.7384196342643614,14.6335064063483,4.466835921509632,4.466835921509629,8.674405004207504e+23,0.0002221951956822,3.903957048924488e+27,6.37,1.3617590273481168e+23,45,0.0032984845932925,1.9647616236844755e-06,True
M1_dark_photon_massive,0.0999999999999999,5.343777930616317,2.7384196342643614,14.6335064063483,5.011872336272722,5.011872336272719,7.731071597751995e+23,0.0002221951956822,3.4794053822877983e+27,6.37,1.213669010636106e+23,45,0.0031742987145195,1.8907895792756808e-06,True
M1_dark_photon_massive,0.0999999999999999,5.343777930616317,2.7384196342643614,14.6335064063483,5.623413251903491,5.623413251903484,6.890324814275622e+23,0.0002221951956822,3.101023311111605e+27,6.37,1.0816836443132844e+23,45,0.0030547883562925,1.8196025360029297e-06,True
M1_dark_photon_massive,0.0999999999999999,5.343777930616317,2.7384196342643614,14.6335064063483,6.309573444801933,6.309573444801927,6.141008454769374e+23,0.0002221951956822,2.763789935202832e+27,6.37,9.640515627581436e+22,45,0.0029397774881917,1.75109564031797e-06,True
M1_dark_photon_massive,0.0999999999999999,5.343777930616317,2.7384196342643614,14.6335064063483,7.079457843841379,7.079457843841374,5.473179546400467e+23,0.0002221951956822,2.463230372554127e+27,6.37,8.592118597174988e+22,45,0.0028290967072323,1.6851679863429606e-06,True
M1_dark_photon_massive,0.0999999999999999,5.343777930616317,2.7384196342643614,14.6335064063483,7.943282347242816,7.94328234724281,4.877976405303844e+23,0.0002221951956822,2.195356380378401e+27,6.37,7.657733760288608e+22,45,0.0027225829883457,1.6217224672431537e-06,True
M1_dark_photon_massive,0.0999999999999999,5.343777930616317,2.7384196342643614,14.6335064063483,8.912509381337454,8.91250938133745,4.347501047421326e+23,0.0002221951956822,1.9566134335501532e+27,6.37,6.824962397835676e+22,45,0.0026200794442553,1.5606656321953025e-06,True
M1_dark_photon_massive,0.0999999999999999,5.343777930616317,2.7384196342643614,14.6335064063483,10.0,9.999999999999986,3.8747143870516994e+23,0.0002221951956822,1.743833558216664e+27,6.37,6.082754139798586e+22,45,0.0025214350943918,1.5019075487411187e-06,True
M1_dark_photon_massive,0.1,5.343777930616317,3.1622776601683795,16.89850957088879,0.1,0.0999999999999999,7.2343633545859216e+25,0.000233670403938,3.095969037013196e+29,6.37,1.1356928343149014e+25,47,0.0140714421546648,1.1177225595066846e-05,True
M1_dark_photon_massive,0.1,5.343777930616317,3.1622776601683795,16.89850957088879,0.11220184543019636,0.1122018454301962,6.447633126575092e+25,0.000233670403938,2.75928530867104e+29,6.37,1.0121873040149282e+25,47,0.0135416611718661,1.075641005280533e-05,True
M1_dark_photon_massive,0.1,5.343777930616317,3.1622776601683795,16.89850957088879,0.12589254117941673,0.1258925411794166,5.746459072802267e+25,0.000233670403938,2.459215619931726e+29,6.37,9.021128842703716e+24,47,0.013031826111216,1.0351437952111906e-05,True
M1_dark_photon_massive,0.1,5.343777930616317,3.1622776601683795,16.89850957088879,0.14125375446227545,0.1412537544622754,5.121537039582193e+25,0.000233670403938,2.191778228337311e+29,6.37,8.040089544085075e+24,47,0.0125411860212397,9.96171279733584e-06,True
M1_dark_photon_massive,0.1,5.343777930616317,3.1622776601683795,16.89850957088879,0.15848931924611134,0.1584893192461113,4.564574691214356e+25,0.000233670403938,1.9534244021867474e+29,6.37,7.165737348845143e+24,47,0.012069018223315,9.586660550514004e-06,True
M1_dark_photon_massive,0.1,5.343777930616317,3.1622776601683795,16.89850957088879,0.1778279410038923,0.1778279410038921,4.068181475726346e+25,0.000233670403938,1.7409913310222895e+29,6.37,6.386470134578252e+24,47,0.0116146272472171,9.225728785852993e-06,True
M1_dark_photon_massive,0.1,5.343777930616317,3.1622776601683795,16.89850957088879,0.19952623149688797,0.1995262314968879,3.625770556739432e+25,0.000233670403938,1.551660157056334e+29,6.37,5.691947498806015e+24,47,0.0111773438067397,8.878385876044507e-06,True
M1_dark_photon_massive,0.1,5.343777930616317,3.1622776601683795,16.89850957088879,0.22387211385683395,0.2238721138568337,3.2314714101517307e+25,0.000233670403938,1.3829185706412123e+29,6.37,5.072953548118886e+24,47,0.0107565238138827,8.544120209215374e-06,True
M1_dark_photon_massive,0.1,5.343777930616317,3.1622776601683795,16.89850957088879,0.251188643150958,0.251188643150958,2.880051925850108e+25,0.000233670403938,1.2325274734465591e+29,6.37,4.521274608869872e+24,47,0.010351547430156,8.222439435358981e-06,True
M1_dark_photon_massive,0.1,5.343777930616317,3.1622776601683795,16.89850957088879,0.28183829312644537,0.2818382931264452,2.5668489807878094e+25,0.000233670403938,1.098491266984861e+29,6.37,4.029590236715557e+24,47,0.0099618181536002,7.912869741138062e-06,True
M1_dark_photon_massive,0.1,5.343777930616317,3.1622776601683795,16.89850957088879,0.31622776601683794,0.3162277660168376,2.287706562174784e+25,0.000233670403938,9.79031372231984e+28,6.37,3.591376078767321e+24,47,0.009586761940181,7.614955151990697e-06,True
M1_dark_photon_massive,0.1,5.343777930616317,3.1622776601683795,16.89850957088879,0.35481338923357547,0.3548133892335753,2.038920619713002e+25,0.000233670403938,8.72562628964124e+28,6.37,3.200817299392468e+24,47,0.0092258263582625,7.328256860511599e-06,True
M1_dark_photon_massive,0.1,5.343777930616317,3.1622776601683795,16.89850957088879,0.3981071705534972,0.3981071705534971,1.8171899150994504e+25,0.000233670403938,7.776722616447228e+28,6.37,2.852731420878258e+24,47,0.0088784797749139,7.052352580119426e-06,True
M1_dark_photon_massive,0.1,5.343777930616317,3.1622776601683795,16.89850957088879,0.44668359215096315,0.4466835921509631,1.6195722165995668e+25,0.000233670403938,6.931011327514508e+28,6.37,2.542499555101361e+24,47,0.0085442105728512,6.786835923058106e-06,True
M1_dark_photon_massive,0.1,5.343777930616317,3.1622776601683795,16.89850957088879,0.5011872336272722,0.5011872336272721,1.4434452574197134e+25,0.000233670403938,6.177270347862922e+28,6.37,2.266005113688718e+24,47,0.0082225263968605,6.531315801816019e-06,True
M1_dark_photon_massive,0.1,5.343777930616317,3.1622776601683795,16.89850957088879,0.5623413251903491,0.5623413251903489,1.2864719398200256e+25,0.000233670403938,5.505497992638599e+28,6.37,2.019579183390935e+24,47,0.0079129534285935,6.285415853081379e-06,True
M1_dark_photon_massive,0.1,5.343777930616317,3.1622776601683795,16.89850957088879,0.6309573444801932,0.6309573444801932,1.146569323247337e+25,0.000233670403938,4.906780250832603e+28,6.37,1.7999518418325545e+24,47,0.0076150356886659,6.048773883385342e-06,True
M1_dark_photon_massive,0.1,5.343777930616317,3.1622776601683795,16.89850957088879,0.7079457843841379,0.7079457843841377,1.0218809849795628e+25,0.000233670403938,4.373172501770692e+28,6.37,1.604208767628827e+24,47,0.0073283343650314,5.821041335616283e-06,True
M1_dark_photon_massive,0.1,5.343777930616317,3.1622776601683795,16.89850957088879,0.7943282347242815,0.7943282347242813,9.107523865240716e+24,0.000233670403938,3.8975940948238297e+28,6.37,1.429752569111572e+24,47,0.0070524271666426,5.601882775619497e-06,True
M1_dark_photon_massive,0.1,5.343777930616317,3.1622776601683795,16.89850957088879,0.8912509381337456,0.8912509381337451,8.117089188971262e+24,0.000233670403938,3.473734393476284e+28,6.37,1.2742683185198212e+24,47,0.0067869077014454,5.3909753981260856e-06,True
M1_dark_photon_massive,0.1,5.343777930616317,3.1622776601683795,16.89850957088879,1.0,0.9999999999999992,7.234363354585922e+24,0.000233670403938,3.0959690370131963e+28,6.37,1.1356928343149016e+24,47,0.006531384877792,5.188008551283324e-06,True
M1_dark_photon_massive,0.1,5.343777930616317,3.1622776601683795,16.89850957088879,1.1220184543019633,1.122018454301963,6.447633126575093e+24,0.000233670403938,2.75928530867104e+28,6.37,1.0121873040149282e+24,47,0.0062854823283901,4.992683279086147e-06,True
M1_dark_photon_massive,0.1,5.343777930616317,3.1622776601683795,16.89850957088879,1.2589254117941673,1.2589254117941673,5.746459072802266e+24,0.000233670403938,2.4592156199317256e+28,6.37,9.021128842703714e+23,47,0.0060488378559404,4.804711881035816e-06,True
M1_dark_photon_massive,0.1,5.343777930616317,3.1622776601683795,16.89850957088879,1.4125375446227544,1.412537544622753,5.121537039582192e+24,0.000233670403938,2.1917782283373105e+28,6.37,8.040089544085074e+23,47,0.0058211028996447,4.623817488377156e-06,True
M1_dark_photon_massive,0.1,5.343777930616317,3.1622776601683795,16.89850957088879,1.5848931924611136,1.5848931924611138,4.5645746912143545e+24,0.000233670403938,1.953424402186747e+28,6.37,7.165737348845141e+23,47,0.0056019420218008,4.449733656290193e-06,True
M1_dark_photon_massive,0.1,5.343777930616317,3.1622776601683795,16.89850957088879,1.7782794100389228,1.7782794100389228,4.068181475726346e+24,0.000233670403938,1.7409913310222895e+28,6.37,6.386470134578252e+23,47,0.0053910324137257,4.282203971435524e-06,True
M1_dark_photon_massive,0.1,5.343777930616317,3.1622776601683795,16.89850957088879,1.9952623149688795,1.995262314968877,3.625770556739432e+24,0.000233670403938,1.551660157056334e+28,6.37,5.691947498806015e+23,47,0.0051880634202814,4.12098167427536e-06,True
M1_dark_photon_massive,0.1,5.343777930616317,3.1622776601683795,16.89850957088879,2.2387211385683394,2.2387211385683385,3.231471410151731e+24,0.000233670403938,1.3829185706412123e+28,6.37,5.072953548118887e+23,47,0.0049927360823008,3.965829295613935e-06,True
M1_dark_photon_massive,0.1,5.343777930616317,3.1622776601683795,16.89850957088879,2.51188643150958,2.511886431509578,2.880051925850107e+24,0.000233670403938,1.2325274734465589e+28,6.37,4.5212746088698695e+23,47,0.0048047626962425,3.8165183068219615e-06,True
M1_dark_photon_massive,0.1,5.343777930616317,3.1622776601683795,16.89850957088879,2.8183829312644537,2.8183829312644564,2.566848980787808e+24,0.000233670403938,1.0984912669848605e+28,6.37,4.029590236715554e+23,47,0.0046238663904231,3.672828783229888e-06,True
M1_dark_photon_massive,0.1,5.343777930616317,3.1622776601683795,16.89850957088879,3.1622776601683795,3.162277660168378,2.287706562174784e+24,0.000233670403938,9.79031372231984e+27,6.37,3.591376078767321e+23,47,0.0044497807172048,3.534549080194212e-06,True
M1_dark_photon_massive,0.1,5.343777930616317,3.1622776601683795,16.89850957088879,3.548133892335755,3.548133892335752,2.0389206197130017e+24,0.000233670403938,8.725626289641239e+27,6.37,3.2008172993924674e+23,47,0.0042822492605361,3.401475521359687e-06,True
M1_dark_photon_massive,0.1,5.343777930616317,3.1622776601683795,16.89850957088879,3.9810717055349722,3.98107170553497,1.8171899150994504e+24,0.000233670403938,7.776722616447227e+27,6.37,2.852731420878258e+23,47,0.0041210252582697,3.27341209865826e-06,True
M1_dark_photon_massive,0.1,5.343777930616317,3.1622776601683795,16.89850957088879,4.466835921509632,4.466835921509629,1.6195722165995663e+24,0.000233670403938,6.931011327514506e+27,6.37,2.54249955510136e+23,47,0.0039658712386982,3.150170183602858e-06,True
M1_dark_photon_massive,0.1,5.343777930616317,3.1622776601683795,16.89850957088879,5.011872336272722,5.011872336272723,1.4434452574197133e+24,0.000233670403938,6.177270347862921e+27,6.37,2.266005113688718e+23,47,0.0038165586707754,3.0315682494507925e-06,True
M1_dark_photon_massive,0.1,5.343777930616317,3.1622776601683795,16.89850957088879,5.623413251903491,5.623413251903489,1.2864719398200254e+24,0.000233670403938,5.505497992638598e+27,6.37,2.0195791833909347e+23,47,0.0036728676275057,2.917431603827528e-06,True
M1_dark_photon_massive,0.1,5.343777930616317,3.1622776601683795,16.89850957088879,6.309573444801933,6.309573444801929,1.146569323247337e+24,0.000233670403938,4.906780250832603e+27,6.37,1.799951841832554e+23,47,0.0035345864620074,2.807592131417001e-06,True
M1_dark_photon_massive,0.1,5.343777930616317,3.1622776601683795,16.89850957088879,7.079457843841379,7.0794578438413724,1.0218809849795627e+24,0.000233670403938,4.3731725017706925e+27,6.37,1.604208767628827e+23,47,0.003401511495771,2.7018880463394954e-06,True
M1_dark_photon_massive,0.1,5.343777930616317,3.1622776601683795,16.89850957088879,7.943282347242816,7.94328234724281,9.107523865240711e+23,0.000233670403938,3.897594094823829e+27,6.37,1.4297525691115718e+23,47,0.0032734467186555,2.6001636538523213e-06,True
M1_dark_photon_massive,0.1,5.343777930616317,3.1622776601683795,16.89850957088879,8.912509381337454,8.912509381337452,8.11708918897126e+23,0.000233670403938,3.473734393476283e+27,6.37,1.2742683185198207e+23,47,0.0031502035001789,2.5022691210223247e-06,True
M1_dark_photon_massive,0.1,5.343777930616317,3.1622776601683795,16.89850957088879,10.0,9.99999999999999,7.234363354585922e+23,0.000233670403938,3.0959690370131965e+27,6.37,1.1356928343149014e+23,47,0.0030316003116786,2.4080602560324288e-06,True
M1_dark_photon_massive,0.1,5.343777930616317,3.651741272548377,19.51409442056476,0.1,0.0999999999999998,1.7239493341812647e+26,0.0002396901606979,7.192407603053382e+29,6.37,2.7063568825451564e+25,48,0.016915519558809,1.7917637606902387e-05,True
M1_dark_photon_massive,0.1,5.343777930616317,3.651741272548377,19.51409442056476,0.11220184543019636,0.1122018454301962,1.536471461384098e+26,0.0002396901606979,6.41024002366161e+29,6.37,2.412043110493089e+25,48,0.016278660843269,1.724304977457646e-05,True
M1_dark_photon_massive,0.1,5.343777930616317,3.651741272548377,19.51409442056476,0.12589254117941673,0.1258925411794166,1.3693816313743044e+26,0.0002396901606979,5.7131324347508936e+29,6.37,2.149735685046004e+25,48,0.0156657794594419,1.6593859751577076e-05,True
M1_dark_photon_massive,0.1,5.343777930616317,3.651741272548377,19.51409442056476,0.14125375446227545,0.1412537544622752,1.2204626636254678e+26,0.0002396901606979,5.091834642154064e+29,6.37,1.915953946036841e+25,48,0.0150759726758083,1.5969111326292232e-05,True
M1_dark_photon_massive,0.1,5.343777930616317,3.651741272548377,19.51409442056476,0.15848931924611134,0.1584893192461111,1.0877384939134084e+26,0.0002396901606979,4.538102401641714e+29,6.37,1.7075957518263863e+25,48,0.0145083717481246,1.536788428787814e-05,True
M1_dark_photon_massive,0.1,5.343777930616317,3.651741272548377,19.51409442056476,0.1778279410038923,0.177827941003892,9.694479531445125e+25,0.0002396901606979,4.044588022810181e+29,6.37,1.5218963157684651e+25,48,0.013962140639824,1.478929307085287e-05,True
M1_dark_photon_massive,0.1,5.343777930616317,3.651741272548377,19.51409442056476,0.19952623149688797,0.1995262314968875,8.640213977118861e+25,0.0002396901606979,3.604742869694085e+29,6.37,1.3563915191709357e+25,48,0.0134364747905928,1.4232485450720174e-05,True
M1_dark_photon_massive,0.1,5.343777930616317,3.651741272548377,19.51409442056476,0.22387211385683395,0.2238721138568337,7.7005988127834845e+25,0.0002396901606979,3.212730464345783e+29,6.37,1.2088852139377527e+25,48,0.0129305999313091,1.3696641288702238e-05,True
M1_dark_photon_massive,0.1,5.343777930616317,3.651741272548377,19.51409442056476,0.251188643150958,0.2511886431509576,6.863165916084889e+25,0.0002396901606979,2.8633490403190437e+29,6.37,1.0774200810180358e+25,48,0.0124437709435984,1.3180971323732523e-05,True
M1_dark_photon_massive,0.1,5.343777930616317,3.651741272548377,19.51409442056476,0.28183829312644537,0.2818382931264448,6.116803061278204e+25,0.0002396901606979,2.5519625183887072e+29,6.37,9.602516579714606e+24,48,0.0119752707623263,1.2684716009929238e-05,True
M1_dark_photon_massive,0.1,5.343777930616317,3.651741272548377,19.51409442056476,0.31622776601683794,0.3162277660168375,5.451606466743566e+25,0.0002396901606979,2.2744389885960916e+29,6.37,8.558251910115488e+24,48,0.0115244093194114,1.2207144397837265e-05,True
M1_dark_photon_massive,0.1,5.343777930616317,3.651741272548377,19.51409442056476,0.35481338923357547,0.3548133892335749,4.858749377821197e+25,0.0002396901606979,2.027095882314233e+29,6.37,7.627550043675347e+24,48,0.0110905225274035,1.1747553057790607e-05,True
M1_dark_photon_massive,0.1,5.343777930616317,3.651741272548377,19.51409442056476,0.3981071705534972,0.3981071705534968,4.330364941139893e+25,0.0002396901606979,1.806651106799613e+29,6.37,6.798061132087745e+24,48,0.0106729713013289,1.1305265043809572e-05,True
M1_dark_photon_massive,0.1,5.343777930616317,3.651741272548377,19.51409442056476,0.44668359215096315,0.4466835921509628,3.859441816252412e+25,0.0002396901606979,1.610179493815525e+29,6.37,6.058778361463755e+24,48,0.0102711406173627,1.0879628896506558e-05,True
M1_dark_photon_massive,0.1,5.343777930616317,3.651741272548377,19.51409442056476,0.5011872336272722,0.5011872336272716,3.4397311394075688e+25,0.0002396901606979,1.435073984426806e+29,6.37,5.399891898599008e+24,48,0.0098844386069418,1.0470017683531834e-05,True
M1_dark_photon_massive,0.1,5.343777930616317,3.651741272548377,19.51409442056476,0.5623413251903491,0.562341325190348,3.065663604924854e+25,0.0002396901606979,1.2790110349117231e+29,6.37,4.812658720447181e+24,48,0.0095122956849839,1.0075828076145923e-05,True
M1_dark_photon_massive,0.1,5.343777930616317,3.651741272548377,19.51409442056476,0.6309573444801932,0.6309573444801924,2.7322755638917554e+25,0.0002396901606979,1.1399197847484858e+29,6.37,4.2892865995160993e+24,48,0.0091541637109281,9.696479460558477e-06,True
M1_dark_photon_massive,0.1,5.343777930616317,3.651741272548377,19.51409442056476,0.7079457843841379,0.7079457843841371,2.435143159558436e+25,0.0002396901606979,1.0159545775543054e+29,6.37,3.822830705743227e+24,48,0.0088095151813623,9.33141308272465e-06,True
M1_dark_photon_massive,0.1,5.343777930616317,3.651741272548377,19.51409442056476,0.7943282347242815,0.7943282347242802,2.1703236254464293e+25,0.0002396901606979,9.054704703465478e+28,6.37,3.40710145282014e+24,48,0.0084778424530475,8.980091225339386e-06,True
M1_dark_photon_massive,0.1,5.343777930616317,3.651741272548377,19.51409442056476,0.8912509381337456,0.8912509381337443,1.9343029672329614e+25,0.0002396901606979,8.070014061487645e+28,6.37,3.0365823661427966e+24,48,0.0081586569951946,8.641996415817337e-06,True
M1_dark_photon_massive,0.1,5.343777930616317,3.651741272548377,19.51409442056476,1.0,0.9999999999999984,1.723949334181265e+25,0.0002396901606979,7.192407603053382e+28,6.37,2.7063568825451567e+24,48,0.0078514886698926,8.31663066409185e-06,True
M1_dark_photon_massive,0.1,5.343777930616317,3.651741272548377,19.51409442056476,1.1220184543019633,1.1220184543019616,1.536471461384098e+25,0.0002396901606979,6.41024002366161e+28,6.37,2.4120431104930892e+24,48,0.0075558850396287,8.003514729110346e-06,True
M1_dark_photon_massive,0.1,5.343777930616317,3.651741272548377,19.51409442056476,1.2589254117941673,1.2589254117941662,1.3693816313743045e+25,0.0002396901606979,5.7131324347508925e+28,6.37,2.149735685046004e+24,48,0.0072714107008786,7.702187412945668e-06,True
M1_dark_photon_massive,0.1,5.343777930616317,3.651741272548377,19.51409442056476,1.4125375446227544,1.4125375446227524,1.2204626636254674e+25,0.0002396901606979,5.091834642154062e+28,6.37,1.9159539460368404e+24,48,0.0069976466427883,7.412204881483736e-06,True
M1_dark_photon_massive,0.1,5.343777930616317,3.651741272548377,19.51409442056476,1.5848931924611136,1.5848931924611114,1.0877384939134078e+25,0.0002396901606979,4.538102401641712e+28,6.37,1.707595751826386e+24,48,0.0067341896299998,7.133140010686844e-06,True
M1_dark_photon_massive,0.1,5.343777930616317,3.651741272548377,19.51409442056476,1.7782794100389228,1.7782794100389194,9.694479531445123e+24,0.0002396901606979,4.044588022810181e+28,6.37,1.5218963157684654e+24,48,0.0064806516087138,6.8645817574697536e-06,True
M1_dark_photon_massive,0.1,5.343777930616317,3.651741272548377,19.51409442056476,1.9952623149688795,1.9952623149688764,8.64021397711886e+24,0.0002396901606979,3.604742869694085e+28,6.37,1.3563915191709357e+24,48,0.0062366591351135,6.6061345542619084e-06,True
M1_dark_photon_massive,0.1,5.343777930616317,3.651741272548377,19.51409442056476,2.2387211385683394,2.238721138568337,7.700598812783484e+24,0.0002396901606979,3.212730464345783e+28,6.37,1.2088852139377528e+24,48,0.0060018528253078,6.357417726364004e-06,True
M1_dark_photon_massive,0.1,5.343777930616317,3.651741272548377,19.51409442056476,2.51188643150958,2.5118864315095766,6.863165916084886e+24,0.0002396901606979,2.8633490403190422e+28,6.37,1.0774200810180356e+24,48,0.0057758868259841,6.118064931240713e-06,True
M1_dark_photon_massive,0.1,5.343777930616317,3.651741272548377,19.51409442056476,2.8183829312644537,2.818382931264451,6.116803061278201e+24,0.0002396901606979,2.551962518388706e+28,6.37,9.6025165797146e+23,48,0.0055584283049903,5.887723618923679e-06,True
M1_dark_photon_massive,0.1,5.343777930616317,3.651741272548377,19.51409442056476,3.1622776601683795,3.162277660168375,5.451606466743566e+24,0.0002396901606979,2.274438988596091e+28,6.37,8.558251910115489e+23,48,0.0053491569610963,5.666054512730025e-06,True
M1_dark_photon_massive,0.1,5.343777930616317,3.651741272548377,19.51409442056476,3.548133892335755,3.5481338923357475,4.858749377821196e+24,0.0002396901606979,2.027095882314233e+28,6.37,7.627550043675347e+23,48,0.0051477645522127,5.452731109531455e-06,True
M1_dark_photon_massive,0.1,5.343777930616317,3.651741272548377,19.51409442056476,3.9810717055349722,3.981071705534968,4.330364941139893e+24,0.0002396901606979,1.806651106799613e+28,6.37,6.798061132087744e+23,48,0.0049539544413718,5.24743919883794e-06,True
M1_dark_photon_massive,0.1,5.343777930616317,3.651741272548377,19.51409442056476,4.466835921509632,4.466835921509625,3.859441816252411e+24,0.0002396901606979,1.6101794938155245e+28,6.37,6.058778361463754e+23,48,0.0047674411598017,5.049876399987575e-06,True
M1_dark_photon_massive,0.1,5.343777930616317,3.651741272548377,19.51409442056476,5.011872336272722,5.011872336272716,3.439731139407568e+24,0.0002396901606979,1.4350739844268058e+28,6.37,5.399891898599007e+23,48,0.0045879499864512,4.859751716760968e-06,True
M1_dark_photon_massive,0.1,5.343777930616317,3.651741272548377,19.51409442056476,5.623413251903491,5.62341325190348,3.065663604924853e+24,0.0002396901606979,1.279011034911723e+28,6.37,4.812658720447179e+23,48,0.0044152165433444,4.676785108764105e-06,True
M1_dark_photon_massive,0.1,5.343777930616317,3.651741272548377,19.51409442056476,6.309573444801933,6.3095734448019245,2.7322755638917554e+24,0.0002396901606979,1.139919784748486e+28,6.37,4.289286599516099e+23,48,0.0042489864061707,4.5007070789483885e-06,True
M1_dark_photon_massive,0.1,5.343777930616317,3.651741272548377,19.51409442056476,7.079457843841379,7.079457843841368,2.4351431595584353e+24,0.0002396901606979,1.0159545775543053e+28,6.37,3.822830705743227e+23,48,0.0040890147295353,4.331258276660294e-06,True
M1_dark_photon_massive,0.1,5.343777930616317,3.651741272548377,19.51409442056476,7.943282347242816,7.943282347242808,2.1703236254464285e+24,0.0002396901606979,9.054704703465476e+27,6.37,3.4071014528201386e+23,48,0.0039350658863193,4.1681891156359385e-06,True
M1_dark_photon_massive,0.1,5.343777930616317,3.651741272548377,19.51409442056476,8.912509381337454,8.912509381337445,1.934302967232961e+24,0.0002396901606979,8.070014061487642e+27,6.37,3.0365823661427955e+23,48,0.0037869131206172,4.0112594063779405e-06,True
M1_dark_photon_massive,0.1,5.343777930616317,3.651741272548377,19.51409442056476,10.0,9.999999999999986,1.7239493341812648e+24,0.0002396901606979,7.192407603053383e+27,6.37,2.7063568825451565e+23,48,0.0036443382137411,3.860238002373037e-06,True
M1_dark_photon_massive,0.1,5.343777930616317,4.216965034285822,22.53452468439725,0.1,0.0999999999999998,4.445161001519719e+26,0.0004437156420638,1.0018039888888426e+30,6.37,6.97827472766047e+25,70,0.020330635138064,2.871748171902532e-05,True
M1_dark_photon_massive,0.1,5.343777930616317,4.216965034285822,22.53452468439725,0.11220184543019636,0.1122018454301962,3.961753912759989e+26,0.0004437156420638,8.928587449233092e+29,6.37,6.219393897582401e+25,70,0.0195651994601868,2.7636286520879672e-05,True
M1_dark_photon_massive,0.1,5.343777930616317,4.216965034285822,22.53452468439725,0.12589254117941673,0.1258925411794165,3.530916891402377e+26,0.0004437156420638,7.95761194033818e+29,6.37,5.543040645843606e+25,70,0.0188285819561143,2.6595797644685608e-05,True
M1_dark_photon_massive,0.1,5.343777930616317,4.216965034285822,22.53452468439725,0.14125375446227545,0.1412537544622752,3.1469329919346574e+26,0.0004437156420638,7.092229107130698e+29,6.37,4.940240175721597e+25,70,0.0181196976396544,2.559448252292e-05,True
M1_dark_photon_massive,0.1,5.343777930616317,4.216965034285822,22.53452468439725,0.15848931924611134,0.1584893192461111,2.8047069813057983e+26,0.0004437156420638,6.320955845189692e+29,6.37,4.402993691217893e+25,70,0.0174375023736654,2.4630866288267e-05,True
M1_dark_photon_massive,0.1,5.343777930616317,4.216965034285822,22.53452468439725,0.1778279410038923,0.177827941003892,2.499697728279058e+26,0.0004437156420638,5.633557826927295e+29,6.37,3.924172257894911e+25,70,0.016780991332115,2.3703529601241303e-05,True
M1_dark_photon_massive,0.1,5.343777930616317,4.216965034285822,22.53452468439725,0.19952623149688797,0.1995262314968878,2.227857945379503e+26,0.0004437156420638,5.020913698279656e+29,6.37,3.4974222062472573e+25,70,0.0161491975200418,2.2811106559600206e-05,True
M1_dark_photon_massive,0.1,5.343777930616317,4.216965034285822,22.53452468439725,0.22387211385683395,0.2238721138568337,1.9855804838482008e+26,0.0004437156420638,4.474894043880317e+29,6.37,3.117080822367662e+25,70,0.0155411903492387,2.1952282686464805e-05,True
M1_dark_photon_massive,0.1,5.343777930616317,4.216965034285822,22.53452468439725,0.251188643150958,0.2511886431509577,1.7696504689697654e+26,0.0004437156420638,3.988253514657443e+29,6.37,2.778101207173886e+25,70,0.0149560742675618,2.112579299418732e-05,True
M1_dark_photon_massive,0.1,5.343777930616317,4.216965034285822,22.53452468439725,0.28183829312644537,0.2818382931264449,1.5772026406381262e+26,0.0004437156420638,3.5545346864536544e+29,6.37,2.475985307124217e+25,70,0.0143929874398444,2.033042012111252e-05,True
M1_dark_photon_massive,0.1,5.343777930616317,4.216965034285822,22.53452468439725,0.31622776601683794,0.3162277660168375,1.4056833330957508e+26,0.0004437156420638,3.1679823739307584e+29,6.37,2.206724227779829e+25,70,0.0138511004784741,1.956499253848894e-05,True
M1_dark_photon_massive,0.1,5.343777930616317,4.216965034285822,22.53452468439725,0.35481338923357547,0.354813389233575,1.252816589340558e+26,0.0004437156420638,2.8234672627569583e+29,6.37,1.9667450382112373e+25,70,0.0133296152217624,1.882838282488876e-05,True
M1_dark_photon_massive,0.1,5.343777930616317,4.216965034285822,22.53452468439725,0.3981071705534972,0.3981071705534966,1.1165739605592917e+26,0.0004437156420638,2.5164178467220576e+29,6.37,1.7528633603756542e+25,70,0.0128277635583085,1.811950600559471e-05,True
M1_dark_photon_massive,0.1,5.343777930616317,4.216965034285822,22.53452468439725,0.44668359215096315,0.4466835921509625,9.951475898441808e+25,0.0004437156420638,2.242759766627534e+29,6.37,1.5622411143550715e+25,70,0.0123448062956248,1.7437317954507997e-05,True
M1_dark_photon_massive,0.1,5.343777930616317,4.216965034285822,22.53452468439725,0.5011872336272722,0.5011872336272716,8.869262230301617e+25,0.0004437156420638,1.9988617460154097e+29,6.37,1.3923488587600654e+25,70,0.0118800320713576,1.678081385622341e-05,True
M1_dark_photon_massive,0.1,5.343777930616317,4.216965034285822,22.53452468439725,0.5623413251903491,0.5623413251903485,7.904738283310513e+25,0.0004437156420638,1.7814874063358907e+29,6.37,1.2409322265793584e+25,70,0.0114327563055003,1.6149026726006324e-05,True
M1_dark_photon_massive,0.1,5.343777930616317,4.216965034285822,22.53452468439725,0.6309573444801932,0.6309573444801923,7.045105410702228e+25,0.0004437156420638,1.5877523221703152e+29,6.37,1.1059820110992508e+25,70,0.0110023201920549,1.5541025985491657e-05,True
M1_dark_photon_massive,0.1,5.343777930616317,4.216965034285822,22.53452468439725,0.7079457843841379,0.7079457843841371,6.278956806539487e+25,0.0004437156420638,1.4150857466583263e+29,6.37,9.857075049512538e+24,70,0.0105880897286564,1.4955916092006873e-05,True
M1_dark_photon_massive,0.1,5.343777930616317,4.216965034285822,22.53452468439725,0.7943282347242815,0.7943282347242805,5.596126144329586e+25,0.0004437156420638,1.2611964992489256e+29,6.37,8.785127385132787e+24,70,0.0101894547827317,1.4392835219500063e-05,True
M1_dark_photon_massive,0.1,5.343777930616317,4.216965034285822,22.53452468439725,0.8912509381337456,0.8912509381337442,4.9875526760485225e+25,0.0004437156420638,1.1240425631266004e+29,6.37,7.829753023624054e+24,70,0.0098058281928168,1.3850953989130356e-05,True
M1_dark_photon_massive,0.1,5.343777930616317,4.216965034285822,22.53452468439725,1.0,0.999999999999998,4.445161001519719e+25,0.0004437156420638,1.0018039888888426e+29,6.37,6.97827472766047e+24,70,0.0094366449037093,1.3329474247650705e-05,True
M1_dark_photon_massive,0.1,5.343777930616317,4.216965034285822,22.53452468439725,1.1220184543019633,1.1220184543019618,3.961753912759989e+25,0.0004437156420638,8.928587449233093e+28,6.37,6.219393897582401e+24,70,0.009081361134181,1.2827627891783844e-05,True
M1_dark_photon_massive,0.1,5.343777930616317,4.216965034285822,22.53452468439725,1.2589254117941673,1.258925411794165,3.530916891402377e+25,0.0004437156420638,7.957611940338179e+28,6.37,5.543040645843606e+24,70,0.0087394535760263,1.2344675736859776e-05,True
M1_dark_photon_massive,0.1,5.343777930616317,4.216965034285822,22.53452468439725,1.4125375446227544,1.4125375446227526,3.1469329919346565e+25,0.0004437156420638,7.092229107130696e+28,6.37,4.940240175721596e+24,70,0.0084104186232659,1.187990642804829e-05,True
M1_dark_photon_massive,0.1,5.343777930616317,4.216965034285822,22.53452468439725,1.5848931924611136,1.5848931924611125,2.8047069813057974e+25,0.0004437156420638,6.320955845189689e+28,6.37,4.402993691217892e+24,70,0.0080937716303701,1.1432635392582953e-05,True
M1_dark_photon_massive,0.1,5.343777930616317,4.216965034285822,22.53452468439725,1.7782794100389228,1.7782794100389197,2.4996977282790585e+25,0.0004437156420638,5.633557826927296e+28,6.37,3.924172257894912e+24,70,0.0077890461984098,1.1002203831433165e-05,True
M1_dark_photon_massive,0.1,5.343777930616317,4.216965034285822,22.53452468439725,1.9952623149688795,1.9952623149688764,2.227857945379503e+25,0.0004437156420638,5.0209136982796565e+28,6.37,3.497422206247257e+24,70,0.0074957934880833,1.0587977748939154e-05,True
M1_dark_photon_massive,0.1,5.343777930616317,4.216965034285822,22.53452468439725,2.2387211385683394,2.238721138568336,1.985580483848201e+25,0.0004437156420638,4.474894043880317e+28,6.37,3.1170808223676625e+24,70,0.0072135815586077,1.018934701898062e-05,True
M1_dark_photon_massive,0.1,5.343777930616317,4.216965034285822,22.53452468439725,2.51188643150958,2.511886431509577,1.7696504689697649e+25,0.0004437156420638,3.988253514657442e+28,6.37,2.778101207173885e+24,70,0.0069419947314998,9.805724486303493e-06,True
M1_dark_photon_massive,0.1,5.343777930616317,4.216965034285822,22.53452468439725,2.8183829312644537,2.8183829312644506,1.5772026406381255e+25,0.0004437156420638,3.554534686453653e+28,6.37,2.475985307124216e+24,70,0.006680632978311,9.436545101681243e-06,True
M1_dark_photon_massive,0.1,5.343777930616317,4.216965034285822,22.53452468439725,3.1622776601683795,3.162277660168374,1.4056833330957509e+25,0.0004437156420638,3.167982373930758e+28,6.37,2.2067242277798285e+24,70,0.0064291113314134,9.081265089636758e-06,True
M1_dark_photon_massive,0.1,5.343777930616317,4.216965034285822,22.53452468439725,3.548133892335755,3.5481338923357493,1.252816589340558e+25,0.0004437156420638,2.823467262756958e+28,6.37,1.966745038211237e+24,70,0.0061870593169687,8.739361147499029e-06,True
M1_dark_photon_massive,0.1,5.343777930616317,4.216965034285822,22.53452468439725,3.9810717055349722,3.981071705534966,1.1165739605592918e+25,0.0004437156420638,2.5164178467220576e+28,6.37,1.7528633603756543e+24,70,0.0059541204092469,8.410329674614811e-06,True
M1_dark_photon_massive,0.1,5.343777930616317,4.216965034285822,22.53452468439725,4.466835921509632,4.466835921509626,9.951475898441805e+24,0.0004437156420638,2.242759766627533e+28,6.37,1.562241114355071e+24,70,0.0057299515054884,8.093686030579995e-06,True
M1_dark_photon_massive,0.1,5.343777930616317,4.216965034285822,22.53452468439725,5.011872336272722,5.011872336272715,8.869262230301616e+24,0.0004437156420638,1.998861746015409e+28,6.37,1.3923488587600653e+24,70,0.0055142224205375,7.788963821398117e-06,True
M1_dark_photon_massive,0.1,5.343777930616317,4.216965034285822,22.53452468439725,5.623413251903491,5.623413251903482,7.904738283310513e+24,0.0004437156420638,1.7814874063358903e+28,6.37,1.2409322265793585e+24,70,0.0053066154005026,7.495714212514528e-06,True
M1_dark_photon_massive,0.1,5.343777930616317,4.216965034285822,22.53452468439725,6.309573444801933,6.309573444801925,7.045105410702228e+24,0.0004437156420638,1.5877523221703155e+28,6.37,1.1059820110992508e+24,70,0.0051068246547274,7.213505267714411e-06,True
M1_dark_photon_massive,0.1,5.343777930616317,4.216965034285822,22.53452468439725,7.079457843841379,7.079457843841369,6.278956806539487e+24,0.0004437156420638,1.4150857466583266e+28,6.37,9.857075049512538e+23,70,0.0049145559053821,6.941921312910875e-06,True
M1_dark_photon_massive,0.1,5.343777930616317,4.216965034285822,22.53452468439725,7.943282347242816,7.943282347242802,5.596126144329584e+24,0.0004437156420638,1.261196499248925e+28,6.37,8.785127385132784e+23,70,0.0047295259540129,6.680562323886023e-06,True
M1_dark_photon_massive,0.1,5.343777930616317,4.216965034285822,22.53452468439725,8.912509381337454,8.912509381337449,4.987552676048521e+24,0.0004437156420638,1.1240425631266e+28,6.37,7.829753023624051e+23,70,0.0045514622644104,6.429043337083184e-06,True
M1_dark_photon_massive,0.1,5.343777930616317,4.216965034285822,22.53452468439725,10.0,9.99999999999998,4.4451610015197193e+24,0.0004437156420638,1.0018039888888426e+28,6.37,6.97827472766047e+23,70,0.0043801025611826,6.186993882582462e-06,True
M1_dark_photon_massive,0.1,5.343777930616317,4.869675251658631,26.02246313908185,0.1,0.0999999999999999,1.3054056517610358e+27,0.0004723839351563,2.763442095737422e+30,6.37,2.049302436045582e+26,72,0.024430448589365,4.601790555031927e-05,True
M1_dark_photon_massive,0.1,5.343777930616317,4.869675251658631,26.02246313908185,0.11220184543019636,0.1122018454301962,1.1634440117771167e+27,0.0004723839351563,2.462920360304261e+30,6.37,1.8264427186453952e+26,72,0.0235106575031617,4.428536023187783e-05,True
M1_dark_photon_massive,0.1,5.343777930616317,4.869675251658631,26.02246313908185,0.12589254117941673,0.1258925411794166,1.0369205669624438e+27,0.0004723839351563,2.195080081669875e+30,6.37,1.627818786440257e+26,72,0.0226254959751985,4.261804415941263e-05,True
M1_dark_photon_massive,0.1,5.343777930616317,4.869675251658631,26.02246313908185,0.14125375446227545,0.1412537544622753,9.241564280754532e+26,0.0004723839351563,1.956367182066975e+30,6.37,1.4507950205266144e+26,72,0.0217736602242998,4.101350149267214e-05,True
M1_dark_photon_massive,0.1,5.343777930616317,4.869675251658631,26.02246313908185,0.15848931924611134,0.1584893192461112,8.236552835045792e+26,0.0004723839351563,1.743614086351264e+30,6.37,1.2930224230841116e+26,72,0.020953895555834,3.9469368852251976e-05,True
M1_dark_photon_massive,0.1,5.343777930616317,4.869675251658631,26.02246313908185,0.1778279410038923,0.1778279410038921,7.340835441222723e+26,0.0004723839351563,1.5539976902037774e+30,6.37,1.1524074476016831e+26,72,0.020164994513637,3.7983371838501896e-05,True
M1_dark_photon_massive,0.1,5.343777930616317,4.869675251658631,26.02246313908185,0.19952623149688797,0.1995262314968877,6.5425264736752e+26,0.0004723839351563,1.38500189925179e+30,6.37,1.0270842187873156e+26,72,0.0194057951015126,3.655332168149383e-05,True
M1_dark_photon_massive,0.1,5.343777930616317,4.869675251658631,26.02246313908185,0.22387211385683395,0.2238721138568339,5.831032857427887e+26,0.0004723839351563,1.2343842420251771e+30,6.37,9.1538977353656e+25,72,0.0186751790716936,3.5177112017116413e-05,True
M1_dark_photon_massive,0.1,5.343777930616317,4.869675251658631,26.02246313908185,0.251188643150958,0.2511886431509577,5.1969135044713e+26,0.0004723839351563,1.1001461137224517e+30,6.37,8.158419944224961e+25,72,0.0179720702777408,3.385271578454771e-05,True
M1_dark_photon_massive,0.1,5.343777930616317,4.869675251658631,26.02246313908185,0.28183829312644537,0.2818382931264451,4.6317540362599776e+26,0.0004723839351563,9.805062559393294e+29,6.37,7.271199428979556e+25,72,0.0172954330894543,3.257818224053595e-05,True
M1_dark_photon_massive,0.1,5.343777930616317,4.869675251658631,26.02246313908185,0.31622776601683794,0.3162277660168376,4.128055130021467e+26,0.0004723839351563,8.738771204519337e+29,6.37,6.480463312435584e+25,72,0.0166442708674626,3.1351634086090856e-05,True
M1_dark_photon_massive,0.1,5.343777930616317,4.869675251658631,26.02246313908185,0.35481338923357547,0.3548133892335749,3.6791330072994536e+26,0.0004723839351563,7.788438034164021e+29,6.37,5.775719006749535e+25,72,0.0160176244952421,3.017126470135321e-05,True
M1_dark_photon_massive,0.1,5.343777930616317,4.869675251658631,26.02246313908185,0.3981071705534972,0.3981071705534968,3.279030744274466e+26,0.0004723839351563,6.941452704545227e+29,6.37,5.147614983162426e+25,72,0.0154145709664056,2.903533548456979e-05,True
M1_dark_photon_massive,0.1,5.343777930616317,4.869675251658631,26.02246313908185,0.44668359215096315,0.4466835921509627,2.922439227004012e+26,0.0004723839351563,6.18657623493696e+29,6.37,4.587816682894838e+25,72,0.0148342220251782,2.794217329125439e-05,True
M1_dark_photon_massive,0.1,5.343777930616317,4.869675251658631,26.02246313908185,0.5011872336272722,0.5011872336272718,2.6046267027061837e+26,0.0004723839351563,5.5137918732235e+29,6.37,4.088895922615672e+25,72,0.0142757228580586,2.68901679697626e-05,True
M1_dark_photon_massive,0.1,5.343777930616317,4.869675251658631,26.02246313908185,0.5623413251903491,0.5623413251903486,2.3213759922750904e+26,0.0004723839351563,4.914172179684667e+29,6.37,3.6442323269624654e+25,72,0.0137382508347382,2.587776998965086e-05,True
M1_dark_photon_massive,0.1,5.343777930616317,4.869675251658631,26.02246313908185,0.6309573444801932,0.6309573444801934,2.0689285308763286e+26,0.0004723839351563,4.379760565294712e+29,6.37,3.24792548018262e+25,72,0.0132210142964243,2.490348815932616e-05,True
M1_dark_photon_massive,0.1,5.343777930616317,4.869675251658631,26.02246313908185,0.7079457843841379,0.7079457843841376,1.8439344940752e+26,0.0004723839351563,3.903465712620096e+29,6.37,2.894716631201255e+25,72,0.012723251389782,2.3965887429624918e-05,True
M1_dark_photon_massive,0.1,5.343777930616317,4.869675251658631,26.02246313908185,0.7943282347242815,0.794328234724281,1.6434083477016956e+26,0.0004723839351563,3.47896747834557e+29,6.37,2.579918913189475e+25,72,0.0122442289447771,2.3063586780085617e-05,True
M1_dark_photon_massive,0.1,5.343777930616317,4.869675251658631,26.02246313908185,0.8912509381337456,0.8912509381337448,1.4646892316259644e+26,0.0004723839351563,3.10063302881228e+29,6.37,2.299355151689112e+25,72,0.0117832413947678,2.2195257184802067e-05,True
M1_dark_photon_massive,0.1,5.343777930616317,4.869675251658631,26.02246313908185,1.0,0.9999999999999988,1.305405651761036e+26,0.0004723839351563,2.763442095737422e+29,6.37,2.049302436045582e+25,72,0.0113396097372547,2.1359619654860945e-05,True
M1_dark_photon_massive,0.1,5.343777930616317,4.869675251658631,26.02246313908185,1.1220184543019633,1.122018454301963,1.1634440117771169e+26,0.0004723839351563,2.462920360304261e+29,6.37,1.826442718645395e+25,72,0.0109126805337569,2.0555443354480355e-05,True
M1_dark_photon_massive,0.1,5.343777930616317,4.869675251658631,26.02246313908185,1.2589254117941673,1.2589254117941664,1.0369205669624436e+26,0.0004723839351563,2.1950800816698748e+29,6.37,1.6278187864402569e+25,72,0.0105018249473432,1.97815437880746e-05,True
M1_dark_photon_massive,0.1,5.343777930616317,4.869675251658631,26.02246313908185,1.4125375446227544,1.412537544622753,9.24156428075453e+25,0.0004723839351563,1.9563671820669744e+29,6.37,1.4507950205266138e+25,72,0.0101064378163988,1.903678105557481e-05,True
M1_dark_photon_massive,0.1,5.343777930616317,4.869675251658631,26.02246313908185,1.5848931924611136,1.584893192461113,8.236552835045788e+25,0.0004723839351563,1.743614086351263e+29,6.37,1.2930224230841112e+25,72,0.0097259367632647,1.832005817343568e-05,True
M1_dark_photon_massive,0.1,5.343777930616317,4.869675251658631,26.02246313908185,1.7782794100389228,1.7782794100389214,7.340835441222724e+25,0.0004723839351563,1.5539976902037774e+29,6.37,1.1524074476016837e+25,72,0.009359761336436,1.7630319458855252e-05,True
M1_dark_photon_massive,0.1,5.343777930616317,4.869675251658631,26.02246313908185,1.9952623149688795,1.995262314968878,6.542526473675199e+25,0.0004723839351563,1.38500189925179e+29,6.37,1.0270842187873154e+25,72,0.0090073721850558,1.696654897482776e-05,True
M1_dark_photon_massive,0.1,5.343777930616317,4.869675251658631,26.02246313908185,2.2387211385683394,2.238721138568337,5.831032857427887e+25,0.0004723839351563,1.2343842420251771e+29,6.37,9.1538977353656e+24,72,0.0086682502644892,1.6327769033739343e-05,True
M1_dark_photon_massive,0.1,5.343777930616317,4.869675251658631,26.02246313908185,2.51188643150958,2.5118864315095784,5.196913504471298e+25,0.0004723839351563,1.1001461137224512e+29,6.37,8.158419944224957e+24,72,0.0083418960718065,1.571303875730237e-05,True
M1_dark_photon_massive,0.1,5.343777930616317,4.869675251658631,26.02246313908185,2.8183829312644537,2.8183829312644524,4.631754036259975e+25,0.0004723839351563,9.80506255939329e+28,6.37,7.271199428979552e+24,72,0.0080278289100508,1.5121452690707378e-05,True
M1_dark_photon_massive,0.1,5.343777930616317,4.869675251658631,26.02246313908185,3.1622776601683795,3.162277660168376,4.128055130021467e+25,0.0004723839351563,8.738771204519336e+28,6.37,6.480463312435584e+24,72,0.0077255861802041,1.4552139468951312e-05,True
M1_dark_photon_massive,0.1,5.343777930616317,4.869675251658631,26.02246313908185,3.548133892335755,3.548133892335751,3.679133007299453e+25,0.0004723839351563,7.78843803416402e+28,6.37,5.775719006749534e+24,72,0.0074347226998118,1.4004260533377644e-05,True
M1_dark_photon_massive,0.1,5.343777930616317,4.869675251658631,26.02246313908185,3.9810717055349722,3.9810717055349714,3.279030744274466e+25,0.0004723839351563,6.941452704545227e+28,6.37,5.147614983162427e+24,72,0.00715481004726,1.3477008896538005e-05,True
M1_dark_photon_massive,0.1,5.343777930616317,4.869675251658631,26.02246313908185,4.466835921509632,4.46683592150963,2.922439227004011e+25,0.0004723839351563,6.186576234936958e+28,6.37,4.587816682894837e+24,72,0.00688543593074,1.296960795355596e-05,True
M1_dark_photon_massive,0.1,5.343777930616317,4.869675251658631,26.02246313908185,5.011872336272722,5.011872336272719,2.604626702706183e+25,0.0004723839351563,5.513791873223499e+28,6.37,4.088895922615672e+24,72,0.0066262035809715,1.248131033824221e-05,True
M1_dark_photon_massive,0.1,5.343777930616317,4.869675251658631,26.02246313908185,5.623413251903491,5.623413251903485,2.3213759922750904e+25,0.0004723839351563,4.914172179684666e+28,6.37,3.644232326962465e+24,72,0.0063767311667892,1.2011396822276331e-05,True
M1_dark_photon_massive,0.1,5.343777930616317,4.869675251658631,26.02246313908185,6.309573444801933,6.309573444801929,2.0689285308763287e+25,0.0004723839351563,4.379760565294712e+28,6.37,3.2479254801826195e+24,72,0.0061366512327318,1.1559175255833636e-05,True
M1_dark_photon_massive,0.1,5.343777930616317,4.869675251658631,26.02246313908185,7.079457843841379,7.079457843841374,1.8439344940752e+25,0.0004723839351563,3.903465712620096e+28,6.37,2.894716631201256e+24,72,0.005905610157806,1.1123979548096788e-05,True
M1_dark_photon_massive,0.1,5.343777930616317,4.869675251658631,26.02246313908185,7.943282347242816,7.943282347242809,1.6434083477016949e+25,0.0004723839351563,3.478967478345569e+28,6.37,2.579918913189474e+24,72,0.0056832676346275,1.070516868615047e-05,True
M1_dark_photon_massive,0.1,5.343777930616317,4.869675251658631,26.02246313908185,8.912509381337454,8.912509381337449,1.464689231625964e+25,0.0004723839351563,3.1006330288122798e+28,6.37,2.2993551516891115e+24,72,0.0054692961681718,1.0302125790814108e-05,True
M1_dark_photon_massive,0.1,5.343777930616317,4.869675251658631,26.02246313908185,10.0,9.999999999999991,1.305405651761036e+25,0.0004723839351563,2.763442095737422e+28,6.37,2.0493024360455823e+24,72,0.0052633805933968,9.91425720802186e-06,True
M1_dark_photon_massive,0.1,5.343777930616317,5.623413251903491,30.05027163025721,0.1,0.0999999999999998,5.139493791321367e+27,0.0004876467817721,1.0539378056887482e+31,6.37,8.068279107254893e+26,73,0.0293509757703191,7.372553805893477e-05,True
M1_dark_photon_massive,0.1,5.343777930616317,5.623413251903491,30.05027163025721,0.11220184543019636,0.1122018454301961,4.580578663047729e+27,0.0004876467817721,9.39323058054718e+30,6.37,7.190861323465823e+26,73,0.0282459299179617,7.094981773255197e-05,True
M1_dark_photon_massive,0.1,5.343777930616317,5.623413251903491,30.05027163025721,0.12589254117941673,0.1258925411794165,4.082445030636707e+27,0.0004876467817721,8.371725567019261e+30,6.37,6.408861900528582e+26,73,0.0271824883497469,6.827860153775162e-05,True
M1_dark_photon_massive,0.1,5.343777930616317,5.623413251903491,30.05027163025721,0.14125375446227545,0.1412537544622752,3.638482963434412e+27,0.0004876467817721,7.461308265404179e+30,6.37,5.711904181215718e+26,73,0.0261590846904377,6.570795495944076e-05,True
M1_dark_photon_massive,0.1,5.343777930616317,5.623413251903491,30.05027163025721,0.15848931924611134,0.1584893192461111,3.2428013545445706e+27,0.0004876467817721,6.649897991246544e+30,6.37,5.090739960038573e+26,73,0.0251742115378434,6.32340916145552e-05,True
M1_dark_photon_massive,0.1,5.343777930616317,5.623413251903491,30.05027163025721,0.1778279410038923,0.177827941003892,2.890149749419229e+27,0.0004876467817721,5.926727823192193e+30,6.37,4.5371267651793234e+26,73,0.0242264182425216,6.085336767498133e-05,True
M1_dark_photon_massive,0.1,5.343777930616317,5.623413251903491,30.05027163025721,0.19952623149688797,0.1995262314968877,2.5758486755168976e+27,0.0004876467817721,5.282201732483413e+30,6.37,4.043718485897798e+26,73,0.0233143087710727,5.856227650045147e-05,True
M1_dark_photon_massive,0.1,5.343777930616317,5.623413251903491,30.05027163025721,0.22387211385683395,0.2238721138568337,2.295727548545001e+27,0.0004876467817721,4.707767249487537e+30,6.37,3.603967894105181e+26,73,0.0224365396498803,5.635744347350754e-05,True
M1_dark_photon_massive,0.1,5.343777930616317,5.623413251903491,30.05027163025721,0.251188643150958,0.2511886431509578,2.046069331340216e+27,0.0004876467817721,4.195801977621091e+30,6.37,3.212039766625143e+26,73,0.0215918179862678,5.423562102892485e-05,True
M1_dark_photon_massive,0.1,5.343777930616317,5.623413251903491,30.05027163025721,0.28183829312644537,0.2818382931264451,1.823561211043653e+27,0.0004876467817721,3.7395124487782223e+30,6.37,2.862733455327556e+26,73,0.0207788995641584,5.219368387027519e-05,True
M1_dark_photon_massive,0.1,5.343777930616317,5.623413251903491,30.05027163025721,0.31622776601683794,0.3162277660168373,1.6252506400869648e+27,0.0004876467817721,3.3328439781364107e+30,6.37,2.551413877687543e+26,73,0.0199965870114308,5.0228624366583135e-05,True
M1_dark_photon_massive,0.1,5.343777930616317,5.623413251903491,30.05027163025721,0.35481338923357547,0.3548133892335748,1.4485061576799777e+27,0.0004876467817721,2.97040032216748e+30,6.37,2.27395001205648e+26,73,0.0192437280362743,4.833754812229557e-05,True
M1_dark_photon_massive,0.1,5.343777930616317,5.623413251903491,30.05027163025721,0.3981071705534972,0.3981071705534967,1.2909824719247872e+27,0.0004876467817721,2.647372073764546e+30,6.37,2.0266600815145795e+26,73,0.018519213729943,4.651766971403889e-05,True
M1_dark_photon_massive,0.1,5.343777930616317,5.623413251903491,30.05027163025721,0.44668359215096315,0.4466835921509625,1.1505893392171885e+27,0.0004876467817721,2.359472844331732e+30,6.37,1.8062626989280822e+26,73,0.0178219769334107,4.476630858788472e-05,True
M1_dark_photon_massive,0.1,5.343777930616317,5.623413251903491,30.05027163025721,0.5011872336272722,0.5011872336272715,1.0254638279840055e+27,0.0004876467817721,2.1028823860117527e+30,6.37,1.6098333249356443e+26,73,0.0171509906655201,4.3080885111081e-05,True
M1_dark_photon_massive,0.1,5.343777930616317,5.623413251903491,30.05027163025721,0.5623413251903491,0.5623413251903483,9.139455987129668e+26,0.0004876467817721,1.874195899317904e+30,6.37,1.43476546108786e+26,73,0.016505266610311,4.1458916772432886e-05,True
M1_dark_photon_massive,0.1,5.343777930616317,5.623413251903491,30.05027163025721,0.6309573444801932,0.6309573444801925,8.145548722561394e+26,0.0004876467817721,1.6703788535135004e+30,6.37,1.278736063196451e+26,73,0.0158838536613003,3.989801452573701e-05,True
M1_dark_photon_massive,0.1,5.343777930616317,5.623413251903491,30.05027163025721,0.7079457843841379,0.707945784384137,7.259727940596975e+26,0.0004876467817721,1.4887267202326776e+30,6.37,1.1396747159492895e+26,73,0.0152858365205679,3.8395879270883046e-05,True
M1_dark_photon_massive,0.1,5.343777930616317,5.623413251903491,30.05027163025721,0.7943282347242815,0.7943282347242804,6.470239337652818e+26,0.0004876467817721,1.3268290860321483e+30,6.37,1.0157361597571143e+26,73,0.0147103343505873,3.695029846743969e-05,True
M1_dark_photon_massive,0.1,5.343777930616317,5.623413251903491,30.05027163025721,0.8912509381337456,0.8912509381337445,5.766606879632938e+26,0.0004876467817721,1.182537667669292e+30,6.37,9.05275805279896e+25,73,0.014156499476813,3.555914287573691e-05,True
M1_dark_photon_massive,0.1,5.343777930616317,5.623413251903491,30.05027163025721,1.0,0.9999999999999982,5.139493791321368e+26,0.0004876467817721,1.0539378056887482e+30,6.37,8.068279107254894e+25,73,0.0136235161391152,3.422036342064456e-05,True
M1_dark_photon_massive,0.1,5.343777930616317,5.623413251903491,30.05027163025721,1.1220184543019633,1.122018454301962,4.580578663047729e+26,0.0004876467817721,9.39323058054718e+29,6.37,7.190861323465822e+25,73,0.013110599290222,3.293198817342752e-05,True
M1_dark_photon_massive,0.1,5.343777930616317,5.623413251903491,30.05027163025721,1.2589254117941673,1.2589254117941655,4.082445030636706e+26,0.0004876467817721,8.37172556701926e+29,6.37,6.4088619005285805e+25,73,0.0126169934393995,3.169211944723242e-05,True
M1_dark_photon_massive,0.1,5.343777930616317,5.623413251903491,30.05027163025721,1.4125375446227544,1.4125375446227535,3.638482963434411e+26,0.0004876467817721,7.461308265404176e+29,6.37,5.711904181215716e+25,73,0.0121419715396666,3.0498931001927164e-05,True
M1_dark_photon_massive,0.1,5.343777930616317,5.623413251903491,30.05027163025721,1.5848931924611136,1.5848931924611116,3.24280135454457e+26,0.0004876467817721,6.649897991246542e+29,6.37,5.090739960038571e+25,73,0.011684833916906,2.9350665354176687e-05,True
M1_dark_photon_massive,0.1,5.343777930616317,5.623413251903491,30.05027163025721,1.7782794100389228,1.77827941003892,2.890149749419229e+26,0.0004876467817721,5.926727823192193e+29,6.37,4.537126765179324e+25,73,0.0112449072392921,2.824563118879262e-05,True
M1_dark_photon_massive,0.1,5.343777930616317,5.623413251903491,30.05027163025721,1.9952623149688795,1.9952623149688764,2.5758486755168978e+26,0.0004876467817721,5.282201732483413e+29,6.37,4.043718485897799e+25,73,0.0108215435255211,2.7182200867543964e-05,True
M1_dark_photon_massive,0.1,5.343777930616317,5.623413251903491,30.05027163025721,2.2387211385683394,2.238721138568336,2.295727548545001e+26,0.0004876467817721,4.7077672494875375e+29,6.37,3.603967894105182e+25,73,0.0104141191903794,2.61588080317596e-05,True
M1_dark_photon_massive,0.1,5.343777930616317,5.623413251903491,30.05027163025721,2.51188643150958,2.5118864315095766,2.0460693313402152e+26,0.0004876467817721,4.1958019776210894e+29,6.37,3.2120397666251416e+25,73,0.010022034126246,2.51739452951912e-05,True
M1_dark_photon_massive,0.1,5.343777930616317,5.623413251903491,30.05027163025721,2.8183829312644537,2.818382931264451,1.823561211043652e+26,0.0004876467817721,3.739512448778221e+29,6.37,2.8627334553275543e+25,73,0.0096447108191759,2.4226162023738466e-05,True
M1_dark_photon_massive,0.1,5.343777930616317,5.623413251903491,30.05027163025721,3.1622776601683795,3.162277660168376,1.6252506400869647e+26,0.0004876467817721,3.33284397813641e+29,6.37,2.551413877687543e+25,73,0.0092815934982623,2.3314062198766303e-05,True
M1_dark_photon_massive,0.1,5.343777930616317,5.623413251903491,30.05027163025721,3.548133892335755,3.54813389233575,1.4485061576799776e+26,0.0004876467817721,2.97040032216748e+29,6.37,2.27395001205648e+25,73,0.0089321473170252,2.243630236086675e-05,True
M1_dark_photon_massive,0.1,5.343777930616317,5.623413251903491,30.05027163025721,3.9810717055349722,3.981071705534965,1.2909824719247872e+26,0.0004876467817721,2.6473720737645463e+29,6.37,2.0266600815145798e+25,73,0.0085958575656192,2.159158963103703e-05,True
M1_dark_photon_massive,0.1,5.343777930616317,5.623413251903491,30.05027163025721,4.466835921509632,4.466835921509628,1.150589339217188e+26,0.0004876467817721,2.3594728443317308e+29,6.37,1.8062626989280815e+25,73,0.0082722289127023,2.077867980635896e-05,True
M1_dark_photon_massive,0.1,5.343777930616317,5.623413251903491,30.05027163025721,5.011872336272722,5.011872336272716,1.0254638279840051e+26,0.0004876467817721,2.102882386011752e+29,6.37,1.609833324935644e+25,73,0.0079607846758475,1.9996375527374855e-05,True
M1_dark_photon_massive,0.1,5.343777930616317,5.623413251903491,30.05027163025721,5.623413251903491,5.623413251903481,9.139455987129669e+25,0.0004876467817721,1.874195899317904e+29,6.37,1.43476546108786e+25,73,0.0076610661194221,1.9243524514460604e-05,True
M1_dark_photon_massive,0.1,5.343777930616317,5.623413251903491,30.05027163025721,6.309573444801933,6.309573444801922,8.145548722561394e+25,0.0004876467817721,1.6703788535135005e+29,6.37,1.278736063196451e+25,73,0.0073726317789031,1.851901787059814e-05,True
M1_dark_photon_massive,0.1,5.343777930616317,5.623413251903491,30.05027163025721,7.079457843841379,7.079457843841371,7.259727940596974e+25,0.0004876467817721,1.4887267202326776e+29,6.37,1.1396747159492894e+25,73,0.0070950568106298,1.782178844804751e-05,True
M1_dark_photon_massive,0.1,5.343777930616317,5.623413251903491,30.05027163025721,7.943282347242816,7.943282347242809,6.470239337652817e+25,0.0004876467817721,1.3268290860321478e+29,6.37,1.015736159757114e+25,73,0.0068279323660396,1.7150809276512743e-05,True
M1_dark_photon_massive,0.1,5.343777930616317,5.623413251903491,30.05027163025721,8.912509381337454,8.912509381337445,5.766606879632936e+25,0.0004876467817721,1.1825376676692918e+29,6.37,9.052758052798956e+24,73,0.006570864989462,1.6505092050486186e-05,True
M1_dark_photon_massive,0.1,5.343777930616317,5.623413251903491,30.05027163025721,10.0,9.999999999999982,5.139493791321368e+25,0.0004876467817721,1.0539378056887482e+29,6.37,8.068279107254895e+24,73,0.006323476038586,1.5883685673543497e-05,True
M1_dark_photon_massive,0.1,5.343777930616317,6.493816315762113,34.701512313645736,0.1,0.0999999999999999,3.0972049711394204e+28,0.0005035731389931,6.150457066339973e+31,6.37,4.862174209010079e+27,74,0.0352549123096961,0.0001180905229034,True
M1_dark_photon_massive,0.1,5.343777930616317,6.493816315762113,34.701512313645736,0.11220184543019636,0.1122018454301962,2.7603868361205085e+28,0.0005035731389931,5.481600630326825e+31,6.37,4.333417325149935e+27,74,0.0339275869448457,0.0001136444886877,True
M1_dark_photon_massive,0.1,5.343777930616317,6.493816315762113,34.701512313645736,0.12589254117941673,0.1258925411794165,2.460197357304445e+28,0.0005035731389931,4.885481704253314e+31,6.37,3.8621622563649057e+27,74,0.0326502345485479,0.0001093658448753,True
M1_dark_photon_massive,0.1,5.343777930616317,6.493816315762113,34.701512313645736,0.14125375446227545,0.1412537544622753,2.192653202691748e+28,0.0005035731389931,4.354190152151016e+31,6.37,3.442155734209965e+27,74,0.0314209736698396,0.0001052482893223,True
M1_dark_photon_massive,0.1,5.343777930616317,6.493816315762113,34.701512313645736,0.15848931924611134,0.1584893192461112,1.9542042239009823e+28,0.0005035731389931,3.8806760579173095e+31,6.37,3.067824527317084e+27,74,0.0302379936932079,0.0001012857571567,True
M1_dark_photon_massive,0.1,5.343777930616317,6.493816315762113,34.701512313645736,0.1778279410038923,0.1778279410038921,1.7416863478566783e+28,0.0005035731389931,3.458656177211967e+31,6.37,2.7342014880010653e+27,74,0.0290995521716801,9.747241184495982e-05,True
M1_dark_photon_massive,0.1,5.343777930616317,6.493816315762113,34.701512313645736,0.19952623149688797,0.1995262314968877,1.5522795914620018e+28,0.0005035731389931,3.08253056262224e+31,6.37,2.436859641227632e+27,74,0.0280039722603202,9.380263659552954e-05,True
M1_dark_photon_massive,0.1,5.343777930616317,6.493816315762113,34.701512313645736,0.22387211385683395,0.2238721138568337,1.3834706421363762e+28,0.0005035731389931,2.747308255763013e+31,6.37,2.1718534413443896e+27,74,0.0269496402463539,9.027102608550012e-05,True
M1_dark_photon_massive,0.1,5.343777930616317,6.493816315762113,34.701512313645736,0.251188643150958,0.2511886431509579,1.2330195076845408e+28,0.0005035731389931,2.4485410602913704e+31,6.37,1.9356664170871912e+27,74,0.0259350031722818,8.687237849897923e-05,True
M1_dark_photon_massive,0.1,5.343777930616317,6.493816315762113,34.701512313645736,0.28183829312644537,0.2818382931264452,1.098929792961056e+28,0.0005035731389931,2.18226451704368e+31,6.37,1.725164510142945e+27,74,0.0249585665484818,8.360168786518452e-05,True
M1_dark_photon_massive,0.1,5.343777930616317,6.493816315762113,34.701512313645736,0.31622776601683794,0.3162277660168376,9.79422208919664e+27,0.0005035731389931,1.9449452980711648e+31,6.37,1.5375544880999433e+27,74,0.0240188921519298,8.04541366849978e-05,True
M1_dark_photon_massive,0.1,5.343777930616317,6.493816315762113,34.701512313645736,0.35481338923357547,0.354813389233575,8.729109625286758e+27,0.0005035731389931,1.7334343215247428e+31,6.37,1.3703468799508252e+27,74,0.0231145959077978,7.742508883512509e-05,True
M1_dark_photon_massive,0.1,5.343777930616317,6.493816315762113,34.701512313645736,0.3981071705534972,0.398107170553497,7.77982714260913e+27,0.0005035731389931,1.5449249652521594e+31,6.37,1.221322942324824e+27,74,0.0222443458508079,7.451008273941027e-05,True
M1_dark_photon_massive,0.1,5.343777930616317,6.493816315762113,34.701512313645736,0.44668359215096315,0.4466835921509625,6.933778239368765e+27,0.0005035731389931,1.3769158246272314e+31,6.37,1.088505218111266e+27,74,0.0214068601633407,7.17048247972449e-05,True
M1_dark_photon_massive,0.1,5.343777930616317,6.493816315762113,34.701512313645736,0.5011872336272722,0.5011872336272719,6.179736360648761e+27,0.0005035731389931,1.2271775204302198e+31,6.37,9.701312968051432e+26,74,0.0206009052874072,6.90051830593938e-05,True
M1_dark_photon_massive,0.1,5.343777930616317,6.493816315762113,34.701512313645736,0.5623413251903491,0.5623413251903484,5.507695828847428e+27,0.0005035731389931,1.0937231163400772e+31,6.37,8.64630428390491e+26,74,0.019825294107704,6.640718114192241e-05,True
M1_dark_photon_massive,0.1,5.343777930616317,6.493816315762113,34.701512313645736,0.6309573444801932,0.6309573444801928,4.908739074415586e+27,0.0005035731389931,9.747817534966572e+30,6.37,7.706026804420071e+26,74,0.0190788842030753,6.390699236926037e-05,True
M1_dark_photon_massive,0.1,5.343777930616317,6.493816315762113,34.701512313645736,0.7079457843841379,0.7079457843841372,4.3749183051266646e+27,0.0005035731389931,8.687751522795533e+30,6.37,6.868003618723178e+26,74,0.0183605761638061,6.150093413777559e-05,True
M1_dark_photon_massive,0.1,5.343777930616317,6.493816315762113,34.701512313645736,0.7943282347242815,0.7943282347242809,3.899150043702637e+27,0.0005035731389931,7.742966694964397e+30,6.37,6.1211146682929926e+26,74,0.0176693119722686,5.9185462491555913e-05,True
M1_dark_photon_massive,0.1,5.343777930616317,6.493816315762113,34.701512313645736,0.8912509381337456,0.8912509381337446,3.475121134374209e+27,0.0005035731389931,6.900926330825365e+30,6.37,5.45544919054036e+26,74,0.017004073444536,5.695716690240942e-05,True
M1_dark_photon_massive,0.1,5.343777930616317,6.493816315762113,34.701512313645736,1.0,0.9999999999999988,3.0972049711394204e+27,0.0005035731389931,6.150457066339974e+30,6.37,4.862174209010079e+26,74,0.0163638807306683,5.481276524639418e-05,True
M1_dark_photon_massive,0.1,5.343777930616317,6.493816315762113,34.701512313645736,1.1220184543019633,1.122018454301963,2.760386836120508e+27,0.0005035731389931,5.481600630326825e+30,6.37,4.3334173251499344e+26,74,0.0157477908714622,5.274909896947882e-05,True
M1_dark_photon_massive,0.1,5.343777930616317,6.493816315762113,34.701512313645736,1.2589254117941673,1.2589254117941664,2.4601973573044449e+27,0.0005035731389931,4.8854817042533134e+30,6.37,3.862162256364905e+26,74,0.0151548964095378,5.076312843521271e-05,True
M1_dark_photon_massive,0.1,5.343777930616317,6.493816315762113,34.701512313645736,1.4125375446227544,1.412537544622754,2.1926532026917476e+27,0.0005035731389931,4.354190152151015e+30,6.37,3.442155734209964e+26,74,0.0145843240527168,4.885192844755356e-05,True
M1_dark_photon_massive,0.1,5.343777930616317,6.493816315762113,34.701512313645736,1.5848931924611136,1.5848931924611125,1.9542042239009817e+27,0.0005035731389931,3.880676057917308e+30,6.37,3.0678245273170827e+26,74,0.0140352333877247,4.701268394225778e-05,True
M1_dark_photon_massive,0.1,5.343777930616317,6.493816315762113,34.701512313645736,1.7782794100389228,1.7782794100389212,1.741686347856679e+27,0.0005035731389931,3.4586561772119674e+30,6.37,2.734201488001065e+26,74,0.0135068156423203,4.524268584048714e-05,True
M1_dark_photon_massive,0.1,5.343777930616317,6.493816315762113,34.701512313645736,1.9952623149688795,1.9952623149688775,1.5522795914620018e+27,0.0005035731389931,3.08253056262224e+30,6.37,2.4368596412276323e+26,74,0.0129982924940304,4.353932705852474e-05,True
M1_dark_photon_massive,0.1,5.343777930616317,6.493816315762113,34.701512313645736,2.2387211385683394,2.238721138568338,1.3834706421363762e+27,0.0005035731389931,2.747308255763014e+30,6.37,2.1718534413443892e+26,74,0.0125089149237357,4.190009866772253e-05,True
M1_dark_photon_massive,0.1,5.343777930616317,6.493816315762113,34.701512313645736,2.51188643150958,2.51188643150958,1.2330195076845404e+27,0.0005035731389931,2.448541060291369e+30,6.37,1.9356664170871905e+26,74,0.0120379621124175,4.0322586199024486e-05,True
M1_dark_photon_massive,0.1,5.343777930616317,6.493816315762113,34.701512313645736,2.8183829312644537,2.818382931264452,1.0989297929610556e+27,0.0005035731389931,2.1822645170436784e+30,6.37,1.7251645101429442e+26,74,0.0115847403794414,3.880446608662214e-05,True
M1_dark_photon_massive,0.1,5.343777930616317,6.493816315762113,34.701512313645736,3.1622776601683795,3.162277660168375,9.794222089196638e+26,0.0005035731389931,1.944945298071165e+30,6.37,1.5375544880999432e+26,74,0.0111485821608147,3.734350224550421e-05,True
M1_dark_photon_massive,0.1,5.343777930616317,6.493816315762113,34.701512313645736,3.548133892335755,3.5481338923357524,8.729109625286757e+26,0.0005035731389931,1.7334343215247427e+30,6.37,1.3703468799508252e+26,74,0.0107288450259106,3.59375427778594e-05,True
M1_dark_photon_massive,0.1,5.343777930616317,6.493816315762113,34.701512313645736,3.9810717055349722,3.981071705534966,7.779827142609129e+26,0.0005035731389931,1.5449249652521593e+30,6.37,1.221322942324824e+26,74,0.010324910731213,3.458451680348109e-05,True
M1_dark_photon_massive,0.1,5.343777930616317,6.493816315762113,34.701512313645736,4.466835921509632,4.466835921509629,6.933778239368763e+26,0.0005035731389931,1.376915824627231e+30,6.37,1.0885052181112658e+26,74,0.0099361843096872,3.328243140950525e-05,True
M1_dark_photon_massive,0.1,5.343777930616317,6.493816315762113,34.701512313645736,5.011872336272722,5.01187233627272,6.17973636064876e+26,0.0005035731389931,1.2271775204302196e+30,6.37,9.701312968051428e+25,74,0.0095620931944343,3.20293687149888e-05,True
M1_dark_photon_massive,0.1,5.343777930616317,6.493816315762113,34.701512313645736,5.623413251903491,5.623413251903484,5.507695828847427e+26,0.0005035731389931,1.0937231163400772e+30,6.37,8.646304283904908e+25,74,0.0092020863753408,3.082348304600482e-05,True
M1_dark_photon_massive,0.1,5.343777930616317,6.493816315762113,34.701512313645736,6.309573444801933,6.309573444801928,4.908739074415586e+26,0.0005035731389931,9.747817534966572e+29,6.37,7.706026804420072e+25,74,0.0088556335874785,2.9662998217093597e-05,True
M1_dark_photon_massive,0.1,5.343777930616317,6.493816315762113,34.701512313645736,7.079457843841379,7.07945784384137,4.374918305126665e+26,0.0005035731389931,8.687751522795534e+29,6.37,6.868003618723178e+25,74,0.0085222245300619,2.854620491506541e-05,True
M1_dark_photon_massive,0.1,5.343777930616317,6.493816315762113,34.701512313645736,7.943282347242816,7.94328234724281,3.899150043702636e+26,0.0005035731389931,7.742966694964394e+29,6.37,6.121114668292992e+25,74,0.0082013681148102,2.7471458181301383e-05,True
M1_dark_photon_massive,0.1,5.343777930616317,6.493816315762113,34.701512313645736,8.912509381337454,8.912509381337447,3.475121134374208e+26,0.0005035731389931,6.900926330825362e+29,6.37,5.455449190540358e+25,74,0.0078925917426089,2.6437174988844285e-05,True
M1_dark_photon_massive,0.1,5.343777930616317,6.493816315762113,34.701512313645736,10.0,9.999999999999991,3.0972049711394206e+26,0.0005035731389931,6.150457066339974e+29,6.37,4.862174209010079e+25,74,0.0075954406074041,2.5441831910710183e-05,True
M1_dark_photon_massive,0.1,5.343777930616317,7.498942093324558,40.072681261277495,0.1,0.0999999999999999,3.3900377595378534e+29,0.0005035731389931,6.731967011417518e+32,6.37,5.321880313246238e+28,74,0.0423367722664674,0.0001891094151168,True
M1_dark_photon_massive,0.1,5.343777930616317,7.498942093324558,40.072681261277495,0.11220184543019636,0.1122018454301962,3.0213743334969325e+29,0.0005035731389931,5.99987191441129e+32,6.37,4.74313082181622e+28,74,0.0407428193103081,0.0001819895640954,True
M1_dark_photon_massive,0.1,5.343777930616317,7.498942093324558,40.072681261277495,0.12589254117941673,0.1258925411794166,2.6928027091823614e+29,0.0005035731389931,5.3473914724013744e+32,6.37,4.22731979463479e+28,74,0.0392088776844991,0.0001751377710052,True
M1_dark_photon_massive,0.1,5.343777930616317,7.498942093324558,40.072681261277495,0.14125375446227545,0.1412537544622753,2.399962940767871e+29,0.0005035731389931,4.765867666346115e+32,6.37,3.767602732759609e+28,74,0.0377326880000438,0.0001685439436328,True
M1_dark_photon_massive,0.1,5.343777930616317,7.498942093324558,40.072681261277495,0.15848931924611134,0.1584893192461111,2.138969222445588e+29,0.0005035731389931,4.24758402865226e+32,6.37,3.3578794700872657e+28,74,0.0363120759325258,0.0001621983697306,True
M1_dark_photon_massive,0.1,5.343777930616317,7.498942093324558,40.072681261277495,0.1778279410038923,0.1778279410038921,1.9063583261438384e+29,0.0005035731389931,3.785663250338241e+32,6.37,2.9927132278553195e+28,74,0.0349449490194811,0.000156091702711,True
M1_dark_photon_massive,0.1,5.343777930616317,7.498942093324558,40.072681261277495,0.19952623149688797,0.1995262314968878,1.699043646594773e+29,0.0005035731389931,3.373975923322402e+32,6.37,2.667258471891323e+28,74,0.0336292935783469,0.0001502149478795,True
M1_dark_photon_massive,0.1,5.343777930616317,7.498942093324558,40.072681261277495,0.22387211385683395,0.2238721138568337,1.514274243957771e+29,0.0005035731389931,3.0070592069017604e+32,6.37,2.377196615318322e+28,74,0.0323631717404474,0.0001445594491862,True
M1_dark_photon_massive,0.1,5.343777930616317,7.498942093324558,40.072681261277495,0.251188643150958,0.2511886431509577,1.349598340519132e+29,0.0005035731389931,2.680044339174911e+32,6.37,2.118678713530819e+28,74,0.0311447185966485,0.0001391168764761,True
M1_dark_photon_massive,0.1,5.343777930616317,7.498942093324558,40.072681261277495,0.28183829312644537,0.2818382931264451,1.2028307870914226e+29,0.0005035731389931,2.3885920315296737e+32,6.37,1.88827439103834e+28,74,0.0299721394504768,0.0001338792132193,True
M1_dark_photon_massive,0.1,5.343777930616317,7.498942093324558,40.072681261277495,0.31622776601683794,0.3162277660168376,1.072024067411382e+29,0.0005035731389931,2.1288348889196106e+32,6.37,1.6829263224668476e+28,74,0.0288437071746573,0.0001288387447033,True
M1_dark_photon_massive,0.1,5.343777930616317,7.498942093324558,40.072681261277495,0.35481338923357547,0.3548133892335749,9.554424557823477e+28,0.0005035731389931,1.897326091881451e+32,6.37,1.499909663708552e+28,74,0.0277577596671745,0.0001239880466695,True
M1_dark_photon_massive,0.1,5.343777930616317,7.498942093324558,40.072681261277495,0.3981071705534972,0.3981071705534968,8.51538985048827e+28,0.0005035731389931,1.690993659334976e+32,6.37,1.3367958948961178e+28,74,0.0267126974031129,0.0001193199743783,True
M1_dark_photon_massive,0.1,5.343777930616317,7.498942093324558,40.072681261277495,0.44668359215096315,0.4466835921509628,7.589349192822246e+28,0.0005035731389931,1.5070996852605128e+32,6.37,1.191420595419505e+28,74,0.0257069810786683,0.0001148276520848,True
M1_dark_photon_massive,0.1,5.343777930616317,7.498942093324558,40.072681261277495,0.5011872336272722,0.5011872336272721,6.764014587927411e+28,0.0005035731389931,1.3432040083495046e+32,6.37,1.0618547233794994e+28,74,0.0247391293438603,0.0001105044629116,True
M1_dark_photon_massive,0.1,5.343777930616317,7.498942093324558,40.072681261277495,0.5623413251903491,0.5623413251903485,6.028434347040646e+28,0.0005035731389931,1.1971318325465036e+32,6.37,9.463790183737278e+27,74,0.0238077166206073,0.0001063440391027,True
M1_dark_photon_massive,0.1,5.343777930616317,7.498942093324558,40.072681261277495,0.6309573444801932,0.630957344480193,5.3728477672776684e+28,0.0005035731389931,1.066944868826841e+32,6.37,8.43461187955678e+27,74,0.0229113710029496,0.0001023402526442,True
M1_dark_photon_massive,0.1,5.343777930616317,7.498942093324558,40.072681261277495,0.7079457843841379,0.7079457843841369,4.788555613036022e+28,0.0005035731389931,9.509156152789082e+31,6.37,7.517355750449014e+27,74,0.0220487722363275,9.848720623795576e-05,True
M1_dark_photon_massive,0.1,5.343777930616317,7.498942093324558,40.072681261277495,0.7943282347242815,0.7943282347242807,4.267804682423968e+28,0.0005035731389931,8.475044342033549e+31,6.37,6.699850364872792e+27,74,0.0212186497729386,9.477922461529449e-05,True
M1_dark_photon_massive,0.1,5.343777930616317,7.498942093324558,40.072681261277495,0.8912509381337456,0.8912509381337448,3.803684926981953e+28,0.0005035731389931,7.553391220562491e+31,6.37,5.971247923048592e+27,74,0.0204197809003091,9.121084617805376e-05,True
M1_dark_photon_massive,0.1,5.343777930616317,7.498942093324558,40.072681261277495,1.0,0.9999999999999998,3.3900377595378536e+28,0.0005035731389931,6.731967011417518e+31,6.37,5.321880313246238e+27,74,0.0196509889403242,8.777681495374974e-05,True
M1_dark_photon_massive,0.1,5.343777930616317,7.498942093324558,40.072681261277495,1.1220184543019633,1.1220184543019625,3.0213743334969324e+28,0.0005035731389931,5.999871914411289e+31,6.37,4.743130821816221e+27,74,0.0189111415160629,8.447207285397017e-05,True
M1_dark_photon_massive,0.1,5.343777930616317,7.498942093324558,40.072681261277495,1.2589254117941673,1.258925411794166,2.6928027091823608e+28,0.0005035731389931,5.347391472401373e+31,6.37,4.227319794634789e+27,74,0.018199148883886,8.129175222416317e-05,True
M1_dark_photon_massive,0.1,5.343777930616317,7.498942093324558,40.072681261277495,1.4125375446227544,1.412537544622753,2.3999629407678703e+28,0.0005035731389931,4.765867666346114e+31,6.37,3.767602732759608e+27,74,0.0175139623283198,7.823116867392164e-05,True
M1_dark_photon_massive,0.1,5.343777930616317,7.498942093324558,40.072681261277495,1.5848931924611136,1.5848931924611125,2.1389692224455877e+28,0.0005035731389931,4.2475840286522585e+31,6.37,3.357879470087264e+27,74,0.0168545726173711,7.528581417720301e-05,True
M1_dark_photon_massive,0.1,5.343777930616317,7.498942093324558,40.072681261277495,1.7782794100389228,1.7782794100389216,1.9063583261438389e+28,0.0005035731389931,3.785663250338242e+31,6.37,2.99271322785532e+27,74,0.0162200085159991,7.245135043232141e-05,True
M1_dark_photon_massive,0.1,5.343777930616317,7.498942093324558,40.072681261277495,1.9952623149688795,1.9952623149688775,1.6990436465947728e+28,0.0005035731389931,3.3739759233224016e+31,6.37,2.667258471891323e+27,74,0.0156093353555541,6.972360247193196e-05,True
M1_dark_photon_massive,0.1,5.343777930616317,7.498942093324558,40.072681261277495,2.2387211385683394,2.2387211385683377,1.514274243957771e+28,0.0005035731389931,3.007059206901761e+31,6.37,2.3771966153183224e+27,74,0.0150216536570753,6.709855251359503e-05,True
M1_dark_photon_massive,0.1,5.343777930616317,7.498942093324558,40.072681261277495,2.51188643150958,2.511886431509579,1.3495983405191315e+28,0.0005035731389931,2.68004433917491e+31,6.37,2.1186787135308187e+27,74,0.0144560978064215,6.457233404186321e-05,True
M1_dark_photon_massive,0.1,5.343777930616317,7.498942093324558,40.072681261277495,2.8183829312644537,2.8183829312644533,1.202830787091422e+28,0.0005035731389931,2.3885920315296727e+31,6.37,1.888274391038339e+27,74,0.0139118347792818,6.214122611317368e-05,True
M1_dark_photon_massive,0.1,5.343777930616317,7.498942093324558,40.072681261277495,3.1622776601683795,3.162277660168376,1.0720240674113818e+28,0.0005035731389931,2.1288348889196104e+31,6.37,1.6829263224668474e+27,74,0.0133880629141886,5.980164787515797e-05,True
M1_dark_photon_massive,0.1,5.343777930616317,7.498942093324558,40.072681261277495,3.548133892335755,3.5481338923357515,9.554424557823476e+27,0.0005035731389931,1.8973260918814508e+31,6.37,1.499909663708552e+27,74,0.0128840107317264,5.755015329229619e-05,True
M1_dark_photon_massive,0.1,5.343777930616317,7.498942093324558,40.072681261277495,3.9810717055349722,3.9810717055349687,8.51538985048827e+27,0.0005035731389931,1.690993659334976e+31,6.37,1.3367958948961177e+27,74,0.0123989357981966,5.538342607014727e-05,True
M1_dark_photon_massive,0.1,5.343777930616317,7.498942093324558,40.072681261277495,4.466835921509632,4.466835921509627,7.589349192822245e+27,0.0005035731389931,1.5070996852605124e+31,6.37,1.1914205954195048e+27,74,0.0119321236320642,5.329827477067844e-05,True
M1_dark_photon_massive,0.1,5.343777930616317,7.498942093324558,40.072681261277495,5.011872336272722,5.011872336272717,6.764014587927409e+27,0.0005035731389931,1.3432040083495044e+31,6.37,1.0618547233794992e+27,74,0.0114828866515764,5.129162811149985e-05,True
M1_dark_photon_massive,0.1,5.343777930616317,7.498942093324558,40.072681261277495,5.623413251903491,5.623413251903483,6.028434347040645e+27,0.0005035731389931,1.1971318325465037e+31,6.37,9.463790183737276e+26,74,0.0110505631620028,4.936053044207969e-05,True
M1_dark_photon_massive,0.1,5.343777930616317,7.498942093324558,40.072681261277495,6.309573444801933,6.309573444801929,5.372847767277669e+27,0.0005035731389931,1.066944868826841e+31,6.37,8.43461187955678e+26,74,0.010634516381005,4.750213739027731e-05,True
M1_dark_photon_massive,0.1,5.343777930616317,7.498942093324558,40.072681261277495,7.079457843841379,7.079457843841374,4.788555613036022e+27,0.0005035731389931,9.50915615278908e+30,6.37,7.517355750449015e+26,74,0.0102341335007009,4.571371167278143e-05,True
M1_dark_photon_massive,0.1,5.343777930616317,7.498942093324558,40.072681261277495,7.943282347242816,7.943282347242812,4.267804682423967e+27,0.0005035731389931,8.475044342033545e+30,6.37,6.69985036487279e+26,74,0.0098488247850412,4.399261906328282e-05,True
M1_dark_photon_massive,0.1,5.343777930616317,7.498942093324558,40.072681261277495,8.912509381337454,8.912509381337452,3.803684926981952e+27,0.0005035731389931,7.553391220562488e+30,6.37,5.97124792304859e+26,74,0.0094780227011694,4.233632451244271e-05,True
M1_dark_photon_massive,0.1,5.343777930616317,7.498942093324558,40.072681261277495,10.0,9.999999999999988,3.3900377595378536e+27,0.0005035731389931,6.731967011417518e+30,6.37,5.321880313246238e+26,74,0.0091211810834857,4.074238841394201e-05,True
M1_dark_photon_massive,0.1,5.343777930616317,8.659643233600654,46.275210398726095,0.1,0.0999999999999999,8.443954256023994e+30,0.0005035731389931,1.676807915709511e+34,6.37,1.32558151585934e+30,74,0.050828989148596,0.0003027658442089,True
M1_dark_photon_massive,0.1,5.343777930616317,8.659643233600654,46.275210398726095,0.11220184543019636,0.1122018454301962,7.525682152239818e+30,0.0005035731389931,1.494456627946192e+34,6.37,1.1814257695823892e+30,74,0.048915309546333,0.0002913668998264,True
M1_dark_photon_massive,0.1,5.343777930616317,8.659643233600654,46.275210398726095,0.12589254117941673,0.1258925411794167,6.707271278280124e+30,0.0005035731389931,1.3319358716572376e+34,6.37,1.0529468254756866e+30,74,0.04707367878237,0.0002803971185596,True
M1_dark_photon_massive,0.1,5.343777930616317,8.659643233600654,46.275210398726095,0.14125375446227545,0.1412537544622753,5.977861819084686e+30,0.0005035731389931,1.187089095148501e+34,6.37,9.384398460101548e+29,74,0.0453013842630762,0.000269840342686,True
M1_dark_photon_massive,0.1,5.343777930616317,8.659643233600654,46.275210398726095,0.15848931924611134,0.1584893192461112,5.327774954293126e+30,0.0005035731389931,1.0579942696994409e+34,6.37,8.363853931386383e+29,74,0.0435958155222719,0.0002596810228114,True
M1_dark_photon_massive,0.1,5.343777930616317,8.659643233600654,46.275210398726095,0.1778279410038923,0.1778279410038922,4.748384426179221e+30,0.0005035731389931,9.429383854097536e+33,6.37,7.454292662761728e+29,74,0.0419544603761938,0.0002499041949662,True
M1_dark_photon_massive,0.1,5.343777930616317,8.659643233600654,46.275210398726095,0.19952623149688797,0.1995262314968878,4.232002074451898e+30,0.0005035731389931,8.403947205987622e+33,6.37,6.643645328809886e+29,74,0.0403749012232239,0.0002404954585652,True
M1_dark_photon_massive,0.1,5.343777930616317,8.659643233600654,46.275210398726095,0.22387211385683395,0.2238721138568339,3.7717758190392105e+30,0.0005035731389931,7.490025831362937e+33,6.37,5.921155131929687e+29,74,0.0388548114829305,0.0002314409551961,True
M1_dark_photon_massive,0.1,5.343777930616317,8.659643233600654,46.275210398726095,0.251188643150958,0.2511886431509577,3.3615987371488734e+30,0.0005035731389931,6.675492548848205e+33,6.37,5.277235066167776e+29,74,0.0373919521691778,0.0002227273482072,True
M1_dark_photon_massive,0.1,5.343777930616317,8.659643233600654,46.275210398726095,0.28183829312644537,0.2818382931264452,2.996028028113148e+30,0.0005035731389931,5.949538996665792e+33,6.37,4.703340703474329e+29,74,0.0359841685922556,0.0002143418030632,True
M1_dark_photon_massive,0.1,5.343777930616317,8.659643233600654,46.275210398726095,0.31622776601683794,0.3162277660168377,2.6702127907308387e+30,0.0005035731389931,5.302532212241689e+33,6.37,4.1918568143341264e+29,74,0.0346293871851716,0.0002062719684411,True
M1_dark_photon_massive,0.1,5.343777930616317,8.659643233600654,46.275210398726095,0.35481338923357547,0.3548133892335753,2.3798296547555869e+30,0.0005035731389931,4.725886808644811e+33,6.37,3.735996318297624e+29,74,0.0333256124494319,0.0001985059580377,True
M1_dark_photon_massive,0.1,5.343777930616317,8.659643233600654,46.275210398726095,0.3981071705534972,0.398107170553497,2.121025412399424e+30,0.0005035731389931,4.21195105171858e+33,6.37,3.3297102235469766e+29,74,0.0320709240158107,0.0001910323330613,True
M1_dark_photon_massive,0.1,5.343777930616317,8.659643233600654,46.275210398726095,0.44668359215096315,0.4466835921509628,1.8903658886065012e+30,0.0005035731389931,3.7539053262176006e+33,6.37,2.9676073604497667e+29,74,0.0308634738157809,0.0001838400853838,True
M1_dark_photon_massive,0.1,5.343777930616317,8.659643233600654,46.275210398726095,0.5011872336272722,0.5011872336272721,1.6847903716365757e+30,0.0005035731389931,3.3456716436567005e+33,6.37,2.6448828440134626e+29,74,0.0297014833594378,0.0001769186213262,True
M1_dark_photon_massive,0.1,5.343777930616317,8.659643233600654,46.275210398726095,0.5623413251903491,0.5623413251903487,1.5015709992798e+30,0.0005035731389931,2.981832991096505e+33,6.37,2.357254315980848e+29,74,0.0285832411159073,0.0001702577460548,True
M1_dark_photon_massive,0.1,5.343777930616317,8.659643233600654,46.275210398726095,0.6309573444801932,0.630957344480193,1.3382765617825474e+30,0.0005035731389931,2.657561450672912e+33,6.37,2.100905120537751e+29,74,0.027507099992381,0.0001638476485649,True
M1_dark_photon_massive,0.1,5.343777930616317,8.659643233600654,46.275210398726095,0.7079457843841379,0.7079457843841372,1.1927402411710988e+30,0.0005035731389931,2.3685541360603107e+33,6.37,1.8724336596092603e+29,74,0.0264714749080627,0.0001576788872303,True
M1_dark_photon_massive,0.1,5.343777930616317,8.659643233600654,46.275210398726095,0.7943282347242815,0.7943282347242807,1.063030858893612e+30,0.0005035731389931,2.1109760957843155e+33,6.37,1.6688082557199558e+29,74,0.0254748404594555,0.0001517423758958,True
M1_dark_photon_massive,0.1,5.343777930616317,8.659643233600654,46.275210398726095,0.8912509381337456,0.8912509381337452,9.474272502540529e+29,0.0005035731389931,1.8814094257456823e+33,6.37,1.48732692347575e+29,74,0.0245157286735483,0.0001460293704945,True
M1_dark_photon_massive,0.1,5.343777930616317,8.659643233600654,46.275210398726095,1.0,0.9999999999999988,8.443954256023995e+29,0.0005035731389931,1.676807915709511e+33,6.37,1.32558151585934e+29,74,0.0235927268455948,0.0001405314561679,True
M1_dark_photon_massive,0.1,5.343777930616317,8.659643233600654,46.275210398726095,1.1220184543019633,1.122018454301963,7.525682152239818e+29,0.0005035731389931,1.4944566279461922e+33,6.37,1.181425769582389e+29,74,0.0227044754582972,0.0001352405348718,True
M1_dark_photon_massive,0.1,5.343777930616317,8.659643233600654,46.275210398726095,1.2589254117941673,1.2589254117941662,6.707271278280122e+29,0.0005035731389931,1.3319358716572375e+33,6.37,1.0529468254756864e+29,74,0.0218496661793323,0.0001301488134483,True
M1_dark_photon_massive,0.1,5.343777930616317,8.659643233600654,46.275210398726095,1.4125375446227544,1.4125375446227535,5.977861819084685e+29,0.0005035731389931,1.1870890951485008e+33,6.37,9.384398460101546e+28,74,0.0210270399342696,0.0001252487921469,True
M1_dark_photon_massive,0.1,5.343777930616317,8.659643233600654,46.275210398726095,1.5848931924611136,1.5848931924611125,5.327774954293124e+29,0.0005035731389931,1.0579942696994404e+33,6.37,8.36385393138638e+28,74,0.020235385052042,0.0001205332535782,True
M1_dark_photon_massive,0.1,5.343777930616317,8.659643233600654,46.275210398726095,1.7782794100389228,1.7782794100389212,4.7483844261792215e+29,0.0005035731389931,9.429383854097536e+32,6.37,7.454292662761729e+28,74,0.0194735354802391,0.0001159952520828,True
M1_dark_photon_massive,0.1,5.343777930616317,8.659643233600654,46.275210398726095,1.9952623149688795,1.9952623149688784,4.232002074451898e+29,0.0005035731389931,8.403947205987621e+32,6.37,6.643645328809887e+28,74,0.0187403690675935,0.0001116281035011,True
M1_dark_photon_massive,0.1,5.343777930616317,8.659643233600654,46.275210398726095,2.2387211385683394,2.238721138568338,3.771775819039211e+29,0.0005035731389931,7.490025831362936e+32,6.37,5.921155131929687e+28,74,0.01803480591113,0.0001074253753279,True
M1_dark_photon_massive,0.1,5.343777930616317,8.659643233600654,46.275210398726095,2.51188643150958,2.5118864315095784,3.361598737148873e+29,0.0005035731389931,6.675492548848203e+32,6.37,5.277235066167775e+28,74,0.0173558067655439,0.0001033808772378,True
M1_dark_photon_massive,0.1,5.343777930616317,8.659643233600654,46.275210398726095,2.8183829312644537,2.818382931264452,2.9960280281131465e+29,0.0005035731389931,5.949538996665789e+32,6.37,4.703340703474327e+28,74,0.0167023715124653,9.948865196746388e-05,True
M1_dark_photon_massive,0.1,5.343777930616317,8.659643233600654,46.275210398726095,3.1622776601683795,3.162277660168377,2.6702127907308387e+29,0.0005035731389931,5.30253221224169e+32,6.37,4.191856814334127e+28,74,0.0160735376873546,9.57429665403903e-05,True
M1_dark_photon_massive,0.1,5.343777930616317,8.659643233600654,46.275210398726095,3.548133892335755,3.548133892335752,2.3798296547555863e+29,0.0005035731389931,4.72588680864481e+32,6.37,3.735996318297624e+28,74,0.015468379061859,9.213830382335584e-05,True
M1_dark_photon_massive,0.1,5.343777930616317,8.659643233600654,46.275210398726095,3.9810717055349722,3.9810717055349696,2.121025412399424e+29,0.0005035731389931,4.21195105171858e+32,6.37,3.3297102235469765e+28,74,0.0148860042795431,8.86693543996639e-05,True
M1_dark_photon_massive,0.1,5.343777930616317,8.659643233600654,46.275210398726095,4.466835921509632,4.46683592150963,1.890365888606501e+29,0.0005035731389931,3.7539053262176e+32,6.37,2.967607360449766e+28,74,0.0143255555429829,8.533100874883065e-05,True
M1_dark_photon_massive,0.1,5.343777930616317,8.659643233600654,46.275210398726095,5.011872336272722,5.01187233627272,1.6847903716365755e+29,0.0005035731389931,3.3456716436567e+32,6.37,2.644882844013462e+28,74,0.0137862073502902,8.211834972061795e-05,True
M1_dark_photon_massive,0.1,5.343777930616317,8.659643233600654,46.275210398726095,5.623413251903491,5.623413251903488,1.5015709992798e+29,0.0005035731389931,2.981832991096505e+32,6.37,2.3572543159808475e+28,74,0.0132671652792057,7.9026645292414e-05,True
M1_dark_photon_massive,0.1,5.343777930616317,8.659643233600654,46.275210398726095,6.309573444801933,6.309573444801926,1.3382765617825474e+29,0.0005035731389931,2.6575614506729124e+32,6.37,2.100905120537751e+28,74,0.0127676648169706,7.605134159929417e-05,True
M1_dark_photon_massive,0.1,5.343777930616317,8.659643233600654,46.275210398726095,7.079457843841379,7.0794578438413724,1.1927402411710988e+29,0.0005035731389931,2.3685541360603108e+32,6.37,1.8724336596092605e+28,74,0.0122869702342525,7.318805622649577e-05,True
M1_dark_photon_massive,0.1,5.343777930616317,8.659643233600654,46.275210398726095,7.943282347242816,7.943282347242808,1.0630308588936117e+29,0.0005035731389931,2.1109760957843147e+32,6.37,1.6688082557199552e+28,74,0.0118243735014675,7.043257175442673e-05,True
M1_dark_photon_massive,0.1,5.343777930616317,8.659643233600654,46.275210398726095,8.912509381337454,8.91250938133745,9.474272502540524e+28,0.0005035731389931,1.8814094257456817e+32,6.37,1.4873269234757494e+28,74,0.0113791932459022,6.778082954670087e-05,True
M1_dark_photon_massive,0.1,5.343777930616317,8.659643233600654,46.275210398726095,10.0,9.999999999999991,8.443954256023996e+28,0.0005035731389931,1.676807915709511e+32,6.37,1.32558151585934e+28,74,0.0109507737480989,6.522892377204965e-05,True
M1_dark_photon_massive,0.1,5.343777930616317,10.0,53.437779306163165,0.1,0.0999999999999998,6.378770022816046e+32,0.0005035731389931,1.2667018013649088e+36,6.37,1.0013767696728489e+32,74,0.0610091512148191,0.000484607788595,True
M1_dark_photon_massive,0.1,5.343777930616317,10.0,53.437779306163165,0.11220184543019636,0.1122018454301962,5.685084766974214e+32,0.0005035731389931,1.1289491688021804e+36,6.37,8.924779853962659e+31,74,0.0587121948875969,0.0004663626089118,True
M1_dark_photon_massive,0.1,5.343777930616317,10.0,53.437779306163165,0.12589254117941673,0.1258925411794166,5.0668371319356346e+32,0.0005035731389931,1.0061770058002556e+36,6.37,7.954218417481373e+31,74,0.0565017175272855,0.0004488043488149,True
M1_dark_photon_massive,0.1,5.343777930616317,10.0,53.437779306163165,0.14125375446227545,0.1412537544622754,4.515823347208531e+32,0.0005035731389931,8.967562003480808e+35,6.37,7.08920462670099e+31,74,0.0543744632549511,0.0004319071462122,True
M1_dark_photon_massive,0.1,5.343777930616317,10.0,53.437779306163165,0.15848931924611134,0.1584893192461113,4.024731794645875e+32,0.0005035731389931,7.992348048374802e+35,6.37,6.318260274169349e+31,74,0.052327298773462,0.0004156461127032,True
M1_dark_photon_massive,0.1,5.343777930616317,10.0,53.437779306163165,0.1778279410038923,0.1778279410038923,3.5870459877148485e+32,0.0005035731389931,7.123187696005452e+35,6.37,5.631155396726607e+31,74,0.0503572087523611,0.0003999972969198,True
M1_dark_photon_massive,0.1,5.343777930616317,10.0,53.437779306163165,0.19952623149688797,0.1995262314968879,3.1969581016797468e+32,0.0005035731389931,6.348547716567612e+35,6.37,5.018772530109492e+31,74,0.048461291386494,0.0003849376492483,True
M1_dark_photon_massive,0.1,5.343777930616317,10.0,53.437779306163165,0.22387211385683395,0.2238721138568338,2.849291907296352e+32,0.0005035731389931,5.658149108177732e+35,6.37,4.472985725739956e+31,74,0.0466367541218528,0.0003704449878783,True
M1_dark_photon_massive,0.1,5.343777930616317,10.0,53.437779306163165,0.251188643150958,0.2511886431509579,2.5394340853947635e+32,0.0005035731389931,5.04283070076402e+35,6.37,3.986552724324589e+31,74,0.0448809095423387,0.0003564979661307,True
M1_dark_photon_massive,0.1,5.343777930616317,10.0,53.437779306163165,0.28183829312644537,0.2818382931264451,2.263273010936893e+32,0.0005035731389931,4.494427592905586e+35,6.37,3.5530188554739296e+31,74,0.0431911714113856,0.0003430760410156,True
M1_dark_photon_massive,0.1,5.343777930616317,10.0,53.437779306163165,0.31622776601683794,0.3162277660168377,2.017144194250293e+32,0.0005035731389931,4.005662808551295e+35,6.37,3.1666313881480264e+31,74,0.0415650508626141,0.0003301594429735,True
M1_dark_photon_massive,0.1,5.343777930616317,10.0,53.437779306163165,0.35481338923357547,0.3548133892335752,1.7977816554766116e+32,0.0005035731389931,3.570050735968796e+35,6.37,2.822263195410693e+31,74,0.0400001527339051,0.0003177291467568,True
M1_dark_photon_massive,0.1,5.343777930616317,10.0,53.437779306163165,0.3981071705534972,0.3981071705534972,1.602274587003168e+32,0.0005035731389931,3.181811067617257e+35,6.37,2.5153447205701224e+31,74,0.0384941720394928,0.0003057668434063,True
M1_dark_photon_massive,0.1,5.343777930616317,10.0,53.437779306163165,0.44668359215096315,0.4466835921509626,1.4280287288144331e+32,0.0005035731389931,2.835792098978216e+35,6.37,2.2418033419378857e+31,74,0.0370448905748817,0.0002942549132838,True
M1_dark_photon_massive,0.1,5.343777930616317,10.0,53.437779306163165,0.5011872336272722,0.501187233627272,1.2727319442378036e+32,0.0005035731389931,2.5274023685665977e+35,6.37,1.9980093316135064e+31,74,0.0356501736495861,0.0002831764001194,True
M1_dark_photon_massive,0.1,5.343777930616317,10.0,53.437779306163165,0.5623413251903491,0.562341325190349,1.1343235392947286e+32,0.0005035731389931,2.2525497320264312e+35,6.37,1.780727691200516e+31,74,0.0343079669428798,0.0002725149860361,True
M1_dark_photon_massive,0.1,5.343777930616317,10.0,53.437779306163165,0.6309573444801932,0.6309573444801932,1.0109669185436172e+32,0.0005035731389931,2.007587061861473e+35,6.37,1.587075225343198e+31,74,0.0330162934779253,0.0002622549675147,True
M1_dark_photon_massive,0.1,5.343777930616317,10.0,53.437779306163165,0.7079457843841379,0.7079457843841372,9.010252145741807e+31,0.0005035731389931,1.789263852269208e+35,6.37,1.4144822834759509e+31,74,0.0317732507098245,0.0002523812322638,True
M1_dark_photon_massive,0.1,5.343777930616317,10.0,53.437779306163165,0.7943282347242815,0.7943282347242812,8.030395677713981e+31,0.0005035731389931,1.5946830869037314e+35,6.37,1.260658662121504e+31,74,0.0305770077233031,0.0002428792369602,True
M1_dark_photon_massive,0.1,5.343777930616317,10.0,53.437779306163165,0.8912509381337456,0.8912509381337448,7.157097681347759e+31,0.0005035731389931,1.4212627972289676e+35,6.37,1.1235632152822228e+31,74,0.0294258025358999,0.0002337349858277,True
M1_dark_photon_massive,0.1,5.343777930616317,10.0,53.437779306163165,1.0,0.9999999999999992,6.378770022816047e+31,0.0005035731389931,1.266701801364909e+35,6.37,1.0013767696728488e+31,74,0.0283179395026898,0.0002249350100224,True
M1_dark_photon_massive,0.1,5.343777930616317,10.0,53.437779306163165,1.1220184543019633,1.122018454301963,5.685084766974214e+31,0.0005035731389931,1.1289491688021803e+35,6.37,8.924779853962659e+30,74,0.0272517868187167,0.0002164663477939,True
M1_dark_photon_massive,0.1,5.343777930616317,10.0,53.437779306163165,1.2589254117941673,1.2589254117941664,5.066837131935634e+31,0.0005035731389931,1.0061770058002551e+35,6.37,7.954218417481372e+30,74,0.0262257741154592,0.0002083165253936,True
M1_dark_photon_massive,0.1,5.343777930616317,10.0,53.437779306163165,1.4125375446227544,1.4125375446227535,4.515823347208529e+31,0.0005035731389931,8.967562003480806e+34,6.37,7.089204626700988e+30,74,0.0252383901477869,0.0002004735387016,True
M1_dark_photon_massive,0.1,5.343777930616317,10.0,53.437779306163165,1.5848931924611136,1.5848931924611138,4.024731794645873e+31,0.0005035731389931,7.992348048374799e+34,6.37,6.318260274169345e+30,74,0.0242881805680021,0.0001929258355457,True
M1_dark_photon_massive,0.1,5.343777930616317,10.0,53.437779306163165,1.7782794100389228,1.7782794100389216,3.5870459877148488e+31,0.0005035731389931,7.123187696005453e+34,6.37,5.631155396726607e+30,74,0.0233737457836867,0.0001856622986858,True
M1_dark_photon_massive,0.1,5.343777930616317,10.0,53.437779306163165,1.9952623149688795,1.9952623149688773,3.1969581016797466e+31,0.0005035731389931,6.348547716567613e+34,6.37,5.018772530109492e+30,74,0.0224937388962006,0.0001786722294388,True
M1_dark_photon_massive,0.1,5.343777930616317,10.0,53.437779306163165,2.2387211385683394,2.238721138568338,2.8492919072963524e+31,0.0005035731389931,5.6581491081777325e+34,6.37,4.4729857257399567e+30,74,0.0216468637167937,0.0001719453319204,True
M1_dark_photon_massive,0.1,5.343777930616317,10.0,53.437779306163165,2.51188643150958,2.5118864315095792,2.5394340853947627e+31,0.0005035731389931,5.042830700764018e+34,6.37,3.986552724324588e+30,74,0.0208318728574104,0.0001654716978798,True
M1_dark_photon_massive,0.1,5.343777930616317,10.0,53.437779306163165,2.8183829312644537,2.8183829312644533,2.263273010936892e+31,0.0005035731389931,4.4944275929055845e+34,6.37,3.5530188554739274e+30,74,0.0200475658933743,0.0001592417921058,True
M1_dark_photon_massive,0.1,5.343777930616317,10.0,53.437779306163165,3.1622776601683795,3.162277660168377,2.0171441942502927e+31,0.0005035731389931,4.005662808551295e+34,6.37,3.166631388148026e+30,74,0.0192927875952457,0.0001532464383817,True
M1_dark_photon_massive,0.1,5.343777930616317,10.0,53.437779306163165,3.548133892335755,3.548133892335752,1.7977816554766113e+31,0.0005035731389931,3.5700507359687954e+34,6.37,2.822263195410693e+30,74,0.0185664262272499,0.0001474768059699,True
M1_dark_photon_massive,0.1,5.343777930616317,10.0,53.437779306163165,3.9810717055349722,3.981071705534972,1.602274587003168e+31,0.0005035731389931,3.1818110676172577e+34,6.37,2.5153447205701225e+30,74,0.0178674119097679,0.0001419243966044,True
M1_dark_photon_massive,0.1,5.343777930616317,10.0,53.437779306163165,4.466835921509632,4.466835921509633,1.4280287288144328e+31,0.0005035731389931,2.8357920989782147e+34,6.37,2.241803341937885e+30,74,0.0171947150434778,0.0001365810319734,True
M1_dark_photon_massive,0.1,5.343777930616317,10.0,53.437779306163165,5.011872336272722,5.011872336272722,1.2727319442378033e+31,0.0005035731389931,2.5274023685665974e+34,6.37,1.9980093316135055e+30,74,0.0165473447928275,0.0001314388416737,True
M1_dark_photon_massive,0.1,5.343777930616317,10.0,53.437779306163165,5.623413251903491,5.62341325190349,1.1343235392947284e+31,0.0005035731389931,2.252549732026431e+34,6.37,1.7807276912005155e+30,74,0.0159243476266027,0.0001264902516177,True
M1_dark_photon_massive,0.1,5.343777930616317,10.0,53.437779306163165,6.309573444801933,6.309573444801927,1.0109669185436172e+31,0.0005035731389931,2.0075870618614732e+34,6.37,1.5870752253431983e+30,74,0.015324805913442,0.0001217279728775,True
M1_dark_photon_massive,0.1,5.343777930616317,10.0,53.437779306163165,7.079457843841379,7.079457843841372,9.010252145741807e+30,0.0005035731389931,1.789263852269208e+34,6.37,1.414482283475951e+30,74,0.01474783657023,0.0001171449909489,True
M1_dark_photon_massive,0.1,5.343777930616317,10.0,53.437779306163165,7.943282347242816,7.943282347242815,8.030395677713978e+30,0.0005035731389931,1.594683086903731e+34,6.37,1.2606586621215037e+30,74,0.0141925897613775,0.000112734555419,True
M1_dark_photon_massive,0.1,5.343777930616317,10.0,53.437779306163165,8.912509381337454,8.912509381337456,7.157097681347758e+30,0.0005035731389931,1.4212627972289672e+34,6.37,1.1235632152822224e+30,74,0.0136582476470728,0.0001084901700242,True
M1_dark_photon_massive,0.1,5.343777930616317,10.0,53.437779306163165,10.0,9.999999999999998,6.378770022816047e+30,0.0005035731389931,1.266701801364909e+34,6.37,1.0013767696728488e+30,74,0.0131440231786607,0.0001044055830808,True
M1_dark_photon_massive,0.1,5.343777930616317,11.547819846894582,61.70898484456836,0.1,0.0999999999999999,2.0521908763896505e+35,0.0005035731389931,4.0752588203827255e+38,6.37,3.2216497274562804e+34,74,0.073208571015409,0.0007754563143111,True
M1_dark_photon_massive,0.1,5.343777930616317,11.547819846894582,61.70898484456836,0.11220184543019636,0.1122018454301962,1.829017043811789e+35,0.0005035731389931,3.632078246803926e+38,6.37,2.871298341933735e+34,74,0.0704523141743878,0.0007462608698217,True
M1_dark_photon_massive,0.1,5.343777930616317,11.547819846894582,61.70898484456836,0.12589254117941673,0.1258925411794166,1.6301131561598672e+35,0.0005035731389931,3.2370931448391687e+38,6.37,2.5590473409103096e+34,74,0.067799828676917,0.0007181646155293,True
M1_dark_photon_massive,0.1,5.343777930616317,11.547819846894582,61.70898484456836,0.14125375446227545,0.1412537544622753,1.4528398796916424e+35,0.0005035731389931,2.885062302164225e+38,6.37,2.28075334331498e+34,74,0.0652472075969142,0.0006911261676115,True
M1_dark_photon_massive,0.1,5.343777930616317,11.547819846894582,61.70898484456836,0.15848931924611134,0.1584893192461113,1.2948449057332946e+35,0.0005035731389931,2.57131448337817e+38,6.37,2.0327235568811533e+34,74,0.0627906911016165,0.0006651057003211,True
M1_dark_photon_massive,0.1,5.343777930616317,11.547819846894582,61.70898484456836,0.1778279410038923,0.1778279410038922,1.1540317369725e+35,0.0005035731389931,2.2916864455476807e+38,6.37,1.8116667770368915e+34,74,0.0604266609136095,0.0006400648873249,True
M1_dark_photon_massive,0.1,5.343777930616317,11.547819846894582,61.70898484456836,0.19952623149688797,0.1995262314968878,1.0285318682128564e+35,0.0005035731389931,2.0424676945027595e+38,6.37,1.6146497146198686e+34,74,0.058151634981357,0.0006159668452525,True
M1_dark_photon_massive,0.1,5.343777930616317,11.547819846894582,61.70898484456836,0.22387211385683395,0.2238721138568337,9.166799924451622e+34,0.0005035731389931,1.8203512488334524e+38,6.37,1.4390580729123423e+34,74,0.0559622623503819,0.0005927760793692,True
M1_dark_photon_massive,0.1,5.343777930616317,11.547819846894582,61.70898484456836,0.251188643150958,0.2511886431509578,8.169919032351856e+34,0.0005035731389931,1.6223897582557499e+38,6.37,1.2825618575120654e+34,74,0.0538553182275442,0.0005704584312948,True
M1_dark_photon_massive,0.1,5.343777930616317,11.547819846894582,61.70898484456836,0.28183829312644537,0.2818382931264451,7.281448002060335e+34,0.0005035731389931,1.445956394064018e+38,6.37,1.1430844587221876e+34,74,0.0518276992311456,0.0005489810286906,True
M1_dark_photon_massive,0.1,5.343777930616317,11.547819846894582,61.70898484456836,0.31622776601683794,0.3162277660168378,6.48959736280836e+34,0.0005035731389931,1.2887099927100436e+38,6.37,1.0187750962022544e+34,74,0.0498764188198647,0.0005283122368411,True
M1_dark_photon_massive,0.1,5.343777930616317,11.547819846894582,61.70898484456836,0.35481338923357547,0.3548133892335751,5.783859737713232e+34,0.0005035731389931,1.1485639899851587e+38,6.37,9.07984260237556e+33,74,0.0479986028937902,0.0005084216120578,True
M1_dark_photon_massive,0.1,5.343777930616317,11.547819846894582,61.70898484456836,0.3981071705534972,0.3981071705534971,5.154870417270916e+34,0.0005035731389931,1.0236587335809106e+38,6.37,8.092418237473965e+33,74,0.0461914855610721,0.0004892798568381,True
M1_dark_photon_massive,0.1,5.343777930616317,11.547819846894582,61.70898484456836,0.44668359215096315,0.4466835921509627,4.594283095350597e+34,0.0005035731389931,9.123368066327885e+37,6.37,7.212375345919304e+33,74,0.044452405063956,0.0004708587767121,True
M1_dark_photon_massive,0.1,5.343777930616317,11.547819846894582,61.70898484456836,0.5011872336272722,0.5011872336272718,4.094659118783228e+34,0.0005035731389931,8.131210348054183e+37,6.37,6.428036293223277e+33,74,0.0427787998581996,0.000453131238714,True
M1_dark_photon_massive,0.1,5.343777930616317,11.547819846894582,61.70898484456836,0.5623413251903491,0.5623413251903486,3.649368780953448e+34,0.0005035731389931,7.246948850866111e+37,6.37,5.72899337669301e+33,74,0.0411682048400968,0.0004360711314169,True
M1_dark_photon_massive,0.1,5.343777930616317,11.547819846894582,61.70898484456836,0.6309573444801932,0.6309573444801927,3.252503349620763e+34,0.0005035731389931,6.458849961941689e+37,6.37,5.10597072153966e+33,74,0.039618247715552,0.0004196533264732,True
M1_dark_photon_massive,0.1,5.343777930616317,11.547819846894582,61.70898484456836,0.7079457843841379,0.7079457843841374,2.898796661632655e+34,0.0005035731389931,5.756456087845637e+37,6.37,4.550701195655659e+33,74,0.0381266455058561,0.0004038536416015,True
M1_dark_photon_massive,0.1,5.343777930616317,11.547819846894582,61.70898484456836,0.7943282347242815,0.7943282347242807,2.5835552441390737e+34,0.0005035731389931,5.130446888618135e+37,6.37,4.055816709794464e+33,74,0.0366912011850185,0.0003886488049684,True
M1_dark_photon_massive,0.1,5.343777930616317,11.547819846894582,61.70898484456836,0.8912509381337456,0.8912509381337452,2.302596035059307e+34,0.0005035731389931,4.572515602526269e+37,6.37,3.614750447502837e+33,74,0.0353098004437009,0.0003740164209102,True
M1_dark_photon_massive,0.1,5.343777930616317,11.547819846894582,61.70898484456836,1.0,0.9999999999999988,2.0521908763896504e+34,0.0005035731389931,4.0752588203827263e+37,6.37,3.2216497274562804e+33,74,0.033980408574987,0.0003599349369461,True
M1_dark_photon_massive,0.1,5.343777930616317,11.547819846894582,61.70898484456836,1.1220184543019633,1.122018454301963,1.8290170438117893e+34,0.0005035731389931,3.6320782468039256e+37,6.37,2.871298341933735e+33,74,0.0327010674774017,0.0003463836120326,True
M1_dark_photon_massive,0.1,5.343777930616317,11.547819846894582,61.70898484456836,1.2589254117941673,1.2589254117941666,1.630113156159867e+34,0.0005035731389931,3.237093144839168e+37,6.37,2.5590473409103093e+33,74,0.0314698927707637,0.0003333424860136,True
M1_dark_photon_massive,0.1,5.343777930616317,11.547819846894582,61.70898484456836,1.4125375446227544,1.4125375446227533,1.452839879691642e+34,0.0005035731389931,2.8850623021642246e+37,6.37,2.28075334331498e+33,74,0.0302850710206251,0.0003207923502203,True
M1_dark_photon_massive,0.1,5.343777930616317,11.547819846894582,61.70898484456836,1.5848931924611136,1.5848931924611125,1.294844905733294e+34,0.0005035731389931,2.571314483378169e+37,6.37,2.032723556881152e+33,74,0.0291448570672092,0.0003087147191782,True
M1_dark_photon_massive,0.1,5.343777930616317,11.547819846894582,61.70898484456836,1.7782794100389228,1.778279410038921,1.1540317369725e+34,0.0005035731389931,2.291686445547681e+37,6.37,1.811666777036892e+33,74,0.0280475714549115,0.0002970918033795,True
M1_dark_photon_massive,0.1,5.343777930616317,11.547819846894582,61.70898484456836,1.9952623149688795,1.9952623149688784,1.0285318682128564e+34,0.0005035731389931,2.0424676945027596e+37,6.37,1.6146497146198689e+33,74,0.0269915979585793,0.00028590648308,True
M1_dark_photon_massive,0.1,5.343777930616317,11.547819846894582,61.70898484456836,2.2387211385683394,2.2387211385683377,9.166799924451622e+33,0.0005035731389931,1.8203512488334528e+37,6.37,1.4390580729123426e+33,74,0.0259753812029241,0.0002751422830833,True
M1_dark_photon_massive,0.1,5.343777930616317,11.547819846894582,61.70898484456836,2.51188643150958,2.5118864315095792,8.169919032351854e+33,0.0005035731389931,1.622389758255749e+37,6.37,1.282561857512065e+33,74,0.0249974243715632,0.0002647833484738,True
M1_dark_photon_massive,0.1,5.343777930616317,11.547819846894582,61.70898484456836,2.8183829312644537,2.8183829312644524,7.281448002060332e+33,0.0005035731389931,1.4459563940640172e+37,6.37,1.1430844587221873e+33,74,0.0240562870023127,0.0002548144212635,True
M1_dark_photon_massive,0.1,5.343777930616317,11.547819846894582,61.70898484456836,3.1622776601683795,3.1622776601683773,6.48959736280836e+33,0.0005035731389931,1.2887099927100437e+37,6.37,1.0187750962022542e+33,74,0.0231505828654878,0.0002452208179182,True
M1_dark_photon_massive,0.1,5.343777930616317,11.547819846894582,61.70898484456836,3.548133892335755,3.5481338923357515,5.783859737713231e+33,0.0005035731389931,1.1485639899851586e+37,6.37,9.07984260237556e+32,74,0.022278977922083,0.0002359884077295,True
M1_dark_photon_massive,0.1,5.343777930616317,11.547819846894582,61.70898484456836,3.9810717055349722,3.9810717055349696,5.154870417270916e+33,0.0005035731389931,1.0236587335809106e+37,6.37,8.092418237473966e+32,74,0.0214401883588258,0.0002271035920011,True
M1_dark_photon_massive,0.1,5.343777930616317,11.547819846894582,61.70898484456836,4.466835921509632,4.466835921509627,4.594283095350596e+33,0.0005035731389931,9.123368066327882e+36,6.37,7.212375345919302e+32,74,0.020632978697209,0.0002185532840195,True
M1_dark_photon_massive,0.1,5.343777930616317,11.547819846894582,61.70898484456836,5.011872336272722,5.011872336272718,4.094659118783227e+33,0.0005035731389931,8.131210348054181e+36,6.37,6.428036293223276e+32,74,0.0198561599737175,0.0002103248897776,True
M1_dark_photon_massive,0.1,5.343777930616317,11.547819846894582,61.70898484456836,5.623413251903491,5.623413251903486,3.649368780953448e+33,0.0005035731389931,7.246948850866111e+36,6.37,5.728993376693011e+32,74,0.0191085879885677,0.0002024062894245,True
M1_dark_photon_massive,0.1,5.343777930616317,11.547819846894582,61.70898484456836,6.309573444801933,6.309573444801929,3.2525033496207634e+33,0.0005035731389931,6.45884996194169e+36,6.37,5.10597072153966e+32,74,0.0183891616203811,0.0001947858194146,True
M1_dark_photon_massive,0.1,5.343777930616317,11.547819846894582,61.70898484456836,7.079457843841379,7.079457843841373,2.8987966616326547e+33,0.0005035731389931,5.756456087845638e+36,6.37,4.5507011956556586e+32,74,0.0176968212043094,0.0001874522553271,True
M1_dark_photon_massive,0.1,5.343777930616317,11.547819846894582,61.70898484456836,7.943282347242816,7.94328234724281,2.583555244139073e+33,0.0005035731389931,5.1304468886181344e+36,6.37,4.055816709794463e+32,74,0.0170305469712222,0.0001803947953338,True
M1_dark_photon_massive,0.1,5.343777930616317,11.547819846894582,61.70898484456836,8.912509381337454,8.912509381337452,2.3025960350593064e+33,0.0005035731389931,4.572515602526267e+36,6.37,3.614750447502836e+32,74,0.0163893575456577,0.0001736030442884,True
M1_dark_photon_massive,0.1,5.343777930616317,11.547819846894582,61.70898484456836,10.0,9.999999999999991,2.0521908763896507e+33,0.0005035731389931,4.075258820382726e+36,6.37,3.2216497274562807e+32,74,0.0157723085003259,0.0001670669984156,True
M1_dark_photon_massive,0.1,5.343777930616317,13.33521432163324,71.26042399198235,0.1,0.0999999999999999,6.348133500431962e+38,0.0005035731389931,1.2606179736124321e+42,6.37,9.96567268513652e+37,74,0.08782242079028,0.001240511546461,True
M1_dark_photon_massive,0.1,5.343777930616317,13.33521432163324,71.26042399198235,0.11220184543019636,0.1122018454301962,5.6577799376582446e+38,0.0005035731389931,1.1235269516103414e+42,6.37,8.881915129761764e+37,74,0.0845159616593225,0.0011938070637908,True
M1_dark_photon_massive,0.1,5.343777930616317,13.33521432163324,71.26042399198235,0.12589254117941673,0.1258925411794166,5.042501677192194e+38,0.0005035731389931,1.0013444496412641e+42,6.37,7.916015191824482e+37,74,0.0813339886434858,0.0011488609756375,True
M1_dark_photon_massive,0.1,5.343777930616317,13.33521432163324,71.26042399198235,0.14125375446227545,0.1412537544622752,4.4941343503385275e+38,0.0005035731389931,8.924491801377957e+41,6.37,7.055155965994549e+37,74,0.0782718149185136,0.0011056070795491,True
M1_dark_photon_massive,0.1,5.343777930616317,13.33521432163324,71.26042399198235,0.15848931924611134,0.1584893192461113,4.0054014558383044e+38,0.0005035731389931,7.953961690345027e+41,6.37,6.287914373372536e+37,74,0.0753249301161468,0.0010639816655542,True
M1_dark_photon_massive,0.1,5.343777930616317,13.33521432163324,71.26042399198235,0.1778279410038923,0.1778279410038921,3.5698178051181585e+38,0.0005035731389931,7.088975818399876e+41,6.37,5.604109584172934e+37,74,0.0724889936806661,0.0010239234223222,True
M1_dark_photon_massive,0.1,5.343777930616317,13.33521432163324,71.26042399198235,0.19952623149688797,0.1995262314968878,3.181603467778108e+38,0.0005035731389931,6.318056348556326e+41,6.37,4.994667924298442e+37,74,0.0697598284755561,0.0009853733468554,True
M1_dark_photon_massive,0.1,5.343777930616317,13.33521432163324,71.26042399198235,0.22387211385683395,0.2238721138568338,2.8356070754268158e+38,0.0005035731389931,5.630973647832691e+41,6.37,4.451502473197513e+37,74,0.0671334146308747,0.0009482746575823,True
M1_dark_photon_massive,0.1,5.343777930616317,13.33521432163324,71.26042399198235,0.251188643150958,0.2511886431509577,2.5272374661528367e+38,0.0005035731389931,5.018610546237287e+41,6.37,3.967405755341973e+37,74,0.0646058836222649,0.0009125727107217,True
M1_dark_photon_massive,0.1,5.343777930616317,13.33521432163324,71.26042399198235,0.28183829312644537,0.2818382931264451,2.2524027625954657e+38,0.0005035731389931,4.4728413574618915e+41,6.37,3.535954101405755e+37,74,0.0621735125728886,0.0008782149197969,True
M1_dark_photon_massive,0.1,5.343777930616317,13.33521432163324,71.26042399198235,0.31622776601683794,0.3162277660168376,2.0074560752182488e+38,0.0005035731389931,3.9864240559613264e+41,6.37,3.1514224100757443e+37,74,0.0598327187698888,0.0008451506781787,True
M1_dark_photon_massive,0.1,5.343777930616317,13.33521432163324,71.26042399198235,0.35481338923357547,0.3548133892335752,1.7891471103005513e+38,0.0005035731389931,3.5529041796744635e+41,6.37,2.808708179435716e+37,74,0.0575800543873031,0.000813331284546,True
M1_dark_photon_massive,0.1,5.343777930616317,13.33521432163324,71.26042399198235,0.3981071705534972,0.3981071705534969,1.5945790405146459e+38,0.0005035731389931,3.16652918323417e+41,6.37,2.5032637998660064e+37,74,0.0554122014076572,0.000782709871152,True
M1_dark_photon_massive,0.1,5.343777930616317,13.33521432163324,71.26042399198235,0.44668359215096315,0.446683592150963,1.4211700657870862e+38,0.0005035731389931,2.8221721051853372e+41,6.37,2.231036210026823e+37,74,0.0533259667347559,0.0007532413347911,True
M1_dark_photon_massive,0.1,5.343777930616317,13.33521432163324,71.26042399198235,0.5011872336272722,0.5011872336272718,1.2666191543803377e+38,0.0005035731389931,2.515263536321319e+41,6.37,1.988413115196762e+37,74,0.051318277490476,0.0007248822703651,True
M1_dark_photon_massive,0.1,5.343777930616317,13.33521432163324,71.26042399198235,0.5623413251903491,0.5623413251903489,1.1288755095996473e+38,0.0005035731389931,2.2417309863999784e+41,6.37,1.7721750543165576e+37,74,0.0493861764886305,0.0006975909069508,True
M1_dark_photon_massive,0.1,5.343777930616317,13.33521432163324,71.26042399198235,0.6309573444801932,0.630957344480193,1.0061113569668955e+38,0.0005035731389931,1.997944844672467e+41,6.37,1.5794526796968532e+37,74,0.0475268178792401,0.0006713270462737,True
M1_dark_photon_massive,0.1,5.343777930616317,13.33521432163324,71.26042399198235,0.7079457843841379,0.7079457843841374,8.966976907637615e+37,0.0005035731389931,1.780670217153817e+41,6.37,1.4076886825176788e+37,74,0.0457374629567946,0.0006460520034994,True
M1_dark_photon_massive,0.1,5.343777930616317,13.33521432163324,71.26042399198235,0.7943282347242815,0.794328234724281,7.991826581155657e+37,0.0005035731389931,1.58702400154516e+41,6.37,1.2546038588941377e+37,74,0.0440154761263307,0.0006217285502534,True
M1_dark_photon_massive,0.1,5.343777930616317,13.33521432163324,71.26042399198235,0.8912509381337456,0.891250938133745,7.122722937857183e+37,0.0005035731389931,1.4144366302178945e+41,6.37,1.1181668662256173e+37,74,0.0423583210213844,0.000598320859786,True
M1_dark_photon_massive,0.1,5.343777930616317,13.33521432163324,71.26042399198235,1.0,0.9999999999999988,6.348133500431963e+37,0.0005035731389931,1.2606179736124322e+41,6.37,9.96567268513652e+36,74,0.0407635567681006,0.0005757944542021,True
M1_dark_photon_massive,0.1,5.343777930616317,13.33521432163324,71.26042399198235,1.1220184543019633,1.1220184543019625,5.657779937658244e+37,0.0005035731389931,1.1235269516103416e+41,6.37,8.881915129761765e+36,74,0.0392288343899957,0.0005541161536779,True
M1_dark_photon_massive,0.1,5.343777930616317,13.33521432163324,71.26042399198235,1.2589254117941673,1.2589254117941668,5.042501677192194e+37,0.0005035731389931,1.001344449641264e+41,6.37,7.91601519182448e+36,74,0.0377518933480792,0.0005332540275892,True
M1_dark_photon_massive,0.1,5.343777930616317,13.33521432163324,71.26042399198235,1.4125375446227544,1.4125375446227533,4.494134350338528e+37,0.0005035731389931,8.924491801377954e+40,6.37,7.055155965994549e+36,74,0.0363305582112379,0.0005131773474798,True
M1_dark_photon_massive,0.1,5.343777930616317,13.33521432163324,71.26042399198235,1.5848931924611136,1.5848931924611127,4.005401455838304e+37,0.0005035731389931,7.953961690345024e+40,6.37,6.287914373372533e+36,74,0.034962735451977,0.0004938565418005,True
M1_dark_photon_massive,0.1,5.343777930616317,13.33521432163324,71.26042399198235,1.7782794100389228,1.778279410038922,3.56981780511816e+37,0.0005035731389931,7.088975818399876e+40,6.37,5.604109584172935e+36,74,0.0336464103628007,0.0004752631523525,True
M1_dark_photon_massive,0.1,5.343777930616317,13.33521432163324,71.26042399198235,1.9952623149688795,1.9952623149688773,3.181603467778108e+37,0.0005035731389931,6.318056348556326e+40,6.37,4.9946679242984426e+36,74,0.0323796440886884,0.0004573697923703,True
M1_dark_photon_massive,0.1,5.343777930616317,13.33521432163324,71.26042399198235,2.2387211385683394,2.238721138568338,2.8356070754268166e+37,0.0005035731389931,5.630973647832692e+40,6.37,4.451502473197514e+36,74,0.0311605707712964,0.0004401501061832,True
M1_dark_photon_massive,0.1,5.343777930616317,13.33521432163324,71.26042399198235,2.51188643150958,2.511886431509579,2.527237466152836e+37,0.0005035731389931,5.018610546237284e+40,6.37,3.967405755341972e+36,74,0.0299873948006791,0.0004235787303945,True
M1_dark_photon_massive,0.1,5.343777930616317,13.33521432163324,71.26042399198235,2.8183829312644537,2.818382931264453,2.252402762595465e+37,0.0005035731389931,4.47284135746189e+40,6.37,3.5359541014057534e+36,74,0.0288583881704803,0.0004076312565241,True
M1_dark_photon_massive,0.1,5.343777930616317,13.33521432163324,71.26042399198235,3.1622776601683795,3.162277660168375,2.007456075218249e+37,0.0005035731389931,3.9864240559613256e+40,6.37,3.1514224100757443e+36,74,0.0277718879327009,0.0003922841950554,True
M1_dark_photon_massive,0.1,5.343777930616317,13.33521432163324,71.26042399198235,3.548133892335755,3.5481338923357515,1.7891471103005511e+37,0.0005035731389931,3.5529041796744623e+40,6.37,2.808708179435716e+36,74,0.0267262937482922,0.0003775149408376,True
M1_dark_photon_massive,0.1,5.343777930616317,13.33521432163324,71.26042399198235,3.9810717055349722,3.9810717055349714,1.594579040514646e+37,0.0005035731389931,3.16652918323417e+40,6.37,2.5032637998660065e+36,74,0.0257200655299684,0.0003633017397897,True
M1_dark_photon_massive,0.1,5.343777930616317,13.33521432163324,71.26042399198235,4.466835921509632,4.466835921509628,1.4211700657870858e+37,0.0005035731389931,2.8221721051853366e+40,6.37,2.2310362100268223e+36,74,0.0247517211737649,0.0003496236568582,True
M1_dark_photon_massive,0.1,5.343777930616317,13.33521432163324,71.26042399198235,5.011872336272722,5.011872336272719,1.2666191543803371e+37,0.0005035731389931,2.5152635363213185e+40,6.37,1.9884131151967612e+36,74,0.0238198343760035,0.000336460545181,True
M1_dark_photon_massive,0.1,5.343777930616317,13.33521432163324,71.26042399198235,5.623413251903491,5.623413251903484,1.1288755095996472e+37,0.0005035731389931,2.241730986399978e+40,6.37,1.7721750543165575e+36,74,0.0229230325324457,0.0003237930164132,True
M1_dark_photon_massive,0.1,5.343777930616317,13.33521432163324,71.26042399198235,6.309573444801933,6.309573444801924,1.0061113569668956e+37,0.0005035731389931,1.9979448446724673e+40,6.37,1.5794526796968532e+36,74,0.0220599947165429,0.0003116024121686,True
M1_dark_photon_massive,0.1,5.343777930616317,13.33521432163324,71.26042399198235,7.079457843841379,7.079457843841374,8.966976907637614e+36,0.0005035731389931,1.7806702171538168e+40,6.37,1.4076886825176787e+36,74,0.0212294497338036,0.0002998707765376,True
M1_dark_photon_massive,0.1,5.343777930616317,13.33521432163324,71.26042399198235,7.943282347242816,7.943282347242811,7.991826581155655e+36,0.0005035731389931,1.5870240015451593e+40,6.37,1.2546038588941372e+36,74,0.0204301742494126,0.0002885808296394,True
M1_dark_photon_massive,0.1,5.343777930616317,13.33521432163324,71.26042399198235,8.912509381337454,8.912509381337456,7.12272293785718e+36,0.0005035731389931,1.4144366302178942e+40,6.37,1.1181668662256167e+36,74,0.0196609909863443,0.00027771594217,True
M1_dark_photon_massive,0.1,5.343777930616317,13.33521432163324,71.26042399198235,10.0,9.99999999999999,6.348133500431963e+36,0.0005035731389931,1.2606179736124323e+40,6.37,9.96567268513652e+35,74,0.0189207669913156,0.000267260110908,True
M1_dark_photon_massive,0.1,5.343777930616317,15.39926526059492,82.29025384727366,0.1,0.0999999999999999,inf,,inf,6.37,inf,-1,0.1053217007289879,0.0019838702751677,True
M1_dark_photon_massive,0.1,5.343777930616317,15.39926526059492,82.29025384727366,0.11220184543019636,0.1122018454301963,inf,,inf,6.37,inf,-1,0.1013564046698535,0.0019091788020002,True
M1_dark_photon_massive,0.1,5.343777930616317,15.39926526059492,82.29025384727366,0.12589254117941673,0.1258925411794166,inf,,inf,6.37,inf,-1,0.0975403995234917,0.0018372994160108,True
M1_dark_photon_massive,0.1,5.343777930616317,15.39926526059492,82.29025384727366,0.14125375446227545,0.1412537544622753,inf,,inf,6.37,inf,-1,0.0938680645805521,0.0017681262438789,True
M1_dark_photon_massive,0.1,5.343777930616317,15.39926526059492,82.29025384727366,0.15848931924611134,0.1584893192461112,inf,,inf,6.37,inf,-1,0.0903339907478705,0.0017015573983477,True
M1_dark_photon_massive,0.1,5.343777930616317,15.39926526059492,82.29025384727366,0.1778279410038923,0.1778279410038922,inf,,inf,6.37,inf,-1,0.0869329725812523,0.0016374948281522,True
M1_dark_photon_massive,0.1,5.343777930616317,15.39926526059492,82.29025384727366,0.19952623149688797,0.1995262314968877,inf,,inf,6.37,inf,-1,0.083660000618216,0.0015758441735959,True
M1_dark_photon_massive,0.1,5.343777930616317,15.39926526059492,82.29025384727366,0.22387211385683395,0.2238721138568337,inf,,inf,6.37,inf,-1,0.0805102539994047,0.0015165146275658,True
M1_dark_photon_massive,0.1,5.343777930616317,15.39926526059492,82.29025384727366,0.251188643150958,0.2511886431509577,inf,,inf,6.37,inf,-1,0.0774790933677963,0.0014594188017798,True
M1_dark_photon_massive,0.1,5.343777930616317,15.39926526059492,82.29025384727366,0.28183829312644537,0.2818382931264451,inf,,inf,6.37,inf,-1,0.0745620540352548,0.00140447259807,True
M1_dark_photon_massive,0.1,5.343777930616317,15.39926526059492,82.29025384727366,0.31622776601683794,0.3162277660168376,inf,,inf,6.37,inf,-1,0.0717548394063555,0.0013515950845116,True
M1_dark_photon_massive,0.1,5.343777930616317,15.39926526059492,82.29025384727366,0.35481338923357547,0.3548133892335751,inf,,inf,6.37,inf,-1,0.0690533146498005,0.0013007083762163,True
M1_dark_photon_massive,0.1,5.343777930616317,15.39926526059492,82.29025384727366,0.3981071705534972,0.3981071705534971,inf,,inf,6.37,inf,-1,0.0664535006080998,0.001251737520613,True
M1_dark_photon_massive,0.1,5.343777930616317,15.39926526059492,82.29025384727366,0.44668359215096315,0.4466835921509627,inf,,inf,6.37,inf,-1,0.0639515679365506,0.0012046103870479,True
M1_dark_photon_massive,0.1,5.343777930616317,15.39926526059492,82.29025384727366,0.5011872336272722,0.5011872336272718,inf,,inf,6.37,inf,-1,0.0615438314628794,0.0011592575605412,True
M1_dark_photon_massive,0.1,5.343777930616317,15.39926526059492,82.29025384727366,0.5623413251903491,0.5623413251903489,inf,,inf,6.37,inf,-1,0.0592267447592404,0.0011156122395435,True
M1_dark_photon_massive,0.1,5.343777930616317,15.39926526059492,82.29025384727366,0.6309573444801932,0.630957344480193,inf,,inf,6.37,inf,-1,0.0569968949185747,0.0010736101375421,True
M1_dark_photon_massive,0.1,5.343777930616317,15.39926526059492,82.29025384727366,0.7079457843841379,0.7079457843841376,inf,,inf,6.37,inf,-1,0.0548509975276364,0.001033189388371,True
M1_dark_photon_massive,0.1,5.343777930616317,15.39926526059492,82.29025384727366,0.7943282347242815,0.7943282347242808,inf,,inf,6.37,inf,-1,0.0527858918292809,0.0009942904550867,True
M1_dark_photon_massive,0.1,5.343777930616317,15.39926526059492,82.29025384727366,0.8912509381337456,0.8912509381337453,inf,,inf,6.37,inf,-1,0.0507985360668902,0.0009568560422743,True
M1_dark_photon_massive,0.1,5.343777930616317,15.39926526059492,82.29025384727366,1.0,0.999999999999999,inf,,inf,6.37,inf,-1,0.0488860030040777,0.0009208310116555,True
M1_dark_photon_massive,0.1,5.343777930616317,15.39926526059492,82.29025384727366,1.1220184543019633,1.1220184543019631,inf,,inf,6.37,inf,-1,0.047045475613073,0.0008861623008734,True
M1_dark_photon_massive,0.1,5.343777930616317,15.39926526059492,82.29025384727366,1.2589254117941673,1.2589254117941668,inf,,inf,6.37,inf,-1,0.0452742429254368,0.0008527988453359,True
M1_dark_photon_massive,0.1,5.343777930616317,15.39926526059492,82.29025384727366,1.4125375446227544,1.4125375446227544,inf,,inf,6.37,inf,-1,0.0435696960389933,0.0008206915030006,True
M1_dark_photon_massive,0.1,5.343777930616317,15.39926526059492,82.29025384727366,1.5848931924611136,1.5848931924611125,inf,,inf,6.37,inf,-1,0.0419293242750996,0.0007897929819922,True
M1_dark_photon_massive,0.1,5.343777930616317,15.39926526059492,82.29025384727366,1.7782794100389228,1.7782794100389223,inf,,inf,6.37,inf,-1,0.0403507114805906,0.000760057770945,True
M1_dark_photon_massive,0.1,5.343777930616317,15.39926526059492,82.29025384727366,1.9952623149688795,1.9952623149688784,inf,,inf,6.37,inf,-1,0.0388315324689549,0.0007314420719676,True
M1_dark_photon_massive,0.1,5.343777930616317,15.39926526059492,82.29025384727366,2.2387211385683394,2.238721138568338,inf,,inf,6.37,inf,-1,0.0373695495954965,0.000703903736132,True
M1_dark_photon_massive,0.1,5.343777930616317,15.39926526059492,82.29025384727366,2.51188643150958,2.51188643150958,inf,,inf,6.37,inf,-1,0.0359626094614405,0.0006774022013906,True
M1_dark_photon_massive,0.1,5.343777930616317,15.39926526059492,82.29025384727366,2.8183829312644537,2.8183829312644537,inf,,inf,6.37,inf,-1,0.0346086397421271,0.0006518984328316,True
M1_dark_photon_massive,0.1,5.343777930616317,15.39926526059492,82.29025384727366,3.1622776601683795,3.1622776601683755,inf,,inf,6.37,inf,-1,0.0333056461346218,0.0006273548651835,True
M1_dark_photon_massive,0.1,5.343777930616317,15.39926526059492,82.29025384727366,3.548133892335755,3.5481338923357515,inf,,inf,6.37,inf,-1,0.0320517094202464,0.0006037353474832,True
M1_dark_photon_massive,0.1,5.343777930616317,15.39926526059492,82.29025384727366,3.9810717055349722,3.981071705534968,inf,,inf,6.37,inf,-1,0.0308449826377036,0.0005810050898291,True
M1_dark_photon_massive,0.1,5.343777930616317,15.39926526059492,82.29025384727366,4.466835921509632,4.466835921509627,inf,,inf,6.37,inf,-1,0.0296836883626322,0.0005591306121375,True
M1_dark_photon_massive,0.1,5.343777930616317,15.39926526059492,82.29025384727366,5.011872336272722,5.01187233627272,inf,,inf,6.37,inf,-1,0.0285661160895848,0.0005380796948289,True
M1_dark_photon_massive,0.1,5.343777930616317,15.39926526059492,82.29025384727366,5.623413251903491,5.623413251903486,inf,,inf,6.37,inf,-1,0.0274906197125724,0.0005178213313707,True
M1_dark_photon_massive,0.1,5.343777930616317,15.39926526059492,82.29025384727366,6.309573444801933,6.309573444801929,inf,,inf,6.37,inf,-1,0.0264556151004657,0.0004983256826069,True
M1_dark_photon_massive,0.1,5.343777930616317,15.39926526059492,82.29025384727366,7.079457843841379,7.079457843841375,inf,,inf,6.37,inf,-1,0.0254595777636799,0.000479564032807,True
M1_dark_photon_massive,0.1,5.343777930616317,15.39926526059492,82.29025384727366,7.943282347242816,7.943282347242813,inf,,inf,6.37,inf,-1,0.0245010406087082,0.0004615087473698,True
M1_dark_photon_massive,0.1,5.343777930616317,15.39926526059492,82.29025384727366,8.912509381337454,8.912509381337456,inf,,inf,6.37,inf,-1,0.0235785917771953,0.0004441332321195,True
M1_dark_photon_massive,0.1,5.343777930616317,15.39926526059492,82.29025384727366,10.0,9.999999999999991,inf,,inf,6.37,inf,-1,0.0226908725663687,0.0004274118941344,True
M1_dark_photon_massive,0.1,5.343777930616317,17.78279410038923,95.027302658354,0.1,0.0999999999999998,inf,,inf,6.37,inf,-1,0.1262673461089161,0.0031716587904949,True
M1_dark_photon_massive,0.1,5.343777930616317,17.78279410038923,95.027302658354,0.11220184543019636,0.1122018454301963,inf,,inf,6.37,inf,-1,0.1215134596215397,0.0030522478237537,True
M1_dark_photon_massive,0.1,5.343777930616317,17.78279410038923,95.027302658354,0.12589254117941673,0.1258925411794166,inf,,inf,6.37,inf,-1,0.1169385539825876,0.0029373326051116,True
M1_dark_photon_massive,0.1,5.343777930616317,17.78279410038923,95.027302658354,0.14125375446227545,0.1412537544622752,inf,,inf,6.37,inf,-1,0.1125358906752298,0.0028267438724687,True
M1_dark_photon_massive,0.1,5.343777930616317,17.78279410038923,95.027302658354,0.15848931924611134,0.1584893192461111,inf,,inf,6.37,inf,-1,0.1082989848835743,0.0027203187363372,True
M1_dark_photon_massive,0.1,5.343777930616317,17.78279410038923,95.027302658354,0.1778279410038923,0.1778279410038921,inf,,inf,6.37,inf,-1,0.1042215959409848,0.0026179004399166,True
M1_dark_photon_massive,0.1,5.343777930616317,17.78279410038923,95.027302658354,0.19952623149688797,0.1995262314968877,inf,,inf,6.37,inf,-1,0.1002977181380152,0.0025193381282015,True
M1_dark_photon_massive,0.1,5.343777930616317,17.78279410038923,95.027302658354,0.22387211385683395,0.2238721138568337,inf,,inf,6.37,inf,-1,0.0965215718764179,0.0024244866257833,True
M1_dark_photon_massive,0.1,5.343777930616317,17.78279410038923,95.027302658354,0.251188643150958,0.2511886431509577,inf,,inf,6.37,inf,-1,0.0928875951561989,0.0023332062230164,True
M1_dark_photon_massive,0.1,5.343777930616317,17.78279410038923,95.027302658354,0.28183829312644537,0.281838293126445,inf,,inf,6.37,inf,-1,0.08939043538318,0.0022453624702357,True
M1_dark_photon_massive,0.1,5.343777930616317,17.78279410038923,95.027302658354,0.31622776601683794,0.3162277660168374,inf,,inf,6.37,inf,-1,0.0860249414850012,0.0021608259797221,True
M1_dark_photon_massive,0.1,5.343777930616317,17.78279410038923,95.027302658354,0.35481338923357547,0.3548133892335753,inf,,inf,6.37,inf,-1,0.0827861563239498,0.0020794722351228,True
M1_dark_photon_massive,0.1,5.343777930616317,17.78279410038923,95.027302658354,0.3981071705534972,0.3981071705534966,inf,,inf,6.37,inf,-1,0.0796693093954432,0.0020011814080479,True
M1_dark_photon_massive,0.1,5.343777930616317,17.78279410038923,95.027302658354,0.44668359215096315,0.4466835921509626,inf,,inf,6.37,inf,-1,0.0766698098014079,0.0019258381815711,True
M1_dark_photon_massive,0.1,5.343777930616317,17.78279410038923,95.027302658354,0.5011872336272722,0.5011872336272719,inf,,inf,6.37,inf,-1,0.0737832394882072,0.0018533315803763,True
M1_dark_photon_massive,0.1,5.343777930616317,17.78279410038923,95.027302658354,0.5623413251903491,0.5623413251903483,inf,,inf,6.37,inf,-1,0.0710053467391563,0.0017835548072985,True
M1_dark_photon_massive,0.1,5.343777930616317,17.78279410038923,95.027302658354,0.6309573444801932,0.6309573444801926,inf,,inf,6.37,inf,-1,0.0683320399120406,0.001716405086019,True
M1_dark_photon_massive,0.1,5.343777930616317,17.78279410038923,95.027302658354,0.7079457843841379,0.7079457843841376,inf,,inf,6.37,inf,-1,0.0657593814124114,0.0016517835096833,True
M1_dark_photon_massive,0.1,5.343777930616317,17.78279410038923,95.027302658354,0.7943282347242815,0.7943282347242805,inf,,inf,6.37,inf,-1,0.063283581893785,0.0015895948952177,True
M1_dark_photon_massive,0.1,5.343777930616317,17.78279410038923,95.027302658354,0.8912509381337456,0.8912509381337446,inf,,inf,6.37,inf,-1,0.0609009946761987,0.001529747643132,True
M1_dark_photon_massive,0.1,5.343777930616317,17.78279410038923,95.027302658354,1.0,0.9999999999999984,inf,,inf,6.37,inf,-1,0.0586081103749065,0.0014721536025991,True
M1_dark_photon_massive,0.1,5.343777930616317,17.78279410038923,95.027302658354,1.1220184543019633,1.1220184543019625,inf,,inf,6.37,inf,-1,0.0564015517312996,0.0014167279416154,True
M1_dark_photon_massive,0.1,5.343777930616317,17.78279410038923,95.027302658354,1.2589254117941673,1.258925411794166,inf,,inf,6.37,inf,-1,0.0542780686384403,0.0013633890220493,True
M1_dark_photon_massive,0.1,5.343777930616317,17.78279410038923,95.027302658354,1.4125375446227544,1.4125375446227533,inf,,inf,6.37,inf,-1,0.0522345333538815,0.0013120582793934,True
M1_dark_photon_massive,0.1,5.343777930616317,17.78279410038923,95.027302658354,1.5848931924611136,1.5848931924611116,inf,,inf,6.37,inf,-1,0.0502679358927197,0.001262660107045,True
M1_dark_photon_massive,0.1,5.343777930616317,17.78279410038923,95.027302658354,1.7782794100389228,1.778279410038921,inf,,inf,6.37,inf,-1,0.0483753795940978,0.0012151217449426,True
M1_dark_photon_massive,0.1,5.343777930616317,17.78279410038923,95.027302658354,1.9952623149688795,1.9952623149688784,inf,,inf,6.37,inf,-1,0.0465540768546253,0.0011693731723955,True
M1_dark_photon_massive,0.1,5.343777930616317,17.78279410038923,95.027302658354,2.2387211385683394,2.238721138568336,inf,,inf,6.37,inf,-1,0.0448013450224334,0.0011253470049479,True
M1_dark_photon_massive,0.1,5.343777930616317,17.78279410038923,95.027302658354,2.51188643150958,2.511886431509577,inf,,inf,6.37,inf,-1,0.0431146024458157,0.0010829783951268,True
M1_dark_photon_massive,0.1,5.343777930616317,17.78279410038923,95.027302658354,2.8183829312644537,2.818382931264451,inf,,inf,6.37,inf,-1,0.0414913646706353,0.0010422049369259,True
M1_dark_photon_massive,0.1,5.343777930616317,17.78279410038923,95.027302658354,3.1622776601683795,3.162277660168374,inf,,inf,6.37,inf,-1,0.0399292407808974,0.0010029665738858,True
M1_dark_photon_massive,0.1,5.343777930616317,17.78279410038923,95.027302658354,3.548133892335755,3.5481338923357497,inf,,inf,6.37,inf,-1,0.0384259298770967,0.0009652055106354,True
M1_dark_photon_massive,0.1,5.343777930616317,17.78279410038923,95.027302658354,3.9810717055349722,3.981071705534968,inf,,inf,6.37,inf,-1,0.036979217687153,0.0009288661277628,True
M1_dark_photon_massive,0.1,5.343777930616317,17.78279410038923,95.027302658354,4.466835921509632,4.466835921509627,inf,,inf,6.37,inf,-1,0.035586973304943,0.0008938948998925,True
M1_dark_photon_massive,0.1,5.343777930616317,17.78279410038923,95.027302658354,5.011872336272722,5.011872336272715,inf,,inf,6.37,inf,-1,0.034247146051624,0.0008602403168456,True
M1_dark_photon_massive,0.1,5.343777930616317,17.78279410038923,95.027302658354,5.623413251903491,5.623413251903483,inf,,inf,6.37,inf,-1,0.0329577624551271,0.0008278528077693,True
M1_dark_photon_massive,0.1,5.343777930616317,17.78279410038923,95.027302658354,6.309573444801933,6.309573444801927,inf,,inf,6.37,inf,-1,0.031716923343371,0.0007966846681222,True
M1_dark_photon_massive,0.1,5.343777930616317,17.78279410038923,95.027302658354,7.079457843841379,7.079457843841375,inf,,inf,6.37,inf,-1,0.0305228010469132,0.0007666899894091,True
M1_dark_photon_massive,0.1,5.343777930616317,17.78279410038923,95.027302658354,7.943282347242816,7.943282347242805,inf,,inf,6.37,inf,-1,0.0293736367069212,0.000737824591561,True
M1_dark_photon_massive,0.1,5.343777930616317,17.78279410038923,95.027302658354,8.912509381337454,8.91250938133745,inf,,inf,6.37,inf,-1,0.0282677376844955,0.0007100459578607,True
M1_dark_photon_massive,0.1,5.343777930616317,17.78279410038923,95.027302658354,10.0,9.999999999999982,inf,,inf,6.37,inf,-1,0.0272034750675311,0.0006833131723186,True
M1_dark_photon_massive,0.1,5.343777930616317,20.53525026457146,109.73581716349985,0.1,0.0999999999999999,inf,,inf,6.37,inf,-1,0.1513268215609152,0.0050688719150562,True
M1_dark_photon_massive,0.1,5.343777930616317,20.53525026457146,109.73581716349985,0.11220184543019636,0.1122018454301963,inf,,inf,6.37,inf,-1,0.1456294615199785,0.004878032062586,True
M1_dark_photon_massive,0.1,5.343777930616317,20.53525026457146,109.73581716349985,0.12589254117941673,0.1258925411794166,inf,,inf,6.37,inf,-1,0.1401466035157677,0.0046943772110196,True
M1_dark_photon_massive,0.1,5.343777930616317,20.53525026457146,109.73581716349985,0.14125375446227545,0.1412537544622753,inf,,inf,6.37,inf,-1,0.1348701716809636,0.0045176368495736,True
M1_dark_photon_massive,0.1,5.343777930616317,20.53525026457146,109.73581716349985,0.15848931924611134,0.1584893192461111,inf,,inf,6.37,inf,-1,0.1297923941995931,0.0043475506520262,True
M1_dark_photon_massive,0.1,5.343777930616317,20.53525026457146,109.73581716349985,0.1778279410038923,0.1778279410038922,inf,,inf,6.37,inf,-1,0.124905791859686,0.0041838680932749,True
M1_dark_photon_massive,0.1,5.343777930616317,20.53525026457146,109.73581716349985,0.19952623149688797,0.1995262314968878,inf,,inf,6.37,inf,-1,0.1202031670369181,0.00402634808033,True
M1_dark_photon_massive,0.1,5.343777930616317,20.53525026457146,109.73581716349985,0.22387211385683395,0.2238721138568339,inf,,inf,6.37,inf,-1,0.1156775930930122,0.0038747585972024,True
M1_dark_photon_massive,0.1,5.343777930616317,20.53525026457146,109.73581716349985,0.251188643150958,0.2511886431509578,inf,,inf,6.37,inf,-1,0.1113224041732835,0.0037288763631591,True
M1_dark_photon_massive,0.1,5.343777930616317,20.53525026457146,109.73581716349985,0.28183829312644537,0.2818382931264452,inf,,inf,6.37,inf,-1,0.1071311853883006,0.0035884865038472,True
M1_dark_photon_massive,0.1,5.343777930616317,20.53525026457146,109.73581716349985,0.31622776601683794,0.3162277660168378,inf,,inf,6.37,inf,-1,0.1030977633652008,0.0034533822347984,True
M1_dark_photon_massive,0.1,5.343777930616317,20.53525026457146,109.73581716349985,0.35481338923357547,0.3548133892335752,inf,,inf,6.37,inf,-1,0.0992161971547429,0.0033233645568503,True
M1_dark_photon_massive,0.1,5.343777930616317,20.53525026457146,109.73581716349985,0.3981071705534972,0.398107170553497,inf,,inf,6.37,inf,-1,0.0954807694807031,0.0031982419630341,True
M1_dark_photon_massive,0.1,5.343777930616317,20.53525026457146,109.73581716349985,0.44668359215096315,0.4466835921509627,inf,,inf,6.37,inf,-1,0.0918859783187261,0.0030778301564985,True
M1_dark_photon_massive,0.1,5.343777930616317,20.53525026457146,109.73581716349985,0.5011872336272722,0.501187233627272,inf,,inf,6.37,inf,-1,0.0884265287922273,0.0029619517790532,True
M1_dark_photon_massive,0.1,5.343777930616317,20.53525026457146,109.73581716349985,0.5623413251903491,0.5623413251903485,inf,,inf,6.37,inf,-1,0.0850973253734085,0.0028504361499328,True
M1_dark_photon_massive,0.1,5.343777930616317,20.53525026457146,109.73581716349985,0.6309573444801932,0.630957344480193,inf,,inf,6.37,inf,-1,0.0818934643779016,0.0027431190143956,True
M1_dark_photon_massive,0.1,5.343777930616317,20.53525026457146,109.73581716349985,0.7079457843841379,0.7079457843841376,inf,,inf,6.37,inf,-1,0.0788102267419832,0.0026398423017881,True
M1_dark_photon_massive,0.1,5.343777930616317,20.53525026457146,109.73581716349985,0.7943282347242815,0.7943282347242814,inf,,inf,6.37,inf,-1,0.0758430710717229,0.0025404538927179,True
M1_dark_photon_massive,0.1,5.343777930616317,20.53525026457146,109.73581716349985,0.8912509381337456,0.891250938133745,inf,,inf,6.37,inf,-1,0.0729876269538273,0.0024448073949926,True
M1_dark_photon_massive,0.1,5.343777930616317,20.53525026457146,109.73581716349985,1.0,0.9999999999999994,inf,,inf,6.37,inf,-1,0.0702396885183257,0.0023527619279938,True
M1_dark_photon_massive,0.1,5.343777930616317,20.53525026457146,109.73581716349985,1.1220184543019633,1.1220184543019636,inf,,inf,6.37,inf,-1,0.0675952082436174,0.0022641819151704,True
M1_dark_photon_massive,0.1,5.343777930616317,20.53525026457146,109.73581716349985,1.2589254117941673,1.2589254117941666,inf,,inf,6.37,inf,-1,0.0650502909947544,0.0021789368843434,True
M1_dark_photon_massive,0.1,5.343777930616317,20.53525026457146,109.73581716349985,1.4125375446227544,1.4125375446227544,inf,,inf,6.37,inf,-1,0.0626011882861799,0.0020969012755298,True
M1_dark_photon_massive,0.1,5.343777930616317,20.53525026457146,109.73581716349985,1.5848931924611136,1.584893192461113,inf,,inf,6.37,inf,-1,0.0602442927604699,0.0020179542560011,True
M1_dark_photon_massive,0.1,5.343777930616317,20.53525026457146,109.73581716349985,1.7782794100389228,1.7782794100389216,inf,,inf,6.37,inf,-1,0.057976132874948,0.0019419795423053,True
M1_dark_photon_massive,0.1,5.343777930616317,20.53525026457146,109.73581716349985,1.9952623149688795,1.9952623149688784,inf,,inf,6.37,inf,-1,0.055793367788345,0.0018688652289898,True
M1_dark_photon_massive,0.1,5.343777930616317,20.53525026457146,109.73581716349985,2.2387211385683394,2.2387211385683385,inf,,inf,6.37,inf,-1,0.0536927824399728,0.0017985036237719,True
M1_dark_photon_massive,0.1,5.343777930616317,20.53525026457146,109.73581716349985,2.51188643150958,2.5118864315095792,inf,,inf,6.37,inf,-1,0.0516712828141641,0.0017307910889161,True
M1_dark_photon_massive,0.1,5.343777930616317,20.53525026457146,109.73581716349985,2.8183829312644537,2.818382931264453,inf,,inf,6.37,inf,-1,0.0497258913830036,0.0016656278885827,True
M1_dark_photon_massive,0.1,5.343777930616317,20.53525026457146,109.73581716349985,3.1622776601683795,3.1622776601683777,inf,,inf,6.37,inf,-1,0.0478537427206368,0.0016029180419237,True
M1_dark_photon_massive,0.1,5.343777930616317,20.53525026457146,109.73581716349985,3.548133892335755,3.5481338923357524,inf,,inf,6.37,inf,-1,0.0460520792826978,0.00154256918171,True
M1_dark_photon_massive,0.1,5.343777930616317,20.53525026457146,109.73581716349985,3.9810717055349722,3.9810717055349714,inf,,inf,6.37,inf,-1,0.0443182473446387,0.001484492418281,True
M1_dark_photon_massive,0.1,5.343777930616317,20.53525026457146,109.73581716349985,4.466835921509632,4.466835921509631,inf,,inf,6.37,inf,-1,0.0426496930929785,0.001428602208616,True
M1_dark_photon_massive,0.1,5.343777930616317,20.53525026457146,109.73581716349985,5.011872336272722,5.011872336272722,inf,,inf,6.37,inf,-1,0.0410439588637141,0.0013748162303353,True
M1_dark_photon_massive,0.1,5.343777930616317,20.53525026457146,109.73581716349985,5.623413251903491,5.6234132519034885,inf,,inf,6.37,inf,-1,0.0394986795223526,0.0013230552604454,True
M1_dark_photon_massive,0.1,5.343777930616317,20.53525026457146,109.73581716349985,6.309573444801933,6.309573444801929,inf,,inf,6.37,inf,-1,0.0380115789802334,0.0012732430586489,True
M1_dark_photon_massive,0.1,5.343777930616317,20.53525026457146,109.73581716349985,7.079457843841379,7.079457843841374,inf,,inf,6.37,inf,-1,0.036580466842008,0.0012253062550478,True
M1_dark_photon_massive,0.1,5.343777930616317,20.53525026457146,109.73581716349985,7.943282347242816,7.943282347242813,inf,,inf,6.37,inf,-1,0.0352032351793409,0.0011791742420747,True
M1_dark_photon_massive,0.1,5.343777930616317,20.53525026457146,109.73581716349985,8.912509381337454,8.912509381337454,inf,,inf,6.37,inf,-1,0.033877855426078,0.0011347790704931,True
M1_dark_photon_massive,0.1,5.343777930616317,20.53525026457146,109.73581716349985,10.0,9.999999999999996,inf,,inf,6.37,inf,-1,0.03260237539031,0.0010920553493125,True
M1_dark_photon_massive,0.1,5.343777930616317,23.71373705661655,126.72094473558586,0.1,0.0999999999999999,inf,,inf,6.37,inf,-1,0.1812935952898416,0.0080980017923687,True
M1_dark_photon_massive,0.1,5.343777930616317,23.71373705661655,126.72094473558586,0.11220184543019636,0.1122018454301963,inf,,inf,6.37,inf,-1,0.1744680049891406,0.0077931170974589,True
M1_dark_photon_massive,0.1,5.343777930616317,23.71373705661655,126.72094473558586,0.12589254117941673,0.1258925411794166,inf,,inf,6.37,inf,-1,0.1678993938877243,0.0074997111203332,True
M1_dark_photon_massive,0.1,5.343777930616317,23.71373705661655,126.72094473558586,0.14125375446227545,0.1412537544622754,inf,,inf,6.37,inf,-1,0.1615780868797109,0.0072173516944574,True
M1_dark_photon_massive,0.1,5.343777930616317,23.71373705661655,126.72094473558586,0.15848931924611134,0.1584893192461111,inf,,inf,6.37,inf,-1,0.1554947731208946,0.0069456229240963,True
M1_dark_photon_massive,0.1,5.343777930616317,23.71373705661655,126.72094473558586,0.1778279410038923,0.177827941003892,inf,,inf,6.37,inf,-1,0.1496404923145216,0.006684124571729,True
M1_dark_photon_massive,0.1,5.343777930616317,23.71373705661655,126.72094473558586,0.19952623149688797,0.1995262314968878,inf,,inf,6.37,inf,-1,0.1440066215133982,0.0064324714685263,True
M1_dark_photon_massive,0.1,5.343777930616317,23.71373705661655,126.72094473558586,0.22387211385683395,0.2238721138568338,inf,,inf,6.37,inf,-1,0.1385848624188912,0.0061902929470241,True
M1_dark_photon_massive,0.1,5.343777930616317,23.71373705661655,126.72094473558586,0.251188643150958,0.2511886431509578,inf,,inf,6.37,inf,-1,0.1333672291581129,0.0059572322951563,True
M1_dark_photon_massive,0.1,5.343777930616317,23.71373705661655,126.72094473558586,0.28183829312644537,0.2818382931264451,inf,,inf,6.37,inf,-1,0.1283460365212874,0.0057329462308426,True
M1_dark_photon_massive,0.1,5.343777930616317,23.71373705661655,126.72094473558586,0.31622776601683794,0.3162277660168378,inf,,inf,6.37,inf,-1,0.1235138886419729,0.0055171043963579,True
M1_dark_photon_massive,0.1,5.343777930616317,23.71373705661655,126.72094473558586,0.35481338923357547,0.3548133892335752,inf,,inf,6.37,inf,-1,0.1188636681034663,0.0053093888717387,True
M1_dark_photon_massive,0.1,5.343777930616317,23.71373705661655,126.72094473558586,0.3981071705534972,0.398107170553497,inf,,inf,6.37,inf,-1,0.1143885254553453,0.0051094937065088,True
M1_dark_photon_massive,0.1,5.343777930616317,23.71373705661655,126.72094473558586,0.44668359215096315,0.4466835921509627,inf,,inf,6.37,inf,-1,0.1100818691247053,0.0049171244690358,True
M1_dark_photon_massive,0.1,5.343777930616317,23.71373705661655,126.72094473558586,0.5011872336272722,0.5011872336272721,inf,,inf,6.37,inf,-1,0.1059373557072325,0.004731997812854,True
M1_dark_photon_massive,0.1,5.343777930616317,23.71373705661655,126.72094473558586,0.5623413251903491,0.5623413251903486,inf,,inf,6.37,inf,-1,0.1019488806238124,0.0045538410593144,True
M1_dark_photon_massive,0.1,5.343777930616317,23.71373705661655,126.72094473558586,0.6309573444801932,0.6309573444801928,inf,,inf,6.37,inf,-1,0.0981105691289098,0.0043823917959486,True
M1_dark_photon_massive,0.1,5.343777930616317,23.71373705661655,126.72094473558586,0.7079457843841379,0.7079457843841375,inf,,inf,6.37,inf,-1,0.0944167676574793,0.0042173974899529,True
M1_dark_photon_massive,0.1,5.343777930616317,23.71373705661655,126.72094473558586,0.7943282347242815,0.7943282347242808,inf,,inf,6.37,inf,-1,0.090862035497658,0.0040586151162259,True
M1_dark_photon_massive,0.1,5.343777930616317,23.71373705661655,126.72094473558586,0.8912509381337456,0.891250938133745,inf,,inf,6.37,inf,-1,0.0874411367769765,0.0039058107994088,True
M1_dark_photon_massive,0.1,5.343777930616317,23.71373705661655,126.72094473558586,1.0,0.9999999999999996,inf,,inf,6.37,inf,-1,0.0841490327502843,0.0037587594694035,True
M1_dark_photon_massive,0.1,5.343777930616317,23.71373705661655,126.72094473558586,1.1220184543019633,1.122018454301963,inf,,inf,6.37,inf,-1,0.0809808743780294,0.0036172445298602,True
M1_dark_photon_massive,0.1,5.343777930616317,23.71373705661655,126.72094473558586,1.2589254117941673,1.2589254117941664,inf,,inf,6.37,inf,-1,0.0779319951839615,0.003481057539146,True
M1_dark_photon_massive,0.1,5.343777930616317,23.71373705661655,126.72094473558586,1.4125375446227544,1.4125375446227535,inf,,inf,6.37,inf,-1,0.0749979043817381,0.0033499979033249,True
M1_dark_photon_massive,0.1,5.343777930616317,23.71373705661655,126.72094473558586,1.5848931924611136,1.5848931924611127,inf,,inf,6.37,inf,-1,0.0721742802603097,0.003223872580697,True
M1_dark_photon_massive,0.1,5.343777930616317,23.71373705661655,126.72094473558586,1.7782794100389228,1.7782794100389208,inf,,inf,6.37,inf,-1,0.0694569638183402,0.0031024957974614,True
M1_dark_photon_massive,0.1,5.343777930616317,23.71373705661655,126.72094473558586,1.9952623149688795,1.9952623149688773,inf,,inf,6.37,inf,-1,0.0668419526382891,0.0029856887740844,True
M1_dark_photon_massive,0.1,5.343777930616317,23.71373705661655,126.72094473558586,2.2387211385683394,2.238721138568338,inf,,inf,6.37,inf,-1,0.0643253949911289,0.0028732794619699,True
M1_dark_photon_massive,0.1,5.343777930616317,23.71373705661655,126.72094473558586,2.51188643150958,2.5118864315095792,inf,,inf,6.37,inf,-1,0.0619035841630173,0.0027651022900435,True
M1_dark_photon_massive,0.1,5.343777930616317,23.71373705661655,126.72094473558586,2.8183829312644537,2.818382931264453,inf,,inf,6.37,inf,-1,0.0595729529955665,0.0026609979208781,True
M1_dark_photon_massive,0.1,5.343777930616317,23.71373705661655,126.72094473558586,3.1622776601683795,3.1622776601683764,inf,,inf,6.37,inf,-1,0.0573300686316673,0.0025608130160011,True
M1_dark_photon_massive,0.1,5.343777930616317,23.71373705661655,126.72094473558586,3.548133892335755,3.5481338923357524,inf,,inf,6.37,inf,-1,0.0551716274591305,0.002464400010037,True
M1_dark_photon_massive,0.1,5.343777930616317,23.71373705661655,126.72094473558586,3.9810717055349722,3.9810717055349687,inf,,inf,6.37,inf,-1,0.0530944502446962,0.0023716168933546,True
M1_dark_photon_massive,0.1,5.343777930616317,23.71373705661655,126.72094473558586,4.466835921509632,4.466835921509628,inf,,inf,6.37,inf,-1,0.0510954774512455,0.0022823270028961,True
M1_dark_photon_massive,0.1,5.343777930616317,23.71373705661655,126.72094473558586,5.011872336272722,5.011872336272719,inf,,inf,6.37,inf,-1,0.0491717647313155,0.0021963988208823,True
M1_dark_photon_massive,0.1,5.343777930616317,23.71373705661655,126.72094473558586,5.623413251903491,5.623413251903486,inf,,inf,6.37,inf,-1,0.0473204785902809,0.0021137057810961,True
M1_dark_photon_massive,0.1,5.343777930616317,23.71373705661655,126.72094473558586,6.309573444801933,6.309573444801931,inf,,inf,6.37,inf,-1,0.0455388922128142,0.0020341260824591,True
M1_dark_photon_massive,0.1,5.343777930616317,23.71373705661655,126.72094473558586,7.079457843841379,7.079457843841377,inf,,inf,6.37,inf,-1,0.0438243814464768,0.0019575425096272,True
M1_dark_photon_massive,0.1,5.343777930616317,23.71373705661655,126.72094473558586,7.943282347242816,7.94328234724281,inf,,inf,6.37,inf,-1,0.0421744209365257,0.0018838422603406,True
M1_dark_photon_massive,0.1,5.343777930616317,23.71373705661655,126.72094473558586,8.912509381337454,8.912509381337452,inf,,inf,6.37,inf,-1,0.0405865804062422,0.001812916779274,True
M1_dark_photon_massive,0.1,5.343777930616317,23.71373705661655,126.72094473558586,10.0,9.99999999999999,inf,,inf,6.37,inf,-1,0.0390585210773035,0.0017446615981419,True
M1_dark_photon_massive,0.1,5.343777930616317,27.38419634264361,146.335064063483,0.1,0.0999999999999999,inf,,inf,6.37,inf,-1,0.2171099314131346,0.0129322799393611,True
M1_dark_photon_massive,0.1,5.343777930616317,27.38419634264361,146.335064063483,0.11220184543019636,0.1122018454301963,inf,,inf,6.37,inf,-1,0.208935878492676,0.0124453877003996,True
M1_dark_photon_massive,0.1,5.343777930616317,27.38419634264361,146.335064063483,0.12589254117941673,0.1258925411794166,inf,,inf,6.37,inf,-1,0.2010695735444617,0.0119768266492466,True
M1_dark_photon_massive,0.1,5.343777930616317,27.38419634264361,146.335064063483,0.14125375446227545,0.1412537544622754,inf,,inf,6.37,inf,-1,0.1934994300501093,0.0115259066281638,True
M1_dark_photon_massive,0.1,5.343777930616317,27.38419634264361,146.335064063483,0.15848931924611134,0.1584893192461112,inf,,inf,6.37,inf,-1,0.1862142977163958,0.0110919634634193,True
M1_dark_photon_massive,0.1,5.343777930616317,27.38419634264361,146.335064063483,0.1778279410038923,0.1778279410038923,inf,,inf,6.37,inf,-1,0.1792034460516537,0.0106743579870063,True
M1_dark_photon_massive,0.1,5.343777930616317,27.38419634264361,146.335064063483,0.19952623149688797,0.1995262314968877,inf,,inf,6.37,inf,-1,0.172456548560505,0.0102724750951929,True
M1_dark_photon_massive,0.1,5.343777930616317,27.38419634264361,146.335064063483,0.22387211385683395,0.2238721138568337,inf,,inf,6.37,inf,-1,0.1659636675336544,0.0098857228425177,True
M1_dark_photon_massive,0.1,5.343777930616317,27.38419634264361,146.335064063483,0.251188643150958,0.2511886431509579,inf,,inf,6.37,inf,-1,0.1597152394103364,0.0095135315698948,True
M1_dark_photon_massive,0.1,5.343777930616317,27.38419634264361,146.335064063483,0.28183829312644537,0.2818382931264451,inf,,inf,6.37,inf,-1,0.1537020606918579,0.0091553530655462,True
M1_dark_photon_massive,0.1,5.343777930616317,27.38419634264361,146.335064063483,0.31622776601683794,0.316227766016838,inf,,inf,6.37,inf,-1,0.1479152743854865,0.0088106597575241,True
M1_dark_photon_massive,0.1,5.343777930616317,27.38419634264361,146.335064063483,0.35481338923357547,0.3548133892335752,inf,,inf,6.37,inf,-1,0.1423463569587181,0.0084789439366337,True
M1_dark_photon_massive,0.1,5.343777930616317,27.38419634264361,146.335064063483,0.3981071705534972,0.3981071705534972,inf,,inf,6.37,inf,-1,0.1369871057847082,0.0081597170086137,True
M1_dark_photon_massive,0.1,5.343777930616317,27.38419634264361,146.335064063483,0.44668359215096315,0.446683592150963,inf,,inf,6.37,inf,-1,0.1318296270603752,0.0078525087744706,True
M1_dark_photon_massive,0.1,5.343777930616317,27.38419634264361,146.335064063483,0.5011872336272722,0.5011872336272724,inf,,inf,6.37,inf,-1,0.1268663241793785,0.0075568667379082,True
M1_dark_photon_massive,0.1,5.343777930616317,27.38419634264361,146.335064063483,0.5623413251903491,0.5623413251903491,inf,,inf,6.37,inf,-1,0.1220898865428479,0.0072723554388329,True
M1_dark_photon_massive,0.1,5.343777930616317,27.38419634264361,146.335064063483,0.6309573444801932,0.6309573444801929,inf,,inf,6.37,inf,-1,0.1174932787913812,0.0069985558119504,True
M1_dark_photon_massive,0.1,5.343777930616317,27.38419634264361,146.335064063483,0.7079457843841379,0.7079457843841378,inf,,inf,6.37,inf,-1,0.113069730442451,0.0067350645695124,True
M1_dark_photon_massive,0.1,5.343777930616317,27.38419634264361,146.335064063483,0.7943282347242815,0.7943282347242814,inf,,inf,6.37,inf,-1,0.1088127259179557,0.0064814936073018,True
M1_dark_photon_massive,0.1,5.343777930616317,27.38419634264361,146.335064063483,0.8912509381337456,0.8912509381337457,inf,,inf,6.37,inf,-1,0.1047159949472282,0.0062374694329821,True
M1_dark_photon_massive,0.1,5.343777930616317,27.38419634264361,146.335064063483,1.0,0.999999999999999,inf,,inf,6.37,inf,-1,0.1007735033313641,0.0060026326159693,True
M1_dark_photon_massive,0.1,5.343777930616317,27.38419634264361,146.335064063483,1.1220184543019633,1.1220184543019631,inf,,inf,6.37,inf,-1,0.0969794440552681,0.0057766372580156,True
M1_dark_photon_massive,0.1,5.343777930616317,27.38419634264361,146.335064063483,1.2589254117941673,1.2589254117941673,inf,,inf,6.37,inf,-1,0.0933282287343257,0.0055591504837259,True
M1_dark_photon_massive,0.1,5.343777930616317,27.38419634264361,146.335064063483,1.4125375446227544,1.412537544622755,inf,,inf,6.37,inf,-1,0.0898144793831024,0.0053498519502548,True
M1_dark_photon_massive,0.1,5.343777930616317,27.38419634264361,146.335064063483,1.5848931924611136,1.5848931924611132,inf,,inf,6.37,inf,-1,0.0864330204939468,0.0051484333754648,True
M1_dark_photon_massive,0.1,5.343777930616317,27.38419634264361,146.335064063483,1.7782794100389228,1.7782794100389214,inf,,inf,6.37,inf,-1,0.0831788714138286,0.0049545980838473,True
M1_dark_photon_massive,0.1,5.343777930616317,27.38419634264361,146.335064063483,1.9952623149688795,1.9952623149688808,inf,,inf,6.37,inf,-1,0.080047239008184,0.0047680605695413,True
M1_dark_photon_massive,0.1,5.343777930616317,27.38419634264361,146.335064063483,2.2387211385683394,2.23872113856834,inf,,inf,6.37,inf,-1,0.0770335106009633,0.0045885460758021,True
M1_dark_photon_massive,0.1,5.343777930616317,27.38419634264361,146.335064063483,2.51188643150958,2.51188643150958,inf,,inf,6.37,inf,-1,0.0741332471804809,0.0044157901903046,True
M1_dark_photon_massive,0.1,5.343777930616317,27.38419634264361,146.335064063483,2.8183829312644537,2.8183829312644524,inf,,inf,6.37,inf,-1,0.0713421768610601,0.0042495384556822,True
M1_dark_photon_massive,0.1,5.343777930616317,27.38419634264361,146.335064063483,3.1622776601683795,3.16227766016838,inf,,inf,6.37,inf,-1,0.0686561885908444,0.0040895459947285,True
M1_dark_photon_massive,0.1,5.343777930616317,27.38419634264361,146.335064063483,3.548133892335755,3.548133892335754,inf,,inf,6.37,inf,-1,0.0660713260965044,0.0039355771497108,True
M1_dark_photon_massive,0.1,5.343777930616317,27.38419634264361,146.335064063483,3.9810717055349722,3.981071705534972,inf,,inf,6.37,inf,-1,0.0635837820559234,0.0037874051352622,True
M1_dark_photon_massive,0.1,5.343777930616317,27.38419634264361,146.335064063483,4.466835921509632,4.466835921509633,inf,,inf,6.37,inf,-1,0.0611898924902774,0.0036448117043429,True
M1_dark_photon_massive,0.1,5.343777930616317,27.38419634264361,146.335064063483,5.011872336272722,5.011872336272723,inf,,inf,6.37,inf,-1,0.0588861313672502,0.0035075868267774,True
M1_dark_photon_massive,0.1,5.343777930616317,27.38419634264361,146.335064063483,5.623413251903491,5.623413251903489,inf,,inf,6.37,inf,-1,0.0566691054074334,0.003375528379895,True
M1_dark_photon_massive,0.1,5.343777930616317,27.38419634264361,146.335064063483,6.309573444801933,6.309573444801928,inf,,inf,6.37,inf,-1,0.0545355490862628,0.0032484418508164,True
M1_dark_photon_massive,0.1,5.343777930616317,27.38419634264361,146.335064063483,7.079457843841379,7.079457843841382,inf,,inf,6.37,inf,-1,0.0524823198241287,0.003126140049951,True
M1_dark_photon_massive,0.1,5.343777930616317,27.38419634264361,146.335064063483,7.943282347242816,7.943282347242817,inf,,inf,6.37,inf,-1,0.0505063933575751,0.0030084428352785,True
M1_dark_photon_massive,0.1,5.343777930616317,27.38419634264361,146.335064063483,8.912509381337454,8.912509381337465,inf,,inf,6.37,inf,-1,0.0486048592847706,0.0028951768470131,True
M1_dark_photon_massive,0.1,5.343777930616317,27.38419634264361,146.335064063483,10.0,9.99999999999999,inf,,inf,6.37,inf,-1,0.04677491677869,0.0027861752522563,True
M1_dark_photon_massive,0.0999999999999999,5.343777930616317,31.622776601683796,168.98509570888788,0.1,0.1,inf,,inf,6.37,inf,-1,0.2598934820268538,0.0206438547476002,True
M1_dark_photon_massive,0.0999999999999999,5.343777930616317,31.622776601683796,168.98509570888788,0.11220184543019636,0.1122018454301963,inf,,inf,6.37,inf,-1,0.2501086552253232,0.0198666265476242,True
M1_dark_photon_massive,0.0999999999999999,5.343777930616317,31.622776601683796,168.98509570888788,0.12589254117941673,0.1258925411794166,inf,,inf,6.37,inf,-1,0.2406922210236733,0.019118660502523,True
M1_dark_photon_massive,0.0999999999999999,5.343777930616317,31.622776601683796,168.98509570888788,0.14125375446227545,0.1412537544622754,inf,,inf,6.37,inf,-1,0.2316303096712792,0.0183988549104954,True
M1_dark_photon_massive,0.0999999999999999,5.343777930616317,31.622776601683796,168.98509570888788,0.15848931924611134,0.1584893192461113,inf,,inf,6.37,inf,-1,0.2229095736049388,0.0177061495481228,True
M1_dark_photon_massive,0.0999999999999999,5.343777930616317,31.622776601683796,168.98509570888788,0.1778279410038923,0.1778279410038923,inf,,inf,6.37,inf,-1,0.2145171677888437,0.0170395241087342,True
M1_dark_photon_massive,0.0999999999999999,5.343777930616317,31.622776601683796,168.98509570888788,0.19952623149688797,0.1995262314968879,inf,,inf,6.37,inf,-1,0.2064407307947376,0.0163979966995657,True
M1_dark_photon_massive,0.0999999999999999,5.343777930616317,31.622776601683796,168.98509570888788,0.22387211385683395,0.223872113856834,inf,,inf,6.37,inf,-1,0.1986683665943949,0.0157806223955009,True
M1_dark_photon_massive,0.0999999999999999,5.343777930616317,31.622776601683796,168.98509570888788,0.251188643150958,0.2511886431509579,inf,,inf,6.37,inf,-1,0.191188627037601,0.015186491847262,True
M1_dark_photon_massive,0.0999999999999999,5.343777930616317,31.622776601683796,168.98509570888788,0.28183829312644537,0.2818382931264453,inf,,inf,6.37,inf,-1,0.1839904949898259,0.014614729942002,True
M1_dark_photon_massive,0.0999999999999999,5.343777930616317,31.622776601683796,168.98509570888788,0.31622776601683794,0.3162277660168379,inf,,inf,6.37,inf,-1,0.1770633681047533,0.0140644945143245,True
M1_dark_photon_massive,0.0999999999999999,5.343777930616317,31.622776601683796,168.98509570888788,0.35481338923357547,0.3548133892335753,inf,,inf,6.37,inf,-1,0.1703970432077647,0.0135349751058327,True
M1_dark_photon_massive,0.0999999999999999,5.343777930616317,31.622776601683796,168.98509570888788,0.3981071705534972,0.3981071705534972,inf,,inf,6.37,inf,-1,0.1639817012673745,0.0130253917713806,True
M1_dark_photon_massive,0.0999999999999999,5.343777930616317,31.622776601683796,168.98509570888788,0.44668359215096315,0.446683592150963,inf,,inf,6.37,inf,-1,0.1578078929324821,0.0125349939302687,True
M1_dark_photon_massive,0.0999999999999999,5.343777930616317,31.622776601683796,168.98509570888788,0.5011872336272722,0.501187233627272,inf,,inf,6.37,inf,-1,0.1518665246141367,0.0120630592606903,True
M1_dark_photon_massive,0.0999999999999999,5.343777930616317,31.622776601683796,168.98509570888788,0.5623413251903491,0.5623413251903486,inf,,inf,6.37,inf,-1,0.1461488450913152,0.0116088926358025,True
M1_dark_photon_massive,0.0999999999999999,5.343777930616317,31.622776601683796,168.98509570888788,0.6309573444801932,0.630957344480193,inf,,inf,6.37,inf,-1,0.1406464326209844,0.0111718250998527,True
M1_dark_photon_massive,0.0999999999999999,5.343777930616317,31.622776601683796,168.98509570888788,0.7079457843841379,0.7079457843841378,inf,,inf,6.37,inf,-1,0.1353511825334608,0.0107512128828532,True
M1_dark_photon_massive,0.0999999999999999,5.343777930616317,31.622776601683796,168.98509570888788,0.7943282347242815,0.7943282347242812,inf,,inf,6.37,inf,-1,0.1302552952947981,0.0103464364523529,True
M1_dark_photon_massive,0.0999999999999999,5.343777930616317,31.622776601683796,168.98509570888788,0.8912509381337456,0.8912509381337453,inf,,inf,6.37,inf,-1,0.1253512650186169,0.0099568996009099,True
M1_dark_photon_massive,0.0999999999999999,5.343777930616317,31.622776601683796,168.98509570888788,1.0,0.9999999999999992,inf,,inf,6.37,inf,-1,0.1206318684104588,0.0095820285679185,True
M1_dark_photon_massive,0.0999999999999999,5.343777930616317,31.622776601683796,168.98509570888788,1.1220184543019633,1.1220184543019638,inf,,inf,6.37,inf,-1,0.1160901541283768,0.0092212711945007,True
M1_dark_photon_massive,0.0999999999999999,5.343777930616317,31.622776601683796,168.98509570888788,1.2589254117941673,1.258925411794167,inf,,inf,6.37,inf,-1,0.1117194325440941,0.0088740961102144,True
M1_dark_photon_massive,0.0999999999999999,5.343777930616317,31.622776601683796,168.98509570888788,1.4125375446227544,1.4125375446227553,inf,,inf,6.37,inf,-1,0.1075132658896479,0.0085399919503817,True
M1_dark_photon_massive,0.0999999999999999,5.343777930616317,31.622776601683796,168.98509570888788,1.5848931924611136,1.5848931924611134,inf,,inf,6.37,inf,-1,0.1034654587750069,0.0082184666028845,True
M1_dark_photon_massive,0.0999999999999999,5.343777930616317,31.622776601683796,168.98509570888788,1.7782794100389228,1.7782794100389223,inf,,inf,6.37,inf,-1,0.0995700490626936,0.0079090464833176,True
M1_dark_photon_massive,0.0999999999999999,5.343777930616317,31.622776601683796,168.98509570888788,1.9952623149688795,1.995262314968879,inf,,inf,6.37,inf,-1,0.0958212990859715,0.0076112758374323,True
M1_dark_photon_massive,0.0999999999999999,5.343777930616317,31.622776601683796,168.98509570888788,2.2387211385683394,2.2387211385683385,inf,,inf,6.37,inf,-1,0.0922136871976633,0.0073247160698416,True
M1_dark_photon_massive,0.0999999999999999,5.343777930616317,31.622776601683796,168.98509570888788,2.51188643150958,2.511886431509579,inf,,inf,6.37,inf,-1,0.0887418996371487,0.0070489450980002,True
M1_dark_photon_massive,0.0999999999999999,5.343777930616317,31.622776601683796,168.98509570888788,2.8183829312644537,2.8183829312644537,inf,,inf,6.37,inf,-1,0.0854008227035663,0.0067835567305063,True
M1_dark_photon_massive,0.0999999999999999,5.343777930616317,31.622776601683796,168.98509570888788,3.1622776601683795,3.16227766016838,inf,,inf,6.37,inf,-1,0.0821855352236892,0.0065281600688097,True
M1_dark_photon_massive,0.0999999999999999,5.343777930616317,31.622776601683796,168.98509570888788,3.548133892335755,3.548133892335753,inf,,inf,6.37,inf,-1,0.0790913013033795,0.006282378931446,True
M1_dark_photon_massive,0.0999999999999999,5.343777930616317,31.622776601683796,168.98509570888788,3.9810717055349722,3.9810717055349736,inf,,inf,6.37,inf,-1,0.0761135633519472,0.0060458512999472,True
M1_dark_photon_massive,0.0999999999999999,5.343777930616317,31.622776601683796,168.98509570888788,4.466835921509632,4.466835921509631,inf,,inf,6.37,inf,-1,0.073247935369137,0.0058182287856139,True
M1_dark_photon_massive,0.0999999999999999,5.343777930616317,31.622776601683796,168.98509570888788,5.011872336272722,5.011872336272722,inf,,inf,6.37,inf,-1,0.0704901964848557,0.0055991761163629,True
M1_dark_photon_massive,0.0999999999999999,5.343777930616317,31.622776601683796,168.98509570888788,5.623413251903491,5.623413251903487,inf,,inf,6.37,inf,-1,0.0678362847421252,0.005388370642895,True
M1_dark_photon_massive,0.0999999999999999,5.343777930616317,31.622776601683796,168.98509570888788,6.309573444801933,6.309573444801932,inf,,inf,6.37,inf,-1,0.0652822911141033,0.0051855018634551,True
M1_dark_photon_massive,0.0999999999999999,5.343777930616317,31.622776601683796,168.98509570888788,7.079457843841379,7.079457843841375,inf,,inf,6.37,inf,-1,0.0628244537463597,0.0049902709664845,True
M1_dark_photon_massive,0.0999999999999999,5.343777930616317,31.622776601683796,168.98509570888788,7.943282347242816,7.943282347242813,inf,,inf,6.37,inf,-1,0.060459152415927,0.0048023903904925,True
M1_dark_photon_massive,0.0999999999999999,5.343777930616317,31.622776601683796,168.98509570888788,8.912509381337454,8.912509381337452,inf,,inf,6.37,inf,-1,0.0581829031989648,0.0046215834004987,True
M1_dark_photon_massive,0.0999999999999999,5.343777930616317,31.622776601683796,168.98509570888788,10.0,9.999999999999998,inf,,inf,6.37,inf,-1,0.0559923533391831,0.0044475836804209,True
M1_dark_photon_massive,0.1,5.343777930616317,36.51741272548377,195.14094420564763,0.1,0.0999999999999999,inf,,inf,6.37,inf,-1,0.3109681979559571,0.0329390738420724,True
M1_dark_photon_massive,0.1,5.343777930616317,36.51741272548377,195.14094420564763,0.11220184543019636,0.1122018454301963,inf,,inf,6.37,inf,-1,0.2992604400928002,0.0316989383448912,True
M1_dark_photon_massive,0.1,5.343777930616317,36.51741272548377,195.14094420564763,0.12589254117941673,0.1258925411794166,inf,,inf,6.37,inf,-1,0.2879934719794739,0.0305054931723605,True
M1_dark_photon_massive,0.1,5.343777930616317,36.51741272548377,195.14094420564763,0.14125375446227545,0.1412537544622754,inf,,inf,6.37,inf,-1,0.2771506981580071,0.0293569804630037,True
M1_dark_photon_massive,0.1,5.343777930616317,36.51741272548377,195.14094420564763,0.15848931924611134,0.1584893192461112,inf,,inf,6.37,inf,-1,0.2667161479790257,0.0282517085377281,True
M1_dark_photon_massive,0.1,5.343777930616317,36.51741272548377,195.14094420564763,0.1778279410038923,0.1778279410038922,inf,,inf,6.37,inf,-1,0.2566744520781007,0.0271880494080988,True
M1_dark_photon_massive,0.1,5.343777930616317,36.51741272548377,195.14094420564763,0.19952623149688797,0.1995262314968879,inf,,inf,6.37,inf,-1,0.2470108197377463,0.0261644363784261,True
M1_dark_photon_massive,0.1,5.343777930616317,36.51741272548377,195.14094420564763,0.22387211385683395,0.223872113856834,inf,,inf,6.37,inf,-1,0.2377110171017255,0.0251793617381313,True
M1_dark_photon_massive,0.1,5.343777930616317,36.51741272548377,195.14094420564763,0.251188643150958,0.2511886431509579,inf,,inf,6.37,inf,-1,0.2287613462095723,0.0242313745409947,True
M1_dark_photon_massive,0.1,5.343777930616317,36.51741272548377,195.14094420564763,0.28183829312644537,0.2818382931264451,inf,,inf,6.37,inf,-1,0.220148624820452,0.0233190784680129,True
M1_dark_photon_massive,0.1,5.343777930616317,36.51741272548377,195.14094420564763,0.31622776601683794,0.3162277660168379,inf,,inf,6.37,inf,-1,0.2118601669966397,0.0224411297707184,True
M1_dark_photon_massive,0.1,5.343777930616317,36.51741272548377,195.14094420564763,0.35481338923357547,0.3548133892335751,inf,,inf,6.37,inf,-1,0.2038837644180199,0.0215962352919317,True
M1_dark_photon_massive,0.1,5.343777930616317,36.51741272548377,195.14094420564763,0.3981071705534972,0.3981071705534971,inf,,inf,6.37,inf,-1,0.1962076684000818,0.020783150561031,True
M1_dark_photon_massive,0.1,5.343777930616317,36.51741272548377,195.14094420564763,0.44668359215096315,0.4466835921509628,inf,,inf,6.37,inf,-1,0.1888205725889271,0.0200006779609339,True
M1_dark_photon_massive,0.1,5.343777930616317,36.51741272548377,195.14094420564763,0.5011872336272722,0.5011872336272721,inf,,inf,6.37,inf,-1,0.1817115963077998,0.0192476649640912,True
M1_dark_photon_massive,0.1,5.343777930616317,36.51741272548377,195.14094420564763,0.5623413251903491,0.5623413251903487,inf,,inf,6.37,inf,-1,0.1748702685306077,0.0185230024348937,True
M1_dark_photon_massive,0.1,5.343777930616317,36.51741272548377,195.14094420564763,0.6309573444801932,0.6309573444801929,inf,,inf,6.37,inf,-1,0.1682865124588323,0.0178256229959933,True
M1_dark_photon_massive,0.1,5.343777930616317,36.51741272548377,195.14094420564763,0.7079457843841379,0.7079457843841376,inf,,inf,6.37,inf,-1,0.161950630679107,0.0171544994561303,True
M1_dark_photon_massive,0.1,5.343777930616317,36.51741272548377,195.14094420564763,0.7943282347242815,0.794328234724281,inf,,inf,6.37,inf,-1,0.1558532908796041,0.0165086432971527,True
M1_dark_photon_massive,0.1,5.343777930616317,36.51741272548377,195.14094420564763,0.8912509381337456,0.8912509381337448,inf,,inf,6.37,inf,-1,0.1499855121041906,0.0158871032179975,True
M1_dark_photon_massive,0.1,5.343777930616317,36.51741272548377,195.14094420564763,1.0,0.9999999999999994,inf,,inf,6.37,inf,-1,0.1443386515241059,0.015288963733491,True
M1_dark_photon_massive,0.1,5.343777930616317,36.51741272548377,195.14094420564763,1.1220184543019633,1.122018454301963,inf,,inf,6.37,inf,-1,0.1389043917076787,0.0147133438259027,True
M1_dark_photon_massive,0.1,5.343777930616317,36.51741272548377,195.14094420564763,1.2589254117941673,1.2589254117941668,inf,,inf,6.37,inf,-1,0.1336747283693301,0.0141593956472679,True
M1_dark_photon_massive,0.1,5.343777930616317,36.51741272548377,195.14094420564763,1.4125375446227544,1.4125375446227544,inf,,inf,6.37,inf,-1,0.1286419585798191,0.0136263032705666,True
M1_dark_photon_massive,0.1,5.343777930616317,36.51741272548377,195.14094420564763,1.5848931924611136,1.5848931924611136,inf,,inf,6.37,inf,-1,0.1237986694203659,0.0131132814879201,True
M1_dark_photon_massive,0.1,5.343777930616317,36.51741272548377,195.14094420564763,1.7782794100389228,1.7782794100389214,inf,,inf,6.37,inf,-1,0.119137727063939,0.0126195746540344,True
M1_dark_photon_massive,0.1,5.343777930616317,36.51741272548377,195.14094420564763,1.9952623149688795,1.995262314968879,inf,,inf,6.37,inf,-1,0.1146522662676262,0.0121444555731874,True
M1_dark_photon_massive,0.1,5.343777930616317,36.51741272548377,195.14094420564763,2.2387211385683394,2.238721138568339,inf,,inf,6.37,inf,-1,0.1103356802606105,0.0116872244281207,True
M1_dark_photon_massive,0.1,5.343777930616317,36.51741272548377,195.14094420564763,2.51188643150958,2.51188643150958,inf,,inf,6.37,inf,-1,0.1061816110128578,0.011247207749257,True
M1_dark_photon_massive,0.1,5.343777930616317,36.51741272548377,195.14094420564763,2.8183829312644537,2.818382931264453,inf,,inf,6.37,inf,-1,0.1021839398701818,0.0108237574227269,True
M1_dark_photon_massive,0.1,5.343777930616317,36.51741272548377,195.14094420564763,3.1622776601683795,3.1622776601683795,inf,,inf,6.37,inf,-1,0.0983367785418941,0.0104162497357422,True
M1_dark_photon_massive,0.1,5.343777930616317,36.51741272548377,195.14094420564763,3.548133892335755,3.5481338923357524,inf,,inf,6.37,inf,-1,0.0946344604277619,0.0100240844579104,True
M1_dark_photon_massive,0.1,5.343777930616317,36.51741272548377,195.14094420564763,3.9810717055349722,3.98107170553497,inf,,inf,6.37,inf,-1,0.0910715322715018,0.0096466839571374,True
M1_dark_photon_massive,0.1,5.343777930616317,36.51741272548377,195.14094420564763,4.466835921509632,4.466835921509629,inf,,inf,6.37,inf,-1,0.0876427461285135,0.0092834923488156,True
M1_dark_photon_massive,0.1,5.343777930616317,36.51741272548377,195.14094420564763,5.011872336272722,5.011872336272719,inf,,inf,6.37,inf,-1,0.0843430516360236,0.0089339746770445,True
M1_dark_photon_massive,0.1,5.343777930616317,36.51741272548377,195.14094420564763,5.623413251903491,5.623413251903488,inf,,inf,6.37,inf,-1,0.0811675885742537,0.0085976161266785,True
M1_dark_photon_massive,0.1,5.343777930616317,36.51741272548377,195.14094420564763,6.309573444801933,6.309573444801931,inf,,inf,6.37,inf,-1,0.0781116797076554,0.0082739212650393,True
M1_dark_photon_massive,0.1,5.343777930616317,36.51741272548377,195.14094420564763,7.079457843841379,7.079457843841376,inf,,inf,6.37,inf,-1,0.075170823895669,0.0079624133121791,True
M1_dark_photon_massive,0.1,5.343777930616317,36.51741272548377,195.14094420564763,7.943282347242816,7.943282347242812,inf,,inf,6.37,inf,-1,0.0723406894628575,0.007662633438616,True
M1_dark_photon_massive,0.1,5.343777930616317,36.51741272548377,195.14094420564763,8.912509381337454,8.912509381337452,inf,,inf,6.37,inf,-1,0.0696171078186505,0.007374140089511,True
M1_dark_photon_massive,0.1,5.343777930616317,36.51741272548377,195.14094420564763,10.0,9.999999999999996,inf,,inf,6.37,inf,-1,0.0669960673173016,0.0070965083342882,True
M1_dark_photon_massive,0.1,5.343777930616317,42.16965034285823,225.34524684397255,0.1,0.1,inf,,inf,6.37,inf,-1,0.3719001018910873,0.0525317300951669,True
M1_dark_photon_massive,0.1,5.343777930616317,42.16965034285823,225.34524684397255,0.11220184543019636,0.1122018454301962,inf,,inf,6.37,inf,-1,0.357898296012401,0.0505539433628592,True
M1_dark_photon_massive,0.1,5.343777930616317,42.16965034285823,225.34524684397255,0.12589254117941673,0.1258925411794166,inf,,inf,6.37,inf,-1,0.3444236493543425,0.0486506190621411,True
M1_dark_photon_massive,0.1,5.343777930616317,42.16965034285823,225.34524684397255,0.14125375446227545,0.1412537544622754,inf,,inf,6.37,inf,-1,0.3314563147024671,0.0468189537291062,True
M1_dark_photon_massive,0.1,5.343777930616317,42.16965034285823,225.34524684397255,0.15848931924611134,0.1584893192461113,inf,,inf,6.37,inf,-1,0.3189771920775213,0.0450562494485085,True
M1_dark_photon_massive,0.1,5.343777930616317,42.16965034285823,225.34524684397255,0.1778279410038923,0.1778279410038921,inf,,inf,6.37,inf,-1,0.306967900602506,0.0433599098799207,True
M1_dark_photon_massive,0.1,5.343777930616317,42.16965034285823,225.34524684397255,0.19952623149688797,0.1995262314968879,inf,,inf,6.37,inf,-1,0.2954107514289278,0.0417274364335064,True
M1_dark_photon_massive,0.1,5.343777930616317,42.16965034285823,225.34524684397255,0.22387211385683395,0.223872113856834,inf,,inf,6.37,inf,-1,0.2842887216823587,0.0401564245897713,True
M1_dark_photon_massive,0.1,5.343777930616317,42.16965034285823,225.34524684397255,0.251188643150958,0.2511886431509578,inf,,inf,6.37,inf,-1,0.2735854293889299,0.038644560357874,True
M1_dark_photon_massive,0.1,5.343777930616317,42.16965034285823,225.34524684397255,0.28183829312644537,0.2818382931264453,inf,,inf,6.37,inf,-1,0.2632851093458266,0.0371896168672788,True
M1_dark_photon_massive,0.1,5.343777930616317,42.16965034285823,225.34524684397255,0.31622776601683794,0.3162277660168378,inf,,inf,6.37,inf,-1,0.2533725899002456,0.0357894510877306,True
M1_dark_photon_massive,0.1,5.343777930616317,42.16965034285823,225.34524684397255,0.35481338923357547,0.3548133892335752,inf,,inf,6.37,inf,-1,0.2438332706026073,0.0344420006727213,True
M1_dark_photon_massive,0.1,5.343777930616317,42.16965034285823,225.34524684397255,0.3981071705534972,0.3981071705534971,inf,,inf,6.37,inf,-1,0.2346531007011138,0.0331452809217968,True
M1_dark_photon_massive,0.1,5.343777930616317,42.16965034285823,225.34524684397255,0.44668359215096315,0.4466835921509628,inf,,inf,6.37,inf,-1,0.2258185584459706,0.0318973818572317,True
M1_dark_photon_massive,0.1,5.343777930616317,42.16965034285823,225.34524684397255,0.5011872336272722,0.501187233627272,inf,,inf,6.37,inf,-1,0.2173166311727932,0.030696465410766,True
M1_dark_photon_massive,0.1,5.343777930616317,42.16965034285823,225.34524684397255,0.5623413251903491,0.5623413251903487,inf,,inf,6.37,inf,-1,0.2091347961358599,0.0295407627162579,True
M1_dark_photon_massive,0.1,5.343777930616317,42.16965034285823,225.34524684397255,0.6309573444801932,0.630957344480193,inf,,inf,6.37,inf,-1,0.2012610020629813,0.0284285715042681,True
M1_dark_photon_massive,0.1,5.343777930616317,42.16965034285823,225.34524684397255,0.7079457843841379,0.7079457843841379,inf,,inf,6.37,inf,-1,0.1936836514048171,0.0273582535947352,True
M1_dark_photon_massive,0.1,5.343777930616317,42.16965034285823,225.34524684397255,0.7943282347242815,0.7943282347242806,inf,,inf,6.37,inf,-1,0.1863915832524948,0.0263282324840512,True
M1_dark_photon_massive,0.1,5.343777930616317,42.16965034285823,225.34524684397255,0.8912509381337456,0.8912509381337453,inf,,inf,6.37,inf,-1,0.1793740568983698,0.0253369910229812,True
M1_dark_photon_massive,0.1,5.343777930616317,42.16965034285823,225.34524684397255,1.0,1.0,inf,,inf,6.37,inf,-1,0.1726207360157126,0.0243830691820087,True
M1_dark_photon_massive,0.1,5.343777930616317,42.16965034285823,225.34524684397255,1.1220184543019633,1.122018454301963,inf,,inf,6.37,inf,-1,0.1661216734340201,0.023465061900814,True
M1_dark_photon_massive,0.1,5.343777930616317,42.16965034285823,225.34524684397255,1.2589254117941673,1.2589254117941668,inf,,inf,6.37,inf,-1,0.1598672964875279,0.0225816170187183,True
M1_dark_photon_massive,0.1,5.343777930616317,42.16965034285823,225.34524684397255,1.4125375446227544,1.4125375446227542,inf,,inf,6.37,inf,-1,0.1538483929153414,0.0217314332830453,True
M1_dark_photon_massive,0.1,5.343777930616317,42.16965034285823,225.34524684397255,1.5848931924611136,1.5848931924611127,inf,,inf,6.37,inf,-1,0.1480560972924181,0.0209132584324669,True
M1_dark_photon_massive,0.1,5.343777930616317,42.16965034285823,225.34524684397255,1.7782794100389228,1.7782794100389216,inf,,inf,6.37,inf,-1,0.1424818779714149,0.0201258873525096,True
M1_dark_photon_massive,0.1,5.343777930616317,42.16965034285823,225.34524684397255,1.9952623149688795,1.9952623149688784,inf,,inf,6.37,inf,-1,0.1371175245161672,0.019368160300505,True
M1_dark_photon_massive,0.1,5.343777930616317,42.16965034285823,225.34524684397255,2.2387211385683394,2.238721138568338,inf,,inf,6.37,inf,-1,0.1319551356082887,0.0186389611973696,True
M1_dark_photon_massive,0.1,5.343777930616317,42.16965034285823,225.34524684397255,2.51188643150958,2.511886431509581,inf,,inf,6.37,inf,-1,0.1269871074090814,0.0179372159836983,True
M1_dark_photon_massive,0.1,5.343777930616317,42.16965034285823,225.34524684397255,2.8183829312644537,2.818382931264452,inf,,inf,6.37,inf,-1,0.1222061223596108,0.0172618910377498,True
M1_dark_photon_massive,0.1,5.343777930616317,42.16965034285823,225.34524684397255,3.1622776601683795,3.162277660168377,inf,,inf,6.37,inf,-1,0.1176051384024529,0.0166119916529941,True
M1_dark_photon_massive,0.1,5.343777930616317,42.16965034285823,225.34524684397255,3.548133892335755,3.5481338923357533,inf,,inf,6.37,inf,-1,0.1131773786092345,0.0159865605729787,True
M1_dark_photon_massive,0.1,5.343777930616317,42.16965034285823,225.34524684397255,3.9810717055349722,3.9810717055349687,inf,,inf,6.37,inf,-1,0.1089163211986904,0.015384676581357,True
M1_dark_photon_massive,0.1,5.343777930616317,42.16965034285823,225.34524684397255,4.466835921509632,4.46683592150963,inf,,inf,6.37,inf,-1,0.1048156899305352,0.0148054531450009,True
M1_dark_photon_massive,0.1,5.343777930616317,42.16965034285823,225.34524684397255,5.011872336272722,5.011872336272724,inf,,inf,6.37,inf,-1,0.1008694448609983,0.0142480371081992,True
M1_dark_photon_massive,0.1,5.343777930616317,42.16965034285823,225.34524684397255,5.623413251903491,5.623413251903489,inf,,inf,6.37,inf,-1,0.0970717734464092,0.0137116074360187,True
M1_dark_photon_massive,0.1,5.343777930616317,42.16965034285823,225.34524684397255,6.309573444801933,6.309573444801932,inf,,inf,6.37,inf,-1,0.0934170819817252,0.0131953740049773,True
M1_dark_photon_massive,0.1,5.343777930616317,42.16965034285823,225.34524684397255,7.079457843841379,7.079457843841374,inf,,inf,6.37,inf,-1,0.0898999873613949,0.012698576439247,True
M1_dark_photon_massive,0.1,5.343777930616317,42.16965034285823,225.34524684397255,7.943282347242816,7.943282347242811,inf,,inf,6.37,inf,-1,0.0865153091504186,0.0122204829906733,True
M1_dark_photon_massive,0.1,5.343777930616317,42.16965034285823,225.34524684397255,8.912509381337454,8.912509381337449,inf,,inf,6.37,inf,-1,0.0832580619539296,0.0117603894609616,True
M1_dark_photon_massive,0.1,5.343777930616317,42.16965034285823,225.34524684397255,10.0,9.999999999999991,inf,,inf,6.37,inf,-1,0.0801234480740551,0.0113176181644419,True
M1_dark_photon_massive,0.0999999999999999,5.343777930616317,48.69675251658631,260.2246313908185,0.1,0.0999999999999999,inf,,inf,6.37,inf,-1,0.4445384698965058,0.0837345628196365,True
M1_dark_photon_massive,0.0999999999999999,5.343777930616317,48.69675251658631,260.2246313908185,0.11220184543019636,0.1122018454301962,inf,,inf,6.37,inf,-1,0.4278018749629502,0.0805820089806473,True
M1_dark_photon_massive,0.0999999999999999,5.343777930616317,48.69675251658631,260.2246313908185,0.12589254117941673,0.1258925411794166,inf,,inf,6.37,inf,-1,0.4116954023448719,0.0775481468189423,True
M1_dark_photon_massive,0.0999999999999999,5.343777930616317,48.69675251658631,260.2246313908185,0.14125375446227545,0.1412537544622754,inf,,inf,6.37,inf,-1,0.3961953283318006,0.0746285076672201,True
M1_dark_photon_massive,0.0999999999999999,5.343777930616317,48.69675251658631,260.2246313908185,0.15848931924611134,0.1584893192461111,inf,,inf,6.37,inf,-1,0.3812788223961047,0.0718187911007038,True
M1_dark_photon_massive,0.0999999999999999,5.343777930616317,48.69675251658631,260.2246313908185,0.1778279410038923,0.1778279410038922,inf,,inf,6.37,inf,-1,0.3669239135652169,0.0691148586029158,True
M1_dark_photon_massive,0.0999999999999999,5.343777930616317,48.69675251658631,260.2246313908185,0.19952623149688797,0.1995262314968878,inf,,inf,6.37,inf,-1,0.3531094580599246,0.0665127274699313,True
M1_dark_photon_massive,0.0999999999999999,5.343777930616317,48.69675251658631,260.2246313908185,0.22387211385683395,0.2238721138568337,inf,,inf,6.37,inf,-1,0.339815108151058,0.0640085649441337,True
M1_dark_photon_massive,0.0999999999999999,5.343777930616317,48.69675251658631,260.2246313908185,0.251188643150958,0.2511886431509578,inf,,inf,6.37,inf,-1,0.3270212821887049,0.0615986825688299,True
M1_dark_photon_massive,0.0999999999999999,5.343777930616317,48.69675251658631,260.2246313908185,0.28183829312644537,0.2818382931264453,inf,,inf,6.37,inf,-1,0.3147091357598063,0.0592795307554104,True
M1_dark_photon_massive,0.0999999999999999,5.343777930616317,48.69675251658631,260.2246313908185,0.31622776601683794,0.3162277660168376,inf,,inf,6.37,inf,-1,0.3028605339316507,0.057047693555054,True
M1_dark_photon_massive,0.0999999999999999,5.343777930616317,48.69675251658631,260.2246313908185,0.35481338923357547,0.3548133892335754,inf,,inf,6.37,inf,-1,0.2914580245403836,0.0548998836272724,True
M1_dark_photon_massive,0.0999999999999999,5.343777930616317,48.69675251658631,260.2246313908185,0.3981071705534972,0.3981071705534972,inf,,inf,6.37,inf,-1,0.2804848124851876,0.0528329373978878,True
M1_dark_photon_massive,0.0999999999999999,5.343777930616317,48.69675251658631,260.2246313908185,0.44668359215096315,0.446683592150963,inf,,inf,6.37,inf,-1,0.2699247349902707,0.0508438103993083,True
M1_dark_photon_massive,0.0999999999999999,5.343777930616317,48.69675251658631,260.2246313908185,0.5011872336272722,0.5011872336272722,inf,,inf,6.37,inf,-1,0.2597622377982251,0.04892957278624,True
M1_dark_photon_massive,0.0999999999999999,5.343777930616317,48.69675251658631,260.2246313908185,0.5623413251903491,0.562341325190349,inf,,inf,6.37,inf,-1,0.2499823522596911,0.0470874050202289,True
M1_dark_photon_massive,0.0999999999999999,5.343777930616317,48.69675251658631,260.2246313908185,0.6309573444801932,0.6309573444801931,inf,,inf,6.37,inf,-1,0.2405706732855814,0.0453145937166778,True
M1_dark_photon_massive,0.0999999999999999,5.343777930616317,48.69675251658631,260.2246313908185,0.7079457843841379,0.7079457843841372,inf,,inf,6.37,inf,-1,0.2315133381293892,0.0436085276482198,True
M1_dark_photon_massive,0.0999999999999999,5.343777930616317,48.69675251658631,260.2246313908185,0.7943282347242815,0.7943282347242805,inf,,inf,6.37,inf,-1,0.2227970059683302,0.0419666938985626,True
M1_dark_photon_massive,0.0999999999999999,5.343777930616317,48.69675251658631,260.2246313908185,0.8912509381337456,0.8912509381337449,inf,,inf,6.37,inf,-1,0.2144088382532412,0.0403866741611386,True
M1_dark_photon_massive,0.0999999999999999,5.343777930616317,48.69675251658631,260.2246313908185,1.0,0.9999999999999992,inf,,inf,6.37,inf,-1,0.2063364797982932,0.0388661411771072,True
M1_dark_photon_massive,0.0999999999999999,5.343777930616317,48.69675251658631,260.2246313908185,1.1220184543019633,1.1220184543019622,inf,,inf,6.37,inf,-1,0.198568040582664,0.0374028553074657,True
M1_dark_photon_massive,0.0999999999999999,5.343777930616317,48.69675251658631,260.2246313908185,1.2589254117941673,1.2589254117941666,inf,,inf,6.37,inf,-1,0.1910920782373677,0.0359946612342167,True
M1_dark_photon_massive,0.0999999999999999,5.343777930616317,48.69675251658631,260.2246313908185,1.4125375446227544,1.4125375446227546,inf,,inf,6.37,inf,-1,0.1838975811914434,0.0346394847857354,True
M1_dark_photon_massive,0.0999999999999999,5.343777930616317,48.69675251658631,260.2246313908185,1.5848931924611136,1.5848931924611125,inf,,inf,6.37,inf,-1,0.1769739524526789,0.0333353298816595,True
M1_dark_photon_massive,0.0999999999999999,5.343777930616317,48.69675251658631,260.2246313908185,1.7782794100389228,1.778279410038922,inf,,inf,6.37,inf,-1,0.1703109939989811,0.032080275592802,True
M1_dark_photon_massive,0.0999999999999999,5.343777930616317,48.69675251658631,260.2246313908185,1.9952623149688795,1.99526231496888,inf,,inf,6.37,inf,-1,0.1638988917574005,0.0308724733117563,True
M1_dark_photon_massive,0.0999999999999999,5.343777930616317,48.69675251658631,260.2246313908185,2.2387211385683394,2.2387211385683408,inf,,inf,6.37,inf,-1,0.1577282011486869,0.0297101440300269,True
M1_dark_photon_massive,0.0999999999999999,5.343777930616317,48.69675251658631,260.2246313908185,2.51188643150958,2.51188643150958,inf,,inf,6.37,inf,-1,0.1517898331760826,0.0285915757176739,True
M1_dark_photon_massive,0.0999999999999999,5.343777930616317,48.69675251658631,260.2246313908185,2.8183829312644537,2.818382931264452,inf,,inf,6.37,inf,-1,0.1460750410378644,0.0275151208016118,True
M1_dark_photon_massive,0.0999999999999999,5.343777930616317,48.69675251658631,260.2246313908185,3.1622776601683795,3.162277660168376,inf,,inf,6.37,inf,-1,0.1405754072439154,0.0264791937388502,True
M1_dark_photon_massive,0.0999999999999999,5.343777930616317,48.69675251658631,260.2246313908185,3.548133892335755,3.5481338923357515,inf,,inf,6.37,inf,-1,0.1352828312173484,0.0254822686810988,True
M1_dark_photon_massive,0.0999999999999999,5.343777930616317,48.69675251658631,260.2246313908185,3.9810717055349722,3.981071705534968,inf,,inf,6.37,inf,-1,0.1301895173629221,0.0245228772272999,True
M1_dark_photon_massive,0.0999999999999999,5.343777930616317,48.69675251658631,260.2246313908185,4.466835921509632,4.466835921509629,inf,,inf,6.37,inf,-1,0.1252879635846729,0.0235996062607754,True
M1_dark_photon_massive,0.0999999999999999,5.343777930616317,48.69675251658631,260.2246313908185,5.011872336272722,5.011872336272723,inf,,inf,6.37,inf,-1,0.1205709502358508,0.0227110958678055,True
M1_dark_photon_massive,0.0999999999999999,5.343777930616317,48.69675251658631,260.2246313908185,5.623413251903491,5.623413251903485,inf,,inf,6.37,inf,-1,0.1160315294848838,0.0218560373345697,True
M1_dark_photon_massive,0.0999999999999999,5.343777930616317,48.69675251658631,260.2246313908185,6.309573444801933,6.309573444801932,inf,,inf,6.37,inf,-1,0.1116630150817062,0.0210331712195031,True
M1_dark_photon_massive,0.0999999999999999,5.343777930616317,48.69675251658631,260.2246313908185,7.079457843841379,7.07945784384138,inf,,inf,6.37,inf,-1,0.1074589725093792,0.0202412854982271,True
M1_dark_photon_massive,0.0999999999999999,5.343777930616317,48.69675251658631,260.2246313908185,7.943282347242816,7.943282347242806,inf,,inf,6.37,inf,-1,0.1034132095064961,0.0194792137783214,True
M1_dark_photon_massive,0.0999999999999999,5.343777930616317,48.69675251658631,260.2246313908185,8.912509381337454,8.912509381337449,inf,,inf,6.37,inf,-1,0.0995197669464133,0.0187458335813098,True
M1_dark_photon_massive,0.0999999999999999,5.343777930616317,48.69675251658631,260.2246313908185,10.0,9.999999999999996,inf,,inf,6.37,inf,-1,0.0957729100598726,0.0180400646893279,True
M1_dark_photon_massive,0.1,5.343777930616317,56.23413251903491,300.5027163025721,0.1,0.0999999999999999,inf,,inf,6.37,inf,-1,0.5310629323133033,0.1333955665881026,True
M1_dark_photon_massive,0.1,5.343777930616317,56.23413251903491,300.5027163025721,0.11220184543019636,0.1122018454301963,inf,,inf,6.37,inf,-1,0.5110687455685131,0.1283733070647885,True
M1_dark_photon_massive,0.1,5.343777930616317,56.23413251903491,300.5027163025721,0.12589254117941673,0.1258925411794167,inf,,inf,6.37,inf,-1,0.4918273274303439,0.1235401324665934,True
M1_dark_photon_massive,0.1,5.343777930616317,56.23413251903491,300.5027163025721,0.14125375446227545,0.1412537544622753,inf,,inf,6.37,inf,-1,0.4733103366322894,0.118888923864529,True
M1_dark_photon_massive,0.1,5.343777930616317,56.23413251903491,300.5027163025721,0.15848931924611134,0.1584893192461112,inf,,inf,6.37,inf,-1,0.4554904989387739,0.1144128303528241,True
M1_dark_photon_massive,0.1,5.343777930616317,56.23413251903491,300.5027163025721,0.1778279410038923,0.1778279410038922,inf,,inf,6.37,inf,-1,0.4383415669721069,0.1101052589580185,True
M1_dark_photon_massive,0.1,5.343777930616317,56.23413251903491,300.5027163025721,0.19952623149688797,0.1995262314968879,inf,,inf,6.37,inf,-1,0.4218382815519268,0.1059598649279729,True
M1_dark_photon_massive,0.1,5.343777930616317,56.23413251903491,300.5027163025721,0.22387211385683395,0.2238721138568339,inf,,inf,6.37,inf,-1,0.40595633449019,0.1019705423864916,True
M1_dark_photon_massive,0.1,5.343777930616317,56.23413251903491,300.5027163025721,0.251188643150958,0.2511886431509578,inf,,inf,6.37,inf,-1,0.3906723327869063,0.098131415339793,True
M1_dark_photon_massive,0.1,5.343777930616317,56.23413251903491,300.5027163025721,0.28183829312644537,0.2818382931264451,inf,,inf,6.37,inf,-1,0.3759637641738819,0.0944368290215808,True
M1_dark_photon_massive,0.1,5.343777930616317,56.23413251903491,300.5027163025721,0.31622776601683794,0.3162277660168377,inf,,inf,6.37,inf,-1,0.3618089639557185,0.0908813415639675,True
M1_dark_photon_massive,0.1,5.343777930616317,56.23413251903491,300.5027163025721,0.35481338923357547,0.3548133892335754,inf,,inf,6.37,inf,-1,0.3481870830992291,0.0874597159819827,True
M1_dark_photon_massive,0.1,5.343777930616317,56.23413251903491,300.5027163025721,0.3981071705534972,0.3981071705534971,inf,,inf,6.37,inf,-1,0.3350780575242664,0.08416691245986,True
M1_dark_photon_massive,0.1,5.343777930616317,56.23413251903491,300.5027163025721,0.44668359215096315,0.4466835921509626,inf,,inf,6.37,inf,-1,0.3224625785507326,0.0809980809277394,True
M1_dark_photon_massive,0.1,5.343777930616317,56.23413251903491,300.5027163025721,0.5011872336272722,0.5011872336272717,inf,,inf,6.37,inf,-1,0.3103220644582404,0.077948553917853,True
M1_dark_photon_massive,0.1,5.343777930616317,56.23413251903491,300.5027163025721,0.5623413251903491,0.5623413251903487,inf,,inf,6.37,inf,-1,0.2986386331165356,0.0750138396896711,True
M1_dark_photon_massive,0.1,5.343777930616317,56.23413251903491,300.5027163025721,0.6309573444801932,0.6309573444801932,inf,,inf,6.37,inf,-1,0.287395075646367,0.0721896156138807,True
M1_dark_photon_massive,0.1,5.343777930616317,56.23413251903491,300.5027163025721,0.7079457843841379,0.7079457843841376,inf,,inf,6.37,inf,-1,0.2765748310720073,0.0694717218054554,True
M1_dark_photon_massive,0.1,5.343777930616317,56.23413251903491,300.5027163025721,0.7943282347242815,0.7943282347242813,inf,,inf,6.37,inf,-1,0.2661619619280918,0.0668561549964337,True
M1_dark_photon_massive,0.1,5.343777930616317,56.23413251903491,300.5027163025721,0.8912509381337456,0.8912509381337453,inf,,inf,6.37,inf,-1,0.2561411307848433,0.0643390626393857,True
M1_dark_photon_massive,0.1,5.343777930616317,56.23413251903491,300.5027163025721,1.0,0.9999999999999996,inf,,inf,6.37,inf,-1,0.2464975776571087,0.0619167372328787,True
M1_dark_photon_massive,0.1,5.343777930616317,56.23413251903491,300.5027163025721,1.1220184543019633,1.1220184543019631,inf,,inf,6.37,inf,-1,0.2372170982639301,0.0595856108605866,True
M1_dark_photon_massive,0.1,5.343777930616317,56.23413251903491,300.5027163025721,1.2589254117941673,1.2589254117941664,inf,,inf,6.37,inf,-1,0.2282860231066301,0.0573422499359983,True
M1_dark_photon_massive,0.1,5.343777930616317,56.23413251903491,300.5027163025721,1.4125375446227544,1.4125375446227533,inf,,inf,6.37,inf,-1,0.2196911973345939,0.0551833501449837,True
M1_dark_photon_massive,0.1,5.343777930616317,56.23413251903491,300.5027163025721,1.5848931924611136,1.5848931924611136,inf,,inf,6.37,inf,-1,0.2114199613690925,0.0531057315787701,True
M1_dark_photon_massive,0.1,5.343777930616317,56.23413251903491,300.5027163025721,1.7782794100389228,1.7782794100389214,inf,,inf,6.37,inf,-1,0.2034601322566059,0.0511063340501582,True
M1_dark_photon_massive,0.1,5.343777930616317,56.23413251903491,300.5027163025721,1.9952623149688795,1.9952623149688795,inf,,inf,6.37,inf,-1,0.1957999857241827,0.0491822125860797,True
M1_dark_photon_massive,0.1,5.343777930616317,56.23413251903491,300.5027163025721,2.2387211385683394,2.238721138568339,inf,,inf,6.37,inf,-1,0.188428238910404,0.0473305330898578,True
M1_dark_photon_massive,0.1,5.343777930616317,56.23413251903491,300.5027163025721,2.51188643150958,2.511886431509578,inf,,inf,6.37,inf,-1,0.181334033746516,0.0455485681667801,True
M1_dark_photon_massive,0.1,5.343777930616317,56.23413251903491,300.5027163025721,2.8183829312644537,2.8183829312644524,inf,,inf,6.37,inf,-1,0.1745069209632518,0.0438336931068368,True
M1_dark_photon_massive,0.1,5.343777930616317,56.23413251903491,300.5027163025721,3.1622776601683795,3.162277660168378,inf,,inf,6.37,inf,-1,0.1679368446997871,0.042183382018706,True
M1_dark_photon_massive,0.1,5.343777930616317,56.23413251903491,300.5027163025721,3.548133892335755,3.5481338923357506,inf,,inf,6.37,inf,-1,0.1616141276921587,0.0405952041092916,True
M1_dark_photon_massive,0.1,5.343777930616317,56.23413251903491,300.5027163025721,3.9810717055349722,3.9810717055349705,inf,,inf,6.37,inf,-1,0.1555294570193295,0.039066820103335,True
M1_dark_photon_massive,0.1,5.343777930616317,56.23413251903491,300.5027163025721,4.466835921509632,4.466835921509629,inf,,inf,6.37,inf,-1,0.1496738703859064,0.0375959787978259,True
M1_dark_photon_massive,0.1,5.343777930616317,56.23413251903491,300.5027163025721,5.011872336272722,5.011872336272721,inf,,inf,6.37,inf,-1,0.1440387429213033,0.036180513746137,True
M1_dark_photon_massive,0.1,5.343777930616317,56.23413251903491,300.5027163025721,5.623413251903491,5.623413251903489,inf,,inf,6.37,inf,-1,0.1386157744759095,0.0348183400669996,True
M1_dark_photon_massive,0.1,5.343777930616317,56.23413251903491,300.5027163025721,6.309573444801933,6.309573444801927,inf,,inf,6.37,inf,-1,0.1333969773955477,0.0335074513736187,True
M1_dark_photon_massive,0.1,5.343777930616317,56.23413251903491,300.5027163025721,7.079457843841379,7.079457843841375,inf,,inf,6.37,inf,-1,0.128374664756217,0.0322459168184055,True
M1_dark_photon_massive,0.1,5.343777930616317,56.23413251903491,300.5027163025721,7.943282347242816,7.943282347242811,inf,,inf,6.37,inf,-1,0.12354143904179,0.0310318782489732,True
M1_dark_photon_massive,0.1,5.343777930616317,56.23413251903491,300.5027163025721,8.912509381337454,8.91250938133745,inf,,inf,6.37,inf,-1,0.1188901812479879,0.0298635474712085,True
M1_dark_photon_massive,0.1,5.343777930616317,56.23413251903491,300.5027163025721,10.0,9.999999999999991,inf,,inf,6.37,inf,-1,0.1144140403965835,0.0287392036153866,True
M1_dark_photon_massive,0.1,5.343777930616317,64.93816315762113,347.0151231364574,0.1,0.1,inf,,inf,6.37,inf,-1,0.6340369108799362,0.2123782061578954,True
M1_dark_photon_massive,0.1,5.343777930616317,64.93816315762113,347.0151231364574,0.11220184543019636,0.1122018454301963,inf,,inf,6.37,inf,-1,0.6101658183448158,0.204382299729353,True
M1_dark_photon_massive,0.1,5.343777930616317,64.93816315762113,347.0151231364574,0.12589254117941673,0.1258925411794167,inf,,inf,6.37,inf,-1,0.5871934574908357,0.1966874341692248,True
M1_dark_photon_massive,0.1,5.343777930616317,64.93816315762113,347.0151231364574,0.14125375446227545,0.1412537544622752,inf,,inf,6.37,inf,-1,0.5650859916331652,0.1892822754773863,True
M1_dark_photon_massive,0.1,5.343777930616317,64.93816315762113,347.0151231364574,0.15848931924611134,0.1584893192461113,inf,,inf,6.37,inf,-1,0.5438108580169616,0.1821559163717183,True
M1_dark_photon_massive,0.1,5.343777930616317,64.93816315762113,347.0151231364574,0.1778279410038923,0.1778279410038923,inf,,inf,6.37,inf,-1,0.523336719854705,0.1752978602224409,True
M1_dark_photon_massive,0.1,5.343777930616317,64.93816315762113,347.0151231364574,0.19952623149688797,0.1995262314968879,inf,,inf,6.37,inf,-1,0.5036334201692964,0.1686980055913106,True
M1_dark_photon_massive,0.1,5.343777930616317,64.93816315762113,347.0151231364574,0.22387211385683395,0.223872113856834,inf,,inf,6.37,inf,-1,0.4846719373749341,0.162346631352906,True
M1_dark_photon_massive,0.1,5.343777930616317,64.93816315762113,347.0151231364574,0.251188643150958,0.2511886431509578,inf,,inf,6.37,inf,-1,0.466424342530343,0.1562343823760887,True
M1_dark_photon_massive,0.1,5.343777930616317,64.93816315762113,347.0151231364574,0.28183829312644537,0.2818382931264454,inf,,inf,6.37,inf,-1,0.4488637582013922,0.1503522557445474,True
M1_dark_photon_massive,0.1,5.343777930616317,64.93816315762113,347.0151231364574,0.31622776601683794,0.3162277660168378,inf,,inf,6.37,inf,-1,0.43196431887251,0.1446915874961308,True
M1_dark_photon_massive,0.1,5.343777930616317,64.93816315762113,347.0151231364574,0.35481338923357547,0.3548133892335749,inf,,inf,6.37,inf,-1,0.4157011328485837,0.1392440398614353,True
M1_dark_photon_massive,0.1,5.343777930616317,64.93816315762113,347.0151231364574,0.3981071705534972,0.3981071705534972,inf,,inf,6.37,inf,-1,0.4000502455912295,0.1340015889828527,True
M1_dark_photon_massive,0.1,5.343777930616317,64.93816315762113,347.0151231364574,0.44668359215096315,0.446683592150963,inf,,inf,6.37,inf,-1,0.3849886044354289,0.1289565130959875,True
M1_dark_photon_massive,0.1,5.343777930616317,64.93816315762113,347.0151231364574,0.5011872336272722,0.5011872336272722,inf,,inf,6.37,inf,-1,0.3704940246345609,0.1241013811560369,True
M1_dark_photon_massive,0.1,5.343777930616317,64.93816315762113,347.0151231364574,0.5623413251903491,0.562341325190349,inf,,inf,6.37,inf,-1,0.3565451566838186,0.11942904189238,True
M1_dark_photon_massive,0.1,5.343777930616317,64.93816315762113,347.0151231364574,0.6309573444801932,0.6309573444801929,inf,,inf,6.37,inf,-1,0.3431214548738775,0.1149326132752555,True
M1_dark_photon_massive,0.1,5.343777930616317,64.93816315762113,347.0151231364574,0.7079457843841379,0.707945784384138,inf,,inf,6.37,inf,-1,0.3302031470284994,0.1106054723790114,True
M1_dark_photon_massive,0.1,5.343777930616317,64.93816315762113,347.0151231364574,0.7943282347242815,0.7943282347242814,inf,,inf,6.37,inf,-1,0.3177712053814966,0.1064412456269981,True
M1_dark_photon_massive,0.1,5.343777930616317,64.93816315762113,347.0151231364574,0.8912509381337456,0.8912509381337453,inf,,inf,6.37,inf,-1,0.3058073185501589,0.1024337994037344,True
M1_dark_photon_massive,0.1,5.343777930616317,64.93816315762113,347.0151231364574,1.0,0.9999999999999994,inf,,inf,6.37,inf,-1,0.2942938645638653,0.09857723102052,True
M1_dark_photon_massive,0.1,5.343777930616317,64.93816315762113,347.0151231364574,1.1220184543019633,1.1220184543019636,inf,,inf,6.37,inf,-1,0.2832138849081499,0.0948658600211865,True
M1_dark_photon_massive,0.1,5.343777930616317,64.93816315762113,347.0151231364574,1.2589254117941673,1.2589254117941666,inf,,inf,6.37,inf,-1,0.2725510595459943,0.0912942198151822,True
M1_dark_photon_massive,0.1,5.343777930616317,64.93816315762113,347.0151231364574,1.4125375446227544,1.4125375446227544,inf,,inf,6.37,inf,-1,0.2622896828795503,0.0878570496256654,True
M1_dark_photon_massive,0.1,5.343777930616317,64.93816315762113,347.0151231364574,1.5848931924611136,1.5848931924611127,inf,,inf,6.37,inf,-1,0.2524146406168913,0.084549286740747,True
M1_dark_photon_massive,0.1,5.343777930616317,64.93816315762113,347.0151231364574,1.7782794100389228,1.7782794100389216,inf,,inf,6.37,inf,-1,0.2429113875097138,0.0813660590564695,True
M1_dark_photon_massive,0.1,5.343777930616317,64.93816315762113,347.0151231364574,1.9952623149688795,1.9952623149688795,inf,,inf,6.37,inf,-1,0.2337659259292019,0.0783026779005373,True
M1_dark_photon_massive,0.1,5.343777930616317,64.93816315762113,347.0151231364574,2.2387211385683394,2.238721138568336,inf,,inf,6.37,inf,-1,0.2249647852484966,0.0753546311262298,True
M1_dark_photon_massive,0.1,5.343777930616317,64.93816315762113,347.0151231364574,2.51188643150958,2.511886431509581,inf,,inf,6.37,inf,-1,0.2164950020014022,0.0725175764663242,True
M1_dark_photon_massive,0.1,5.343777930616317,64.93816315762113,347.0151231364574,2.8183829312644537,2.8183829312644533,inf,,inf,6.37,inf,-1,0.2083441007881048,0.0697873351372384,True
M1_dark_photon_massive,0.1,5.343777930616317,64.93816315762113,347.0151231364574,3.1622776601683795,3.1622776601683777,inf,,inf,6.37,inf,-1,0.2005000758997792,0.0671598856839747,True
M1_dark_photon_massive,0.1,5.343777930616317,64.93816315762113,347.0151231364574,3.548133892335755,3.5481338923357524,inf,,inf,6.37,inf,-1,0.1929513736350168,0.0646313580567971,True
M1_dark_photon_massive,0.1,5.343777930616317,64.93816315762113,347.0151231364574,3.9810717055349722,3.9810717055349705,inf,,inf,6.37,inf,-1,0.1856868752820301,0.0621980279109178,True
M1_dark_photon_massive,0.1,5.343777930616317,64.93816315762113,347.0151231364574,4.466835921509632,4.466835921509631,inf,,inf,6.37,inf,-1,0.1786958807415654,0.0598563111207975,True
M1_dark_photon_massive,0.1,5.343777930616317,64.93816315762113,347.0151231364574,5.011872336272722,5.011872336272722,inf,,inf,6.37,inf,-1,0.1719680927664036,0.0576027585009784,True
M1_dark_photon_massive,0.1,5.343777930616317,64.93816315762113,347.0151231364574,5.623413251903491,5.6234132519034885,inf,,inf,6.37,inf,-1,0.1654936017942331,0.0554340507256744,True
M1_dark_photon_massive,0.1,5.343777930616317,64.93816315762113,347.0151231364574,6.309573444801933,6.309573444801928,inf,,inf,6.37,inf,-1,0.1592628713515561,0.0533469934396362,True
M1_dark_photon_massive,0.1,5.343777930616317,64.93816315762113,347.0151231364574,7.079457843841379,7.079457843841378,inf,,inf,6.37,inf,-1,0.1532667240071282,0.0513385125530886,True
M1_dark_photon_massive,0.1,5.343777930616317,64.93816315762113,347.0151231364574,7.943282347242816,7.943282347242817,inf,,inf,6.37,inf,-1,0.1474963278542427,0.0494056497138109,True
M1_dark_photon_massive,0.1,5.343777930616317,64.93816315762113,347.0151231364574,8.912509381337454,8.912509381337452,inf,,inf,6.37,inf,-1,0.1419431835019483,0.0475455579496905,True
M1_dark_photon_massive,0.1,5.343777930616317,64.93816315762113,347.0151231364574,10.0,9.999999999999991,inf,,inf,6.37,inf,-1,0.1365991115560388,0.0457554974753313,True
M1_dark_photon_massive,0.0999999999999999,5.343777930616317,74.98942093324558,400.726812612775,0.1,0.0999999999999999,inf,,inf,6.37,inf,-1,0.7564676228115376,0.3378981014526778,True
M1_dark_photon_massive,0.0999999999999999,5.343777930616317,74.98942093324558,400.726812612775,0.11220184543019636,0.1122018454301963,inf,,inf,6.37,inf,-1,0.7279870906625562,0.3251764495917094,True
M1_dark_photon_massive,0.0999999999999999,5.343777930616317,74.98942093324558,400.726812612775,0.12589254117941673,0.1258925411794167,inf,,inf,6.37,inf,-1,0.700578832708833,0.312933759954488,True
M1_dark_photon_massive,0.0999999999999999,5.343777930616317,74.98942093324558,400.726812612775,0.14125375446227545,0.1412537544622754,inf,,inf,6.37,inf,-1,0.6742024784985872,0.3011519999133106,True
M1_dark_photon_massive,0.0999999999999999,5.343777930616317,74.98942093324558,400.726812612775,0.15848931924611134,0.1584893192461112,inf,,inf,6.37,inf,-1,0.6488191775022594,0.2898138157576116,True
M1_dark_photon_massive,0.0999999999999999,5.343777930616317,74.98942093324558,400.726812612775,0.1778279410038923,0.1778279410038922,inf,,inf,6.37,inf,-1,0.6243915418883919,0.2789025071331578,True
M1_dark_photon_massive,0.0999999999999999,5.343777930616317,74.98942093324558,400.726812612775,0.19952623149688797,0.199526231496888,inf,,inf,6.37,inf,-1,0.6008835914539622,0.2684020024435917,True
M1_dark_photon_massive,0.0999999999999999,5.343777930616317,74.98942093324558,400.726812612775,0.22387211385683395,0.2238721138568339,inf,,inf,6.37,inf,-1,0.5782607006280537,0.2582968351780918,True
M1_dark_photon_massive,0.0999999999999999,5.343777930616317,74.98942093324558,400.726812612775,0.251188643150958,0.2511886431509579,inf,,inf,6.37,inf,-1,0.5564895474708051,0.2485721211302805,True
M1_dark_photon_massive,0.0999999999999999,5.343777930616317,74.98942093324558,400.726812612775,0.28183829312644537,0.2818382931264452,inf,,inf,6.37,inf,-1,0.5355380645925181,0.239213536474827,True
M1_dark_photon_massive,0.0999999999999999,5.343777930616317,74.98942093324558,400.726812612775,0.31622776601683794,0.3162277660168376,inf,,inf,6.37,inf,-1,0.5153753919206299,0.2302072966694518,True
M1_dark_photon_massive,0.0999999999999999,5.343777930616317,74.98942093324558,400.726812612775,0.35481338923357547,0.3548133892335753,inf,,inf,6.37,inf,-1,0.4959718312449785,0.2215401361512575,True
M1_dark_photon_massive,0.0999999999999999,5.343777930616317,74.98942093324558,400.726812612775,0.3981071705534972,0.398107170553497,inf,,inf,6.37,inf,-1,0.4772988024744122,0.2131992887974805,True
M1_dark_photon_massive,0.0999999999999999,5.343777930616317,74.98942093324558,400.726812612775,0.44668359215096315,0.4466835921509627,inf,,inf,6.37,inf,-1,0.4593288015403081,0.2051724691218823,True
M1_dark_photon_massive,0.0999999999999999,5.343777930616317,74.98942093324558,400.726812612775,0.5011872336272722,0.5011872336272721,inf,,inf,6.37,inf,-1,0.4420353598849988,0.197447854179086,True
M1_dark_photon_massive,0.0999999999999999,5.343777930616317,74.98942093324558,400.726812612775,0.5623413251903491,0.562341325190349,inf,,inf,6.37,inf,-1,0.4253930054754332,0.1900140661502019,True
M1_dark_photon_massive,0.0999999999999999,5.343777930616317,74.98942093324558,400.726812612775,0.6309573444801932,0.6309573444801927,inf,,inf,6.37,inf,-1,0.4093772252846486,0.1828601555840946,True
M1_dark_photon_massive,0.0999999999999999,5.343777930616317,74.98942093324558,400.726812612775,0.7079457843841379,0.7079457843841371,inf,,inf,6.37,inf,-1,0.393964429185793,0.1759755852696053,True
M1_dark_photon_massive,0.0999999999999999,5.343777930616317,74.98942093324558,400.726812612775,0.7943282347242815,0.7943282347242812,inf,,inf,6.37,inf,-1,0.3791319152055133,0.169350214714975,True
M1_dark_photon_massive,0.0999999999999999,5.343777930616317,74.98942093324558,400.726812612775,0.8912509381337456,0.8912509381337455,inf,,inf,6.37,inf,-1,0.3648578360855328,0.162974285211607,True
M1_dark_photon_massive,0.0999999999999999,5.343777930616317,74.98942093324558,400.726812612775,1.0,0.9999999999999986,inf,,inf,6.37,inf,-1,0.3511211671031636,0.1568384054601707,True
M1_dark_photon_massive,0.0999999999999999,5.343777930616317,74.98942093324558,400.726812612775,1.1220184543019633,1.122018454301963,inf,,inf,6.37,inf,-1,0.3379016751033575,0.1509335377378727,True
M1_dark_photon_massive,0.0999999999999999,5.343777930616317,74.98942093324558,400.726812612775,1.2589254117941673,1.2589254117941668,inf,,inf,6.37,inf,-1,0.3251798886966794,0.1452509845865213,True
M1_dark_photon_massive,0.0999999999999999,5.343777930616317,74.98942093324558,400.726812612775,1.4125375446227544,1.4125375446227544,inf,,inf,6.37,inf,-1,0.3129370695793101,0.1397823760017779,True
M1_dark_photon_massive,0.0999999999999999,5.343777930616317,74.98942093324558,400.726812612775,1.5848931924611136,1.5848931924611132,inf,,inf,6.37,inf,-1,0.3011551849328314,0.1345196571047241,True
M1_dark_photon_massive,0.0999999999999999,5.343777930616317,74.98942093324558,400.726812612775,1.7782794100389228,1.778279410038923,inf,,inf,6.37,inf,-1,0.2898168808631425,0.1294550762775873,True
M1_dark_photon_massive,0.0999999999999999,5.343777930616317,74.98942093324558,400.726812612775,1.9952623149688795,1.9952623149688784,inf,,inf,6.37,inf,-1,0.2789054568393854,0.1245811737461485,True
M1_dark_photon_massive,0.0999999999999999,5.343777930616317,74.98942093324558,400.726812612775,2.2387211385683394,2.2387211385683363,inf,,inf,6.37,inf,-1,0.2684048410952276,0.1198907705920151,True
M1_dark_photon_massive,0.0999999999999999,5.343777930616317,74.98942093324558,400.726812612775,2.51188643150958,2.511886431509581,inf,,inf,6.37,inf,-1,0.2582995669562717,0.1153769581785753,True
M1_dark_photon_massive,0.0999999999999999,5.343777930616317,74.98942093324558,400.726812612775,2.8183829312644537,2.8183829312644524,inf,,inf,6.37,inf,-1,0.2485747500587231,0.111033087975058,True
M1_dark_photon_massive,0.0999999999999999,5.343777930616317,74.98942093324558,400.726812612775,3.1622776601683795,3.162277660168378,inf,,inf,6.37,inf,-1,0.2392160664257605,0.1068527617637112,True
M1_dark_photon_massive,0.0999999999999999,5.343777930616317,74.98942093324558,400.726812612775,3.548133892335755,3.5481338923357537,inf,,inf,6.37,inf,-1,0.2302097313693174,0.1028298222156731,True
M1_dark_photon_massive,0.0999999999999999,5.343777930616317,74.98942093324558,400.726812612775,3.9810717055349722,3.981071705534972,inf,,inf,6.37,inf,-1,0.2215424791861983,0.0989583438216571,True
M1_dark_photon_massive,0.0999999999999999,5.343777930616317,74.98942093324558,400.726812612775,4.466835921509632,4.466835921509629,inf,,inf,6.37,inf,-1,0.2132015436186234,0.0952326241640891,True
M1_dark_photon_massive,0.0999999999999999,5.343777930616317,74.98942093324558,400.726812612775,5.011872336272722,5.011872336272723,inf,,inf,6.37,inf,-1,0.2051746390504216,0.0916471755178449,True
M1_dark_photon_massive,0.0999999999999999,5.343777930616317,74.98942093324558,400.726812612775,5.623413251903491,5.623413251903488,inf,,inf,6.37,inf,-1,0.197449942411175,0.0881967167672137,True
M1_dark_photon_massive,0.0999999999999999,5.343777930616317,74.98942093324558,400.726812612775,6.309573444801933,6.309573444801934,inf,,inf,6.37,inf,-1,0.1900160757616608,0.0848761656271829,True
M1_dark_photon_massive,0.0999999999999999,5.343777930616317,74.98942093324558,400.726812612775,7.079457843841379,7.07945784384138,inf,,inf,6.37,inf,-1,0.1828620895349409,0.0816806311575873,True
M1_dark_photon_massive,0.0999999999999999,5.343777930616317,74.98942093324558,400.726812612775,7.943282347242816,7.943282347242812,inf,,inf,6.37,inf,-1,0.1759774464084137,0.0786054065590954,True
M1_dark_photon_massive,0.0999999999999999,5.343777930616317,74.98942093324558,400.726812612775,8.912509381337454,8.912509381337449,inf,,inf,6.37,inf,-1,0.169352005783073,0.0756459622404219,True
M1_dark_photon_massive,0.0999999999999999,5.343777930616317,74.98942093324558,400.726812612775,10.0,9.999999999999996,inf,,inf,6.37,inf,-1,0.1629760088471131,0.0727979391465562,True
M1_dark_photon_massive,0.1,5.343777930616317,86.59643233600653,462.75210398726085,0.1,0.0999999999999999,inf,,inf,6.37,inf,-1,0.9018725562185242,0.5372056584759058,True
M1_dark_photon_massive,0.1,5.343777930616317,86.59643233600653,462.75210398726085,0.11220184543019636,0.1122018454301963,inf,,inf,6.37,inf,-1,0.8679176194081422,0.5169802019388857,True
M1_dark_photon_massive,0.1,5.343777930616317,86.59643233600653,462.75210398726085,0.12589254117941673,0.1258925411794166,inf,,inf,6.37,inf,-1,0.8352410646993635,0.497516221171297,True
M1_dark_photon_massive,0.1,5.343777930616317,86.59643233600653,462.75210398726085,0.14125375446227545,0.1412537544622754,inf,,inf,6.37,inf,-1,0.8037947618068388,0.4787850470874076,True
M1_dark_photon_massive,0.1,5.343777930616317,86.59643233600653,462.75210398726085,0.15848931924611134,0.1584893192461112,inf,,inf,6.37,inf,-1,0.7735323925203139,0.4607590899746051,True
M1_dark_photon_massive,0.1,5.343777930616317,86.59643233600653,462.75210398726085,0.1778279410038923,0.1778279410038923,inf,,inf,6.37,inf,-1,0.7444093824811361,0.4434117988556744,True
M1_dark_photon_massive,0.1,5.343777930616317,86.59643233600653,462.75210398726085,0.19952623149688797,0.1995262314968879,inf,,inf,6.37,inf,-1,0.7163828355273356,0.4267176223810615,True
M1_dark_photon_massive,0.1,5.343777930616317,86.59643233600653,462.75210398726085,0.22387211385683395,0.2238721138568338,inf,,inf,6.37,inf,-1,0.6894114705105704,0.4106519711935176,True
M1_dark_photon_massive,0.1,5.343777930616317,86.59643233600653,462.75210398726085,0.251188643150958,0.2511886431509579,inf,,inf,6.37,inf,-1,0.6634555604918748,0.3951911817096916,True
M1_dark_photon_massive,0.1,5.343777930616317,86.59643233600653,462.75210398726085,0.28183829312644537,0.281838293126445,inf,,inf,6.37,inf,-1,0.6384768742266507,0.3803124812653224,True
M1_dark_photon_massive,0.1,5.343777930616317,86.59643233600653,462.75210398726085,0.31622776601683794,0.3162277660168379,inf,,inf,6.37,inf,-1,0.6144386198527109,0.3659939545726944,True
M1_dark_photon_massive,0.1,5.343777930616317,86.59643233600653,462.75210398726085,0.35481338923357547,0.3548133892335752,inf,,inf,6.37,inf,-1,0.5913053906984335,0.3522145114409461,True
M1_dark_photon_massive,0.1,5.343777930616317,86.59643233600653,462.75210398726085,0.3981071705534972,0.3981071705534972,inf,,inf,6.37,inf,-1,0.5690431131312038,0.3389538557116912,True
M1_dark_photon_massive,0.1,5.343777930616317,86.59643233600653,462.75210398726085,0.44668359215096315,0.446683592150963,inf,,inf,6.37,inf,-1,0.5476189963693324,0.3261924553641933,True
M1_dark_photon_massive,0.1,5.343777930616317,86.59643233600653,462.75210398726085,0.5011872336272722,0.5011872336272718,inf,,inf,6.37,inf,-1,0.5270014841835197,0.313911513746062,True
M1_dark_photon_massive,0.1,5.343777930616317,86.59643233600653,462.75210398726085,0.5623413251903491,0.5623413251903489,inf,,inf,6.37,inf,-1,0.5071602084167326,0.302092941887095,True
M1_dark_photon_massive,0.1,5.343777930616317,86.59643233600653,462.75210398726085,0.6309573444801932,0.6309573444801932,inf,,inf,6.37,inf,-1,0.4880659442540277,0.2907193318554872,True
M1_dark_photon_massive,0.1,5.343777930616317,86.59643233600653,462.75210398726085,0.7079457843841379,0.7079457843841379,inf,,inf,6.37,inf,-1,0.4696905671764381,0.279773931117162,True
M1_dark_photon_massive,0.1,5.343777930616317,86.59643233600653,462.75210398726085,0.7943282347242815,0.794328234724281,inf,,inf,6.37,inf,-1,0.4520070115355188,0.2692406178604565,True
M1_dark_photon_massive,0.1,5.343777930616317,86.59643233600653,462.75210398726085,0.8912509381337456,0.891250938133745,inf,,inf,6.37,inf,-1,0.4349892306875346,0.2591038772498187,True
M1_dark_photon_massive,0.1,5.343777930616317,86.59643233600653,462.75210398726085,1.0,0.9999999999999998,inf,,inf,6.37,inf,-1,0.4186121586285715,0.2493487785735365,True
M1_dark_photon_massive,0.1,5.343777930616317,86.59643233600653,462.75210398726085,1.1220184543019633,1.122018454301963,inf,,inf,6.37,inf,-1,0.4028516730740619,0.2399609532518411,True
M1_dark_photon_massive,0.1,5.343777930616317,86.59643233600653,462.75210398726085,1.2589254117941673,1.258925411794167,inf,,inf,6.37,inf,-1,0.3876845599283414,0.2309265736729917,True
M1_dark_photon_massive,0.1,5.343777930616317,86.59643233600653,462.75210398726085,1.4125375446227544,1.412537544622754,inf,,inf,6.37,inf,-1,0.3730884790919067,0.2222323328261679,True
M1_dark_photon_massive,0.1,5.343777930616317,86.59643233600653,462.75210398726085,1.5848931924611136,1.5848931924611125,inf,,inf,6.37,inf,-1,0.3590419315560066,0.2138654247011712,True
M1_dark_photon_massive,0.1,5.343777930616317,86.59643233600653,462.75210398726085,1.7782794100389228,1.7782794100389223,inf,,inf,6.37,inf,-1,0.3455242277361026,0.2058135254260654,True
M1_dark_photon_massive,0.1,5.343777930616317,86.59643233600653,462.75210398726085,1.9952623149688795,1.9952623149688795,inf,,inf,6.37,inf,-1,0.3325154569975541,0.198064775114973,True
M1_dark_photon_massive,0.1,5.343777930616317,86.59643233600653,462.75210398726085,2.2387211385683394,2.2387211385683385,inf,,inf,6.37,inf,-1,0.3199964583286429,0.1906077603992908,True
M1_dark_photon_massive,0.1,5.343777930616317,86.59643233600653,462.75210398726085,2.51188643150958,2.51188643150958,inf,,inf,6.37,inf,-1,0.3079487921177393,0.1834314976165942,True
M1_dark_photon_massive,0.1,5.343777930616317,86.59643233600653,462.75210398726085,2.8183829312644537,2.8183829312644533,inf,,inf,6.37,inf,-1,0.2963547129930412,0.1765254166324689,True
M1_dark_photon_massive,0.1,5.343777930616317,86.59643233600653,462.75210398726085,3.1622776601683795,3.1622776601683773,inf,,inf,6.37,inf,-1,0.285197143684879,0.1698793452714401,True
M1_dark_photon_massive,0.1,5.343777930616317,86.59643233600653,462.75210398726085,3.548133892335755,3.548133892335752,inf,,inf,6.37,inf,-1,0.274459649872089,0.1634834943340676,True
M1_dark_photon_massive,0.1,5.343777930616317,86.59643233600653,462.75210398726085,3.9810717055349722,3.981071705534968,inf,,inf,6.37,inf,-1,0.2641264159754049,0.1573284431781383,True
M1_dark_photon_massive,0.1,5.343777930616317,86.59643233600653,462.75210398726085,4.466835921509632,4.466835921509631,inf,,inf,6.37,inf,-1,0.254182221862213,0.1514051258427174,True
M1_dark_photon_massive,0.1,5.343777930616317,86.59643233600653,462.75210398726085,5.011872336272722,5.011872336272721,inf,,inf,6.37,inf,-1,0.2446124204283586,0.1457048176946206,True
M1_dark_photon_massive,0.1,5.343777930616317,86.59643233600653,462.75210398726085,5.623413251903491,5.623413251903489,inf,,inf,6.37,inf,-1,0.2354029160239835,0.1402191225776374,True
M1_dark_photon_massive,0.1,5.343777930616317,86.59643233600653,462.75210398726085,6.309573444801933,6.30957344480193,inf,,inf,6.37,inf,-1,0.2265401436916172,0.1349399604455797,True
M1_dark_photon_massive,0.1,5.343777930616317,86.59643233600653,462.75210398726085,7.079457843841379,7.079457843841377,inf,,inf,6.37,inf,-1,0.2180110491859408,0.129859555460937,True
M1_dark_photon_massive,0.1,5.343777930616317,86.59643233600653,462.75210398726085,7.943282347242816,7.94328234724281,inf,,inf,6.37,inf,-1,0.2098030697457946,0.12497042454161,True
M1_dark_photon_massive,0.1,5.343777930616317,86.59643233600653,462.75210398726085,8.912509381337454,8.912509381337454,inf,,inf,6.37,inf,-1,0.2019041155901073,0.1202653663388534,True
M1_dark_photon_massive,0.1,5.343777930616317,86.59643233600653,462.75210398726085,10.0,9.999999999999996,inf,,inf,6.37,inf,-1,0.1943025521104919,0.1157374506301912,True
M1_dark_photon_massive,0.1,5.343777930616317,100.0,534.3777930616317,0.1,0.1,inf,,inf,6.37,inf,-1,1.0743517826753888,0.8533789295679396,True
M1_dark_photon_massive,0.1,5.343777930616317,100.0,534.3777930616317,0.11220184543019636,0.1122018454301963,inf,,inf,6.37,inf,-1,1.0339031110295636,0.821249747424637,True
M1_dark_photon_massive,0.1,5.343777930616317,100.0,534.3777930616317,0.12589254117941673,0.1258925411794167,inf,,inf,6.37,inf,-1,0.9949773065342332,0.7903302088633716,True
M1_dark_photon_massive,0.1,5.343777930616317,100.0,534.3777930616317,0.14125375446227545,0.1412537544622753,inf,,inf,6.37,inf,-1,0.9575170341951024,0.7605747715609978,True
M1_dark_photon_massive,0.1,5.343777930616317,100.0,534.3777930616317,0.15848931924611134,0.1584893192461113,inf,,inf,6.37,inf,-1,0.9214671176444968,0.7319396078343093,True
M1_dark_photon_massive,0.1,5.343777930616317,100.0,534.3777930616317,0.1778279410038923,0.1778279410038922,inf,,inf,6.37,inf,-1,0.8867744578704226,0.704382540084919,True
M1_dark_photon_massive,0.1,5.343777930616317,100.0,534.3777930616317,0.19952623149688797,0.1995262314968879,inf,,inf,6.37,inf,-1,0.8533879550054266,0.6778629786745984,True
M1_dark_photon_massive,0.1,5.343777930616317,100.0,534.3777930616317,0.22387211385683395,0.2238721138568339,inf,,inf,6.37,inf,-1,0.8212584330600561,0.652341862139574,True
M1_dark_photon_massive,0.1,5.343777930616317,100.0,534.3777930616317,0.251188643150958,0.2511886431509579,inf,,inf,6.37,inf,-1,0.7903385674900577,0.6277815996557146,True
M1_dark_photon_massive,0.1,5.343777930616317,100.0,534.3777930616317,0.28183829312644537,0.2818382931264452,inf,,inf,6.37,inf,-1,0.7605828154906251,0.604146015669871,True
M1_dark_photon_massive,0.1,5.343777930616317,100.0,534.3777930616317,0.31622776601683794,0.3162277660168376,inf,,inf,6.37,inf,-1,0.731947348915025,0.5814002966158099,True
M1_dark_photon_massive,0.1,5.343777930616317,100.0,534.3777930616317,0.35481338923357547,0.3548133892335753,inf,,inf,6.37,inf,-1,0.7043899897187945,0.5595109396362592,True
M1_dark_photon_massive,0.1,5.343777930616317,100.0,534.3777930616317,0.3981071705534972,0.398107170553497,inf,,inf,6.37,inf,-1,0.6778701478344251,0.5384457032355371,True
M1_dark_photon_massive,0.1,5.343777930616317,100.0,534.3777930616317,0.44668359215096315,0.4466835921509631,inf,,inf,6.37,inf,-1,0.6523487613850238,0.5181735597900784,True
M1_dark_photon_massive,0.1,5.343777930616317,100.0,534.3777930616317,0.5011872336272722,0.5011872336272724,inf,,inf,6.37,inf,-1,0.6277882391488949,0.4986646498469093,True
M1_dark_photon_massive,0.1,5.343777930616317,100.0,534.3777930616317,0.5623413251903491,0.5623413251903493,inf,,inf,6.37,inf,-1,0.6041524051902921,0.4798902381427568,True
M1_dark_photon_massive,0.1,5.343777930616317,100.0,534.3777930616317,0.6309573444801932,0.6309573444801934,inf,,inf,6.37,inf,-1,0.5814064455747894,0.4618226712790098,True
M1_dark_photon_massive,0.1,5.343777930616317,100.0,534.3777930616317,0.7079457843841379,0.7079457843841378,inf,,inf,6.37,inf,-1,0.5595168570907848,0.4444353369901936,True
M1_dark_photon_massive,0.1,5.343777930616317,100.0,534.3777930616317,0.7943282347242815,0.794328234724281,inf,,inf,6.37,inf,-1,0.5384513979016067,0.4277026249459586,True
M1_dark_photon_massive,0.1,5.343777930616317,100.0,534.3777930616317,0.8912509381337456,0.8912509381337451,inf,,inf,6.37,inf,-1,0.5181790400555376,0.41159988902885,True
M1_dark_photon_massive,0.1,5.343777930616317,100.0,534.3777930616317,1.0,1.0,inf,,inf,6.37,inf,-1,0.4986699237838068,0.3961034110322975,True
M1_dark_photon_massive,0.1,5.343777930616317,100.0,534.3777930616317,1.1220184543019633,1.1220184543019631,inf,,inf,6.37,inf,-1,0.4798953135192336,0.381190365725351,True
M1_dark_photon_massive,0.1,5.343777930616317,100.0,534.3777930616317,1.2589254117941673,1.2589254117941668,inf,,inf,6.37,inf,-1,0.4618275555707415,0.3668387872327081,True
M1_dark_photon_massive,0.1,5.343777930616317,100.0,534.3777930616317,1.4125375446227544,1.412537544622754,inf,,inf,6.37,inf,-1,0.4444400373914012,0.3530275366805118,True
M1_dark_photon_massive,0.1,5.343777930616317,100.0,534.3777930616317,1.5848931924611136,1.5848931924611136,inf,,inf,6.37,inf,-1,0.4277071483800048,0.3397362710602646,True
M1_dark_photon_massive,0.1,5.343777930616317,100.0,534.3777930616317,1.7782794100389228,1.778279410038922,inf,,inf,6.37,inf,-1,0.4116042421584379,0.3269454132649965,True
M1_dark_photon_massive,0.1,5.343777930616317,100.0,534.3777930616317,1.9952623149688795,1.995262314968879,inf,,inf,6.37,inf,-1,0.3961076002692832,0.3146361232535513,True
M1_dark_photon_massive,0.1,5.343777930616317,100.0,534.3777930616317,2.2387211385683394,2.2387211385683385,inf,,inf,6.37,inf,-1,0.3811943972401884,0.3027902703005213,True
M1_dark_photon_massive,0.1,5.343777930616317,100.0,534.3777930616317,2.51188643150958,2.511886431509581,inf,,inf,6.37,inf,-1,0.3668426669635371,0.2913904062909533,True
M1_dark_photon_massive,0.1,5.343777930616317,100.0,534.3777930616317,2.8183829312644537,2.8183829312644537,inf,,inf,6.37,inf,-1,0.3530312703419053,0.2804197400204924,True
M1_dark_photon_massive,0.1,5.343777930616317,100.0,534.3777930616317,3.1622776601683795,3.162277660168379,inf,,inf,6.37,inf,-1,0.3397398641516456,0.26986211246311,True
M1_dark_photon_massive,0.1,5.343777930616317,100.0,534.3777930616317,3.548133892335755,3.548133892335754,inf,,inf,6.37,inf,-1,0.3269488710787376,0.2597019729699854,True
M1_dark_photon_massive,0.1,5.343777930616317,100.0,534.3777930616317,3.9810717055349722,3.9810717055349736,inf,,inf,6.37,inf,-1,0.314639450882771,0.2499243563644848,True
M1_dark_photon_massive,0.1,5.343777930616317,100.0,534.3777930616317,4.466835921509632,4.466835921509629,inf,,inf,6.37,inf,-1,0.3027934726465854,0.2405148608995011,True
M1_dark_photon_massive,0.1,5.343777930616317,100.0,534.3777930616317,5.011872336272722,5.011872336272721,inf,,inf,6.37,inf,-1,0.291393488070694,0.2314596270446841,True
M1_dark_photon_massive,0.1,5.343777930616317,100.0,534.3777930616317,5.623413251903491,5.623413251903489,inf,,inf,6.37,inf,-1,0.2804227057731563,0.2227453170723197,True
M1_dark_photon_massive,0.1,5.343777930616317,100.0,534.3777930616317,6.309573444801933,6.3095734448019325,inf,,inf,6.37,inf,-1,0.2698649665570438,0.2143590954117877,True
M1_dark_photon_massive,0.1,5.343777930616317,100.0,534.3777930616317,7.079457843841379,7.079457843841379,inf,,inf,6.37,inf,-1,0.2597047196090704,0.2062886097436615,True
M1_dark_photon_massive,0.1,5.343777930616317,100.0,534.3777930616317,7.943282347242816,7.943282347242812,inf,,inf,6.37,inf,-1,0.2499269995943288,0.1985219728056035,True
M1_dark_photon_massive,0.1,5.343777930616317,100.0,534.3777930616317,8.912509381337454,8.912509381337456,inf,,inf,6.37,inf,-1,0.2405174046133971,0.1910477448832568,True
M1_dark_photon_massive,0.1,5.343777930616317,100.0,534.3777930616317,10.0,9.999999999999991,inf,,inf,6.37,inf,-1,0.2314620749893453,0.1838549169603445,True
M2_scalar_phi_massive,0.1,5.343777930616317,0.1,0.5343777930616317,0.1,0.0999999999999998,2.191226379003192e+26,5.983746100421977e-05,3.661964164637041e+30,6.37,3.4399158226109766e+25,0,0.000163020682704,1.294905616081733e-10,True
M2_scalar_phi_massive,0.1,5.343777930616317,0.1,0.5343777930616317,0.11220184543019636,0.1122018454301961,1.952932565950005e+26,5.983746100421977e-05,3.2637289971449205e+30,6.37,3.065828204003148e+25,0,0.000156883056116,1.2461532307626587e-10,True
M2_scalar_phi_massive,0.1,5.343777930616317,0.1,0.5343777930616317,0.12589254117941673,0.1258925411794165,1.7405529815148848e+26,5.983746100421977e-05,2.9088015305197194e+30,6.37,2.7324222629747016e+25,0,0.0001509765073245,1.1992363422124463e-10,True
M2_scalar_phi_massive,0.1,5.343777930616317,0.1,0.5343777930616317,0.14125375446227545,0.1412537544622751,1.551269477646629e+26,5.983746100421977e-05,2.5924720929205744e+30,6.37,2.4352739052537344e+25,0,0.0001452923363951,1.1540858451274999e-10,True
M2_scalar_phi_massive,0.1,5.343777930616317,0.1,0.5343777930616317,0.15848931924611134,0.1584893192461109,1.3825703772508036e+26,5.983746100421977e-05,2.310543184901017e+30,6.37,2.170440152670021e+25,0,0.0001398221709407,1.1106352359756174e-10,True
M2_scalar_phi_massive,0.1,5.343777930616317,0.1,0.5343777930616317,0.1778279410038923,0.1778279410038919,1.232217145760705e+26,5.983746100421977e-05,2.059273781141564e+30,6.37,1.934406822230306e+25,0,0.0001345579537891,1.0688205150409243e-10,True
M2_scalar_phi_massive,0.1,5.343777930616317,0.1,0.5343777930616317,0.19952623149688797,0.1995262314968874,1.0982146871437149e+26,5.983746100421977e-05,1.835329689316644e+30,6.37,1.724041895045078e+25,0,0.0001294919311158,1.0285800921567609e-10,True
M2_scalar_phi_massive,0.1,5.343777930616317,0.1,0.5343777930616317,0.22387211385683395,0.2238721138568334,9.787848701890934e+25,5.983746100421977e-05,1.6357393073881743e+30,6.37,1.536553956340806e+25,0,0.0001246166410228,9.898546959876628e-11,True
M2_scalar_phi_massive,0.1,5.343777930616317,0.1,0.5343777930616317,0.251188643150958,0.2511886431509574,8.723429337871461e+25,5.983746100421977e-05,1.457854192251954e+30,6.37,1.369455155081862e+25,0,0.0001199249025479,9.525872867268167e-11,True
M2_scalar_phi_massive,0.1,5.343777930616317,0.1,0.5343777930616317,0.28183829312644537,0.2818382931264447,7.774764581121377e+25,5.983746100421977e-05,1.2993139165067678e+30,6.37,1.2205281916988033e+25,0,0.0001154098050877,9.167229720804078e-11,True
M2_scalar_phi_massive,0.1,5.343777930616317,0.1,0.5343777930616317,0.31622776601683794,0.3162277660168371,6.929266226693445e+25,5.983746100421977e-05,1.1580147470168876e+30,6.37,1.0877968958702425e+25,0,0.0001110646982186,8.82208926415098e-11,True
M2_scalar_phi_massive,0.1,5.343777930616317,0.1,0.5343777930616317,0.35481338923357547,0.3548133892335746,6.175715025119011e+25,5.983746100421977e-05,1.0320817296515132e+30,6.37,9.6950000394333e+24,0,0.0001068831819014,8.489943129495546e-11,True
M2_scalar_phi_massive,0.1,5.343777930616317,0.1,0.5343777930616317,0.3981071705534972,0.3981071705534963,5.504111809783986e+25,5.983746100421977e-05,9.198438097826096e+29,6.37,8.640677880351627e+24,0,0.0001028590970542,8.170302088754188e-11,True
M2_scalar_phi_massive,0.1,5.343777930616317,0.1,0.5343777930616317,0.44668359215096315,0.446683592150962,4.905544814063006e+25,5.983746100421977e-05,8.198116584052696e+29,6.37,7.701012266974891e+24,0,9.898651648091562e-05,7.862695332974204e-11,True
M2_scalar_phi_massive,0.1,5.343777930616317,0.1,0.5343777930616317,0.5011872336272722,0.5011872336272709,4.372071417590784e+25,5.983746100421977e-05,7.306579096466782e+29,6.37,6.863534407520853e+24,0,9.525973614037388e-05,7.566669778865052e-11,True
M2_scalar_phi_massive,0.1,5.343777930616317,0.1,0.5343777930616317,0.5623413251903491,0.5623413251903479,3.896612752515521e+25,5.983746100421977e-05,6.511995474274435e+29,6.37,6.117131479616202e+24,0,9.167326674520542e-05,7.281789401438269e-11,True
M2_scalar_phi_massive,0.1,5.343777930616317,0.1,0.5343777930616317,0.6309573444801932,0.6309573444801919,3.4728597712233745e+25,5.983746100421977e-05,5.803822075569794e+29,6.37,5.451899169895407e+24,0,8.82218256762075e-05,7.007634591773082e-11,True
M2_scalar_phi_massive,0.1,5.343777930616317,0.1,0.5343777930616317,0.7079457843841379,0.707945784384136,3.0951895291097773e+25,5.983746100421977e-05,5.172661869612922e+29,6.37,4.85901024977987e+24,0,8.490032920148128e-05,6.743801538961741e-11,True
M2_scalar_phi_massive,0.1,5.343777930616317,0.1,0.5343777930616317,0.7943282347242815,0.7943282347242794,2.7585905715208355e+25,5.983746100421977e-05,4.610139743941171e+29,6.37,4.330597443517795e+24,0,8.170388498844944e-05,6.489901635324225e-11,True
M2_scalar_phi_massive,0.1,5.343777930616317,0.1,0.5343777930616317,0.8912509381337456,0.8912509381337439,2.4585964347948494e+25,5.983746100421977e-05,4.108791371715234e+29,6.37,3.859649034214834e+24,0,7.86277848977917e-05,6.245560904016248e-11,True
M2_scalar_phi_massive,0.1,5.343777930616317,0.1,0.5343777930616317,1.0,0.9999999999999972,2.191226379003192e+25,5.983746100421977e-05,3.661964164637042e+29,6.37,3.4399158226109767e+24,0,7.566749804868402e-05,6.010419448187449e-11,True
M2_scalar_phi_massive,0.1,5.343777930616317,0.1,0.5343777930616317,1.1220184543019633,1.1220184543019611,1.952932565950005e+25,5.983746100421977e-05,3.2637289971449205e+29,6.37,3.065828204003148e+24,0,7.28186641451272e-05,5.784130920878445e-11,True
M2_scalar_phi_massive,0.1,5.343777930616317,0.1,0.5343777930616317,1.2589254117941673,1.258925411794165,1.7405529815148847e+25,5.983746100421977e-05,2.9088015305197187e+29,6.37,2.7324222629747014e+24,0,7.00770870535352e-05,5.566362014875924e-11,True
M2_scalar_phi_massive,0.1,5.343777930616317,0.1,0.5343777930616317,1.4125375446227544,1.412537544622752,1.5512694776466286e+25,5.983746100421977e-05,2.592472092920574e+29,6.37,2.435273905253734e+24,0,6.743872862212298e-05,5.356791971774371e-11,True
M2_scalar_phi_massive,0.1,5.343777930616317,0.1,0.5343777930616317,1.5848931924611136,1.58489319246111,1.3825703772508032e+25,5.983746100421977e-05,2.310543184901016e+29,6.37,2.1704401526700205e+24,0,6.489970273299075e-05,5.155112109521318e-11,True
M2_scalar_phi_massive,0.1,5.343777930616317,0.1,0.5343777930616317,1.7782794100389228,1.7782794100389183,1.2322171457607053e+25,5.983746100421977e-05,2.059273781141564e+29,6.37,1.9344068222303064e+24,0,6.24562695781434e-05,4.9610253677502127e-11,True
M2_scalar_phi_massive,0.1,5.343777930616317,0.1,0.5343777930616317,1.9952623149688795,1.9952623149688749,1.0982146871437149e+25,5.983746100421977e-05,1.835329689316644e+29,6.37,1.724041895045078e+24,0,6.010483015101419e-05,4.7742458702312256e-11,True
M2_scalar_phi_massive,0.1,5.343777930616317,0.1,0.5343777930616317,2.2387211385683394,2.238721138568335,9.787848701890934e+24,5.983746100421977e-05,1.6357393073881745e+29,6.37,1.536553956340806e+24,0,5.7841920945379226e-05,4.594498503795508e-11,True
M2_scalar_phi_massive,0.1,5.343777930616317,0.1,0.5343777930616317,2.51188643150958,2.5118864315095752,8.723429337871457e+24,5.983746100421977e-05,1.4578541922519534e+29,6.37,1.3694551550818613e+24,0,5.566420885385442e-05,4.421518513112688e-11,True
M2_scalar_phi_massive,0.1,5.343777930616317,0.1,0.5343777930616317,2.8183829312644537,2.818382931264448,7.774764581121374e+24,5.983746100421977e-05,1.299313916506767e+29,6.37,1.2205281916988027e+24,0,5.356848625846082e-05,4.2550511107247393e-11,True
M2_scalar_phi_massive,0.1,5.343777930616317,0.1,0.5343777930616317,3.1622776601683795,3.1622776601683715,6.929266226693445e+24,5.983746100421977e-05,1.1580147470168878e+29,6.37,1.0877968958702424e+24,0,5.155166630602718e-05,4.094851101761837e-11,True
M2_scalar_phi_massive,0.1,5.343777930616317,0.1,0.5343777930616317,3.548133892335755,3.548133892335746,6.175715025119011e+24,5.983746100421977e-05,1.0320817296515131e+29,6.37,9.695000039433298e+23,0,4.961077836147049e-05,3.940682522787406e-11,True
M2_scalar_phi_massive,0.1,5.343777930616317,0.1,0.5343777930616317,3.9810717055349722,3.981071705534962,5.504111809783986e+24,5.983746100421977e-05,9.198438097826098e+28,6.37,8.640677880351627e+23,0,4.774296363225787e-05,3.7923182942404595e-11,True
M2_scalar_phi_massive,0.1,5.343777930616317,0.1,0.5343777930616317,4.466835921509632,4.466835921509624,4.905544814063004e+24,5.983746100421977e-05,8.198116584052694e+28,6.37,7.701012266974889e+23,0,4.594547095760452e-05,3.649539885963238e-11,True
M2_scalar_phi_massive,0.1,5.343777930616317,0.1,0.5343777930616317,5.011872336272722,5.011872336272709,4.372071417590783e+24,5.983746100421977e-05,7.30657909646678e+28,6.37,6.863534407520853e+23,0,4.42156527562059e-05,3.512136995321531e-11,True
M2_scalar_phi_massive,0.1,5.343777930616317,0.1,0.5343777930616317,5.623413251903491,5.623413251903477,3.896612752515521e+24,5.983746100421977e-05,6.511995474274435e+28,6.37,6.117131479616203e+23,0,4.255096112653513e-05,3.3799072374435767e-11,True
M2_scalar_phi_massive,0.1,5.343777930616317,0.1,0.5343777930616317,6.309573444801933,6.309573444801913,3.4728597712233747e+24,5.983746100421977e-05,5.803822075569795e+28,6.37,5.451899169895408e+23,0,4.09489440939618e-05,3.2526558471212587e-11,True
M2_scalar_phi_massive,0.1,5.343777930616317,0.1,0.5343777930616317,7.079457843841379,7.079457843841358,3.0951895291097774e+24,5.983746100421977e-05,5.172661869612922e+28,6.37,4.85901024977987e+23,0,3.9407241999164445e-05,3.130195391934549e-11,True
M2_scalar_phi_massive,0.1,5.343777930616317,0.1,0.5343777930616317,7.943282347242816,7.943282347242794,2.7585905715208346e+24,5.983746100421977e-05,4.610139743941169e+28,6.37,4.3305974435177934e+23,0,3.792358402251696e-05,3.012345496176623e-11,True
M2_scalar_phi_massive,0.1,5.343777930616317,0.1,0.5343777930616317,8.912509381337454,8.912509381337433,2.458596434794849e+24,5.983746100421977e-05,4.108791371715232e+28,6.37,3.8596490342148334e+23,0,3.649578483932975e-05,2.8989325751730347e-11,True
M2_scalar_phi_massive,0.1,5.343777930616317,0.1,0.5343777930616317,10.0,9.999999999999975,2.191226379003192e+24,5.983746100421977e-05,3.6619641646370416e+28,6.37,3.4399158226109764e+23,0,3.512174140101885e-05,2.7897895796035943e-11,True
M2_scalar_phi_massive,0.1,5.343777930616317,0.1154781984689458,0.6170898484456836,0.1,0.0999999999999998,1.6406883907499946e+26,5.983746100421977e-05,2.7419084353099343e+30,6.37,2.575648965070635e+25,0,0.0001965201936484,2.0816254564274428e-10,True
M2_scalar_phi_massive,0.1,5.343777930616317,0.1154781984689458,0.6170898484456836,0.11220184543019636,0.1122018454301962,1.4622650674410775e+26,5.983746100421977e-05,2.443728465246809e+30,6.37,2.2955495564224137e+25,0,0.0001891213314574,2.003253561919156e-10,True
M2_scalar_phi_massive,0.1,5.343777930616317,0.1154781984689458,0.6170898484456836,0.12589254117941673,0.1258925411794165,1.3032451131570652e+26,5.983746100421977e-05,2.177975287195357e+30,6.37,2.04591069569398e+25,0,0.0001820010317933,1.9278323201471023e-10,True
M2_scalar_phi_massive,0.1,5.343777930616317,0.1154781984689458,0.6170898484456836,0.14125375446227545,0.1412537544622753,1.1615184297194538e+26,5.983746100421977e-05,1.9411225179449757e+30,6.37,1.823419826875124e+25,0,0.0001751488069514,1.8552506408840444e-10,True
M2_scalar_phi_massive,0.1,5.343777930616317,0.1154781984689458,0.6170898484456836,0.15848931924611134,0.1584893192461111,1.0352043901470983e+26,5.983746100421977e-05,1.730027265150998e+30,6.37,1.625124631314126e+25,0,0.0001685545640825,1.785401616380216e-10,True
M2_scalar_phi_massive,0.1,5.343777930616317,0.1154781984689458,0.6170898484456836,0.1778279410038923,0.1778279410038921,9.226268838787732e+25,5.983746100421977e-05,1.541888423062785e+30,6.37,1.4483938522429722e+25,0,0.0001622085903271,1.71818236389566e-10,True
M2_scalar_phi_massive,0.1,5.343777930616317,0.1154781984689458,0.6170898484456836,0.19952623149688797,0.1995262314968876,8.22292075804371e+25,5.983746100421977e-05,1.3742095035522685e+30,6.37,1.2908823795986986e+25,0,0.0001561015385084,1.6534938741611374e-10,True
M2_scalar_phi_massive,0.1,5.343777930616317,0.1154781984689458,0.6170898484456836,0.22387211385683395,0.2238721138568336,7.328685839805904e+25,5.983746100421977e-05,1.224765509233268e+30,6.37,1.1505001318376615e+25,0,0.0001502244133653,1.5912408655443723e-10,True
M2_scalar_phi_massive,0.1,5.343777930616317,0.1154781984689458,0.6170898484456836,0.251188643150958,0.2511886431509575,6.53169813001451e+25,5.983746100421977e-05,1.0915734090980048e+30,6.37,1.025384321823314e+25,0,0.0001445685583023,1.531331643706864e-10,True
M2_scalar_phi_massive,0.1,5.343777930616317,0.1154781984689458,0.6170898484456836,0.28183829312644537,0.2818382931264449,5.821382085981864e+25,5.983746100421977e-05,9.728658249004476e+29,6.37,9.13874738772663e+24,0,0.0001391256426397,1.4736779665445152e-10,True
M2_scalar_phi_massive,0.1,5.343777930616317,0.1154781984689458,0.6170898484456836,0.31622776601683794,0.3162277660168375,5.188312245366316e+25,5.983746100421977e-05,8.670675791207842e+29,6.37,8.144917182678676e+24,0,0.0001338876493424,1.4181949142131755e-10,True
M2_scalar_phi_massive,0.1,5.343777930616317,0.1154781984689458,0.6170898484456836,0.35481338923357547,0.3548133892335748,4.6240881560135295e+25,5.983746100421977e-05,7.727747933167545e+29,6.37,7.259165080084034e+24,0,0.0001288468632116,1.3648007640476328e-10,True
M2_scalar_phi_massive,0.1,5.343777930616317,0.1154781984689458,0.6170898484456836,0.3981071705534972,0.3981071705534968,4.121222907060199e+25,5.983746100421977e-05,6.887362595096687e+29,6.37,6.469737687692619e+24,0,0.0001239958595211,1.3134168701898295e-10,True
M2_scalar_phi_massive,0.1,5.343777930616317,0.1154781984689458,0.6170898484456836,0.44668359215096315,0.4466835921509624,3.673043782175684e+25,5.983746100421977e-05,6.138368374147191e+29,6.37,5.766159783635297e+24,0,0.0001193274930809,1.2639675477489993e-10,True
M2_scalar_phi_massive,0.1,5.343777930616317,0.1154781984689458,0.6170898484456836,0.5011872336272722,0.5011872336272717,3.2736037166704e+25,5.983746100421977e-05,5.4708265720691975e+29,6.37,5.139095316594034e+24,0,0.0001148348877129,1.2163799613231055e-10,True
M2_scalar_phi_massive,0.1,5.343777930616317,0.1154781984689458,0.6170898484456836,0.5623413251903491,0.5623413251903485,2.9176023835606102e+25,5.983746100421977e-05,4.875879314723696e+29,6.37,4.5802235220731714e+24,0,0.0001105114261229,1.1705840177173734e-10,True
M2_scalar_phi_massive,0.1,5.343777930616317,0.1154781984689458,0.6170898484456836,0.6309573444801932,0.6309573444801921,2.6003158614496453e+25,5.983746100421977e-05,4.345632013474418e+29,6.37,4.082128510909961e+24,0,0.0001063507401535,1.1265122627019054e-10,True
M2_scalar_phi_massive,0.1,5.343777930616317,0.1154781984689458,0.6170898484456836,0.7079457843841379,0.7079457843841368,2.317533950961055e+25,5.983746100421977e-05,3.873048608793112e+29,6.37,3.6382008649310126e+24,0,0.0001023467014046,1.084099781656307e-10,True
M2_scalar_phi_massive,0.1,5.343777930616317,0.1154781984689458,0.6170898484456836,0.7943282347242815,0.7943282347242805,2.0655043079508463e+25,5.983746100421977e-05,3.45185820602446e+29,6.37,3.24254993398877e+24,0,9.84934122065659e-05,1.0432841039549779e-10,True
M2_scalar_phi_massive,0.1,5.343777930616317,0.1154781984689458,0.6170898484456836,0.8912509381337456,0.8912509381337445,1.8408826521804844e+25,5.983746100421977e-05,3.0764718644239676e+29,6.37,2.8899256706130054e+24,0,9.478519693307385e-05,1.0040051109522415e-10,True
M2_scalar_phi_massive,0.1,5.343777930616317,0.1154781984689458,0.6170898484456836,1.0,0.9999999999999984,1.6406883907499946e+25,5.983746100421977e-05,2.7419084353099344e+29,6.37,2.575648965070635e+24,0,9.12165936418098e-05,9.662049474317724e-11,True
M2_scalar_phi_massive,0.1,5.343777930616317,0.1154781984689458,0.6170898484456836,1.1220184543019633,1.1220184543019611,1.4622650674410777e+25,5.983746100421977e-05,2.443728465246809e+29,6.37,2.295549556422414e+24,0,8.778234602909556e-05,9.298279363898984e-11,True
M2_scalar_phi_massive,0.1,5.343777930616317,0.1154781984689458,0.6170898484456836,1.2589254117941673,1.2589254117941655,1.303245113157065e+25,5.983746100421977e-05,2.1779752871953565e+29,6.37,2.0459106956939797e+24,0,8.447739568779388e-05,8.948204970272607e-11,True
M2_scalar_phi_massive,0.1,5.343777930616317,0.1154781984689458,0.6170898484456836,1.4125375446227544,1.4125375446227528,1.1615184297194535e+25,5.983746100421977e-05,1.941122517944975e+29,6.37,1.8234198268751236e+24,0,8.129687465662762e-05,8.611310658280332e-11,True
M2_scalar_phi_massive,0.1,5.343777930616317,0.1154781984689458,0.6170898484456836,1.5848931924611136,1.584893192461111,1.0352043901470978e+25,5.983746100421977e-05,1.7300272651509975e+29,6.37,1.6251246313141253e+24,0,7.823609825001248e-05,8.287100206104614e-11,True
M2_scalar_phi_massive,0.1,5.343777930616317,0.1154781984689458,0.6170898484456836,1.7782794100389228,1.7782794100389192,9.226268838787732e+24,5.983746100421977e-05,1.5418884230627852e+29,6.37,1.448393852242972e+24,0,7.529055815784193e-05,7.975096074368506e-11,True
M2_scalar_phi_massive,0.1,5.343777930616317,0.1154781984689458,0.6170898484456836,1.9952623149688795,1.995262314968876,8.222920758043709e+24,5.983746100421977e-05,1.3742095035522684e+29,6.37,1.2908823795986984e+24,0,7.245591580506089e-05,7.674838702753467e-11,True
M2_scalar_phi_massive,0.1,5.343777930616317,0.1154781984689458,0.6170898484456836,2.2387211385683394,2.2387211385683363,7.328685839805905e+24,5.983746100421977e-05,1.224765509233268e+29,6.37,1.1505001318376618e+24,0,6.972799596124752e-05,7.385885833099095e-11,True
M2_scalar_phi_massive,0.1,5.343777930616317,0.1154781984689458,0.6170898484456836,2.51188643150958,2.5118864315095784,6.531698130014508e+24,5.983746100421977e-05,1.0915734090980045e+29,6.37,1.0253843218233137e+24,0,6.710278059078993e-05,7.10781185798768e-11,True
M2_scalar_phi_massive,0.1,5.343777930616317,0.1154781984689458,0.6170898484456836,2.8183829312644537,2.818382931264451,5.821382085981861e+24,5.983746100421977e-05,9.728658249004472e+28,6.37,9.138747387726627e+23,0,6.45764029346002e-05,6.840207193854207e-11,True
M2_scalar_phi_massive,0.1,5.343777930616317,0.1154781984689458,0.6170898484456836,3.1622776601683795,3.162277660168375,5.188312245366316e+24,5.983746100421977e-05,8.67067579120784e+28,6.37,8.144917182678675e+23,0,6.214514181464787e-05,6.582677677698309e-11,True
M2_scalar_phi_massive,0.1,5.343777930616317,0.1154781984689458,0.6170898484456836,3.548133892335755,3.548133892335749,4.6240881560135287e+24,5.983746100421977e-05,7.727747933167544e+28,6.37,7.259165080084033e+23,0,5.980541615292443e-05,6.334843986509683e-11,True
M2_scalar_phi_massive,0.1,5.343777930616317,0.1154781984689458,0.6170898484456836,3.9810717055349722,3.981071705534967,4.121222907060199e+24,5.983746100421977e-05,6.887362595096686e+28,6.37,6.46973768769262e+23,0,5.755377969676518e-05,6.096341078551756e-11,True
M2_scalar_phi_massive,0.1,5.343777930616317,0.1154781984689458,0.6170898484456836,4.466835921509632,4.466835921509623,3.673043782175684e+24,5.983746100421977e-05,6.138368374147189e+28,6.37,5.766159783635296e+23,0,5.538691594275957e-05,5.866817655680683e-11,True
M2_scalar_phi_massive,0.1,5.343777930616317,0.1154781984689458,0.6170898484456836,5.011872336272722,5.0118723362727176,3.2736037166703985e+24,5.983746100421977e-05,5.470826572069196e+28,6.37,5.139095316594032e+23,0,5.330163325177295e-05,5.64593564590767e-11,True
M2_scalar_phi_massive,0.1,5.343777930616317,0.1154781984689458,0.6170898484456836,5.623413251903491,5.6234132519034805,2.91760238356061e+24,5.983746100421977e-05,4.875879314723696e+28,6.37,4.580223522073171e+23,0,5.12948601478849e-05,5.433369705442544e-11,True
M2_scalar_phi_massive,0.1,5.343777930616317,0.1154781984689458,0.6170898484456836,6.309573444801933,6.309573444801919,2.600315861449645e+24,5.983746100421977e-05,4.345632013474418e+28,6.37,4.082128510909961e+23,0,4.936364079431938e-05,5.228806739485031e-11,True
M2_scalar_phi_massive,0.1,5.343777930616317,0.1154781984689458,0.6170898484456836,7.079457843841379,7.079457843841369,2.317533950961055e+24,5.983746100421977e-05,3.873048608793112e+28,6.37,3.638200864931013e+23,0,4.7505130639703496e-05,5.0319454410579655e-11,True
M2_scalar_phi_massive,0.1,5.343777930616317,0.1154781984689458,0.6170898484456836,7.943282347242816,7.943282347242802,2.065504307950846e+24,5.983746100421977e-05,3.451858206024459e+28,6.37,3.242549933988769e+23,0,4.571659222824169e-05,4.84249584720314e-11,True
M2_scalar_phi_massive,0.1,5.343777930616317,0.1154781984689458,0.6170898484456836,8.912509381337454,8.91250938133745,1.840882652180484e+24,5.983746100421977e-05,3.076471864423966e+28,6.37,2.8899256706130047e+23,0,4.399539116763437e-05,4.660178911886083e-11,True
M2_scalar_phi_massive,0.1,5.343777930616317,0.1154781984689458,0.6170898484456836,10.0,9.999999999999988,1.6406883907499946e+24,5.983746100421977e-05,2.7419084353099345e+28,6.37,2.575648965070635e+23,0,4.233899224880188e-05,4.484726094980736e-11,True
M2_scalar_phi_massive,0.1,5.343777930616317,0.1333521432163324,0.7126042399198235,0.1,0.0999999999999999,1.2327402365051686e+26,5.983746100421977e-05,2.060147967204416e+30,6.37,1.9352280007930437e+25,0,0.0002368856051541,3.346062722250585e-10,True
M2_scalar_phi_massive,0.1,5.343777930616317,0.1333521432163324,0.7126042399198235,0.11220184543019636,0.1122018454301962,1.0986808922604467e+26,5.983746100421977e-05,1.836108808465264e+30,6.37,1.7247737712094924e+25,0,0.0002279670105048,3.2200855567251426e-10,True
M2_scalar_phi_massive,0.1,5.343777930616317,0.1333521432163324,0.7126042399198235,0.12589254117941673,0.1258925411794164,9.79200375936744e+25,5.983746100421977e-05,1.6364336980603004e+30,6.37,1.5372062416589389e+25,0,0.0002193841953574,3.09885135256988e-10,True
M2_scalar_phi_massive,0.1,5.343777930616317,0.1333521432163324,0.7126042399198235,0.14125375446227545,0.1412537544622752,8.727132536745392e+25,5.983746100421977e-05,1.4584730685899172e+30,6.37,1.370036504983578e+25,0,0.000211124517824,2.9821815402601875e-10,True
M2_scalar_phi_massive,0.1,5.343777930616317,0.1333521432163324,0.7126042399198235,0.15848931924611134,0.1584893192461111,7.778065060591867e+25,5.983746100421977e-05,1.2998654906235665e+30,6.37,1.221046320344092e+25,0,0.0002031758119759,2.8699042733022077e-10,True
M2_scalar_phi_massive,0.1,5.343777930616317,0.1333521432163324,0.7126042399198235,0.1778279410038923,0.177827941003892,6.9322077821178086e+25,5.983746100421977e-05,1.1585063379659348e+30,6.37,1.08825867851143e+25,0,0.000195526369924,2.7618541751149307e-10,True
M2_scalar_phi_massive,0.1,5.343777930616317,0.1333521432163324,0.7126042399198235,0.19952623149688797,0.1995262314968877,6.178336689150548e+25,5.983746100421977e-05,1.0325198605460296e+30,6.37,9.69911568155502e+24,0,0.0001881649245737,2.65787209544203e-10,True
M2_scalar_phi_massive,0.1,5.343777930616317,0.1333521432163324,0.7126042399198235,0.22387211385683395,0.2238721138568337,5.506448370311565e+25,5.983746100421977e-05,9.202342943533728e+29,6.37,8.644345950253634e+24,0,0.0001810806330296,2.557804875934638e-10,True
M2_scalar_phi_massive,0.1,5.343777930616317,0.1333521432163324,0.7126042399198235,0.251188643150958,0.2511886431509575,4.907627275825218e+25,5.983746100421977e-05,8.20159678145289e+29,6.37,7.704281437716197e+24,0,0.0001742630606246,2.4615051245597846e-10,True
M2_scalar_phi_massive,0.1,5.343777930616317,0.1333521432163324,0.7126042399198235,0.28183829312644537,0.2818382931264448,4.373927413589983e+25,5.983746100421977e-05,7.309680825664596e+29,6.37,6.866448059010963e+24,0,0.0001677021655501,2.368830998502214e-10,True
M2_scalar_phi_massive,0.1,5.343777930616317,0.1333521432163324,0.7126042399198235,0.31622776601683794,0.3162277660168376,3.898266910690979e+25,5.983746100421977e-05,6.514759893331823e+29,6.37,6.119728274240156e+24,0,0.0001613882840655,2.2796459952398152e-10,True
M2_scalar_phi_massive,0.1,5.343777930616317,0.1333521432163324,0.7126042399198235,0.35481338923357547,0.3548133892335749,3.474334041249073e+25,5.983746100421977e-05,5.806285866648087e+29,6.37,5.454213565540146e+24,0,0.0001553121162637,2.1938187514849303e-10,True
M2_scalar_phi_massive,0.1,5.343777930616317,0.1333521432163324,0.7126042399198235,0.3981071705534972,0.3981071705534967,3.0965034736532434e+25,5.983746100421977e-05,5.174857725722815e+29,6.37,4.861072957069456e+24,0,0.0001494647123736,2.111222849695395e-10,True
M2_scalar_phi_massive,0.1,5.343777930616317,0.1333521432163324,0.7126042399198235,0.44668359215096315,0.4466835921509625,2.7597616258278554e+25,5.983746100421977e-05,4.61209680275912e+29,6.37,4.3324358333247335e+24,0,0.0001438374595772,2.0317366318703209e-10,True
M2_scalar_phi_massive,0.1,5.343777930616317,0.1333521432163324,0.7126042399198235,0.5011872336272722,0.5011872336272717,2.459640138044587e+25,5.983746100421977e-05,4.110535602222714e+29,6.37,3.861287500854925e+24,0,0.0001384220693236,1.9552430203563463e-10,True
M2_scalar_phi_massive,0.1,5.343777930616317,0.1333521432163324,0.7126042399198235,0.5623413251903491,0.562341325190348,2.192156580503653e+25,5.983746100421977e-05,3.663518711713154e+29,6.37,3.441376107541057e+24,0,0.0001332105651209,1.8816293454004208e-10,True
M2_scalar_phi_massive,0.1,5.343777930616317,0.1333521432163324,0.7126042399198235,0.6309573444801932,0.6309573444801921,1.953761608909945e+25,5.983746100421977e-05,3.26511448868488e+29,6.37,3.0671296843170244e+24,0,0.0001281952707869,1.81078717919512e-10,True
M2_scalar_phi_massive,0.1,5.343777930616317,0.1333521432163324,0.7126042399198235,0.7079457843841379,0.7079457843841371,1.7412918668306842e+25,5.983746100421977e-05,2.9100363511544835e+29,6.37,2.733582208525407e+24,0,0.0001233687991431,1.7426121761720518e-10,True
M2_scalar_phi_massive,0.1,5.343777930616317,0.1333521432163324,0.7126042399198235,0.7943282347242815,0.7943282347242803,1.5519280098775083e+25,5.983746100421977e-05,2.593572627969736e+29,6.37,2.436307707813985e+24,0,0.0001187240411333,1.6770039193081104e-10,True
M2_scalar_phi_massive,0.1,5.343777930616317,0.1333521432163324,0.7126042399198235,0.8912509381337456,0.8912509381337448,1.383157294719366e+25,5.983746100421977e-05,2.31152403779603e+29,6.37,2.171361530171689e+24,0,0.0001142541553531,1.6138657722182095e-10,True
M2_scalar_phi_massive,0.1,5.343777930616317,0.1333521432163324,0.7126042399198235,1.0,0.9999999999999982,1.232740236505169e+25,5.983746100421977e-05,2.060147967204416e+29,6.37,1.9352280007930437e+24,0,0.0001099525579727,1.553104736816629e-10,True
M2_scalar_phi_massive,0.1,5.343777930616317,0.1333521432163324,0.7126042399198235,1.1220184543019633,1.1220184543019622,1.0986808922604467e+25,5.983746100421977e-05,1.836108808465264e+29,6.37,1.7247737712094924e+24,0,0.0001058129130391,1.4946313163373215e-10,True
M2_scalar_phi_massive,0.1,5.343777930616317,0.1333521432163324,0.7126042399198235,1.2589254117941673,1.2589254117941648,9.792003759367437e+24,5.983746100421977e-05,1.6364336980603003e+29,6.37,1.5372062416589382e+24,0,0.0001018291231442,1.4383593835114208e-10,True
M2_scalar_phi_massive,0.1,5.343777930616317,0.1333521432163324,0.7126042399198235,1.4125375446227544,1.4125375446227515,8.72713253674539e+24,5.983746100421977e-05,1.4584730685899168e+29,6.37,1.3700365049835778e+24,0,9.799532044339552e-05,1.3842060537077847e-10,True
M2_scalar_phi_massive,0.1,5.343777930616317,0.1333521432163324,0.7126042399198235,1.5848931924611136,1.584893192461112,7.778065060591863e+24,5.983746100421977e-05,1.299865490623566e+29,6.37,1.2210463203440916e+24,0,9.430585801278308e-05,1.3320915628497125e-10,True
M2_scalar_phi_massive,0.1,5.343777930616317,0.1333521432163324,0.7126042399198235,1.7782794100389228,1.77827941003892,6.932207782117809e+24,5.983746100421977e-05,1.158506337965935e+29,6.37,1.08825867851143e+24,0,9.075530153161102e-05,1.28193914992803e-10,True
M2_scalar_phi_massive,0.1,5.343777930616317,0.1333521432163324,0.7126042399198235,1.9952623149688795,1.9952623149688768,6.178336689150548e+24,5.983746100421977e-05,1.0325198605460296e+29,6.37,9.69911568155502e+23,0,8.733842127789328e-05,1.233674943937473e-10,True
M2_scalar_phi_massive,0.1,5.343777930616317,0.1333521432163324,0.7126042399198235,2.2387211385683394,2.2387211385683363,5.506448370311565e+24,5.983746100421977e-05,9.202342943533729e+28,6.37,8.644345950253634e+23,0,8.405018442540074e-05,1.1872278550698539e-10,True
M2_scalar_phi_massive,0.1,5.343777930616317,0.1333521432163324,0.7126042399198235,2.51188643150958,2.511886431509577,4.907627275825216e+24,5.983746100421977e-05,8.201596781452888e+28,6.37,7.704281437716194e+23,0,8.088574763065925e-05,1.1425294700037326e-10,True
M2_scalar_phi_massive,0.1,5.343777930616317,0.1333521432163324,0.7126042399198235,2.8183829312644537,2.8183829312644515,4.373927413589981e+24,5.983746100421977e-05,7.309680825664593e+28,6.37,6.866448059010959e+23,0,7.784044989904265e-05,1.0995139511363683e-10,True
M2_scalar_phi_massive,0.1,5.343777930616317,0.1333521432163324,0.7126042399198235,3.1622776601683795,3.1622776601683764,3.8982669106909793e+24,5.983746100421977e-05,6.514759893331823e+28,6.37,6.119728274240156e+23,0,7.490980571945273e-05,1.0581179396095216e-10,True
M2_scalar_phi_massive,0.1,5.343777930616317,0.1333521432163324,0.7126042399198235,3.548133892335755,3.548133892335751,3.4743340412490727e+24,5.983746100421977e-05,5.806285866648087e+28,6.37,5.454213565540145e+23,0,7.208949845747445e-05,1.0182804619862779e-10,True
M2_scalar_phi_massive,0.1,5.343777930616317,0.1333521432163324,0.7126042399198235,3.9810717055349722,3.9810717055349687,3.096503473653244e+24,5.983746100421977e-05,5.1748577257228144e+28,6.37,4.8610729570694566e+23,0,6.937537399727458e-05,9.799428404414295e-11,True
M2_scalar_phi_massive,0.1,5.343777930616317,0.1333521432163324,0.7126042399198235,4.466835921509632,4.466835921509627,2.7597616258278547e+24,5.983746100421977e-05,4.612096802759118e+28,6.37,4.332435833324733e+23,0,6.676343462287885e-05,9.430486063331318e-11,True
M2_scalar_phi_massive,0.1,5.343777930616317,0.1333521432163324,0.7126042399198235,5.011872336272722,5.011872336272717,2.459640138044586e+24,5.983746100421977e-05,4.110535602222712e+28,6.37,3.861287500854923e+23,0,6.42498331298153e-05,9.075434170285339e-11,True
M2_scalar_phi_massive,0.1,5.343777930616317,0.1333521432163324,0.7126042399198235,5.623413251903491,5.623413251903481,2.1921565805036532e+24,5.983746100421977e-05,3.6635187117131535e+28,6.37,3.441376107541057e+23,0,6.183086715845043e-05,8.733749758608714e-11,True
M2_scalar_phi_massive,0.1,5.343777930616317,0.1333521432163324,0.7126042399198235,6.309573444801933,6.309573444801924,1.953761608909945e+24,5.983746100421977e-05,3.26511448868488e+28,6.37,3.0671296843170246e+23,0,5.950297374067178e-05,8.404929551001254e-11,True
M2_scalar_phi_massive,0.1,5.343777930616317,0.1333521432163324,0.7126042399198235,7.079457843841379,7.079457843841371,1.7412918668306842e+24,5.983746100421977e-05,2.9100363511544835e+28,6.37,2.733582208525407e+23,0,5.72627240518845e-05,8.088489218237861e-11,True
M2_scalar_phi_massive,0.1,5.343777930616317,0.1333521432163324,0.7126042399198235,7.943282347242816,7.943282347242802,1.551928009877508e+24,5.983746100421977e-05,2.5935726279697347e+28,6.37,2.436307707813984e+23,0,5.510681836059194e-05,7.78396266578539e-11,True
M2_scalar_phi_massive,0.1,5.343777930616317,0.1333521432163324,0.7126042399198235,8.912509381337454,8.912509381337447,1.3831572947193656e+24,5.983746100421977e-05,2.3115240377960296e+28,6.37,2.1713615301716884e+23,0,5.303208116812134e-05,7.490901347277907e-11,True
M2_scalar_phi_massive,0.1,5.343777930616317,0.1333521432163324,0.7126042399198235,10.0,9.999999999999982,1.2327402365051686e+24,5.983746100421977e-05,2.060147967204416e+28,6.37,1.9352280007930438e+23,0,5.1035456531335856e-05,7.208873603839179e-11,True
M2_scalar_phi_massive,0.1,5.343777930616317,0.1539926526059492,0.8229025384727365,0.1,0.0999999999999998,9.303494740685178e+25,5.983746100421977e-05,1.5547943687030922e+30,6.37,1.4605172277370764e+25,0,0.0002855197472139,5.37813323892898e-10,True
M2_scalar_phi_massive,0.1,5.343777930616317,0.1539926526059492,0.8229025384727365,0.11220184543019636,0.1122018454301961,8.291748415558031e+25,5.983746100421977e-05,1.3857119397116956e+30,6.37,1.3016873493811666e+25,0,0.0002747701075803,5.175649891335683e-10,True
M2_scalar_phi_massive,0.1,5.343777930616317,0.1539926526059492,0.8229025384727365,0.12589254117941673,0.1258925411794166,7.3900285541350945e+25,5.983746100421977e-05,1.235017066251181e+30,6.37,1.1601300712927934e+25,0,0.0002644251851454,4.980789914944095e-10,True
M2_scalar_phi_massive,0.1,5.343777930616317,0.1539926526059492,0.8229025384727365,0.14125375446227545,0.1412537544622751,6.5863698817080695e+25,5.983746100421977e-05,1.100710118907551e+30,6.37,1.0339670143968712e+25,0,0.0002544697425601,4.793266294603732e-10,True
M2_scalar_phi_massive,0.1,5.343777930616317,0.1539926526059492,0.8229025384727365,0.15848931924611134,0.158489319246111,5.870108335968165e+25,5.983746100421977e-05,9.810089260896616e+29,6.37,9.215240715805596e+24,0,0.000244889116152,4.6128028211047465e-10,True
M2_scalar_phi_massive,0.1,5.343777930616317,0.1539926526059492,0.8229025384727365,0.1778279410038923,0.177827941003892,5.231739561378346e+25,5.983746100421977e-05,8.74325125694989e+29,6.37,8.213091933090024e+24,0,0.000235669194327,4.4391336843410237e-10,True
M2_scalar_phi_massive,0.1,5.343777930616317,0.1539926526059492,0.8229025384727365,0.19952623149688797,0.1995262314968876,4.662792792149881e+25,5.983746100421977e-05,7.79243088509564e+29,6.37,7.319925890345182e+24,0,0.0002267963967833,4.2720030817904384e-10,True
M2_scalar_phi_massive,0.1,5.343777930616317,0.1539926526059492,0.8229025384727365,0.22387211385683395,0.2238721138568335,4.155718450326848e+25,5.983746100421977e-05,6.945011336683861e+29,6.37,6.523890816839635e+24,0,0.0002182576545092,4.111164841735594e-10,True
M2_scalar_phi_massive,0.1,5.343777930616317,0.1539926526059492,0.8229025384727365,0.251188643150958,0.2511886431509574,3.703787967473519e+25,5.983746100421977e-05,6.189747869168991e+29,6.37,5.814423810790453e+24,0,0.0002100403905331,3.956382060670048e-10,True
M2_scalar_phi_massive,0.1,5.343777930616317,0.1539926526059492,0.8229025384727365,0.28183829312644537,0.2818382931264448,3.3010045006592526e+25,5.983746100421977e-05,5.516618595208215e+29,6.37,5.18211067607418e+24,0,0.0002021325013985,3.8074267543559806e-10,True
M2_scalar_phi_massive,0.1,5.343777930616317,0.1539926526059492,0.8229025384727365,0.31622776601683794,0.3162277660168374,2.942023357996275e+25,5.983746100421977e-05,4.916691498305388e+29,6.37,4.6185610015640107e+24,0,0.0001945223393362,3.66407952201932e-10,True
M2_scalar_phi_massive,0.1,5.343777930616317,0.1539926526059492,0.8229025384727365,0.35481338923357547,0.3548133892335747,2.622081077825572e+25,5.983746100421977e-05,4.382005910378887e+29,6.37,4.116296825471856e+24,0,0.0001871986951086,3.526129223187701e-10,True
M2_scalar_phi_massive,0.1,5.343777930616317,0.1539926526059492,0.8229025384727365,0.3981071705534972,0.3981071705534965,2.3369322204747835e+25,5.983746100421977e-05,3.9054668785328006e+29,6.37,3.6686534073387495e+24,0,0.0001801507814987,3.39337266669529e-10,True
M2_scalar_phi_massive,0.1,5.343777930616317,0.1539926526059492,0.8229025384727365,0.44668359215096315,0.4466835921509623,2.082793033853128e+25,5.983746100421977e-05,3.48075101934263e+29,6.37,3.269690790978223e+24,0,0.0001733682174214,3.265614311396365e-10,True
M2_scalar_phi_massive,0.1,5.343777930616317,0.1539926526059492,0.8229025384727365,0.5011872336272722,0.5011872336272715,1.8562912453600303e+25,5.983746100421977e-05,3.1022226113991093e+29,6.37,2.914114984866609e+24,0,0.000166841012633,3.142665978146854e-10,True
M2_scalar_phi_massive,0.1,5.343777930616317,0.1539926526059492,0.8229025384727365,0.5623413251903491,0.5623413251903482,1.654421313876586e+25,5.983746100421977e-05,2.7648588127091744e+29,6.37,2.597207714091972e+24,0,0.0001605595530162,3.0243465726295865e-10,True
M2_scalar_phi_massive,0.1,5.343777930616317,0.1539926526059492,0.8229025384727365,0.6309573444801932,0.6309573444801921,1.474504548060971e+25,5.983746100421977e-05,2.464183010634405e+29,6.37,2.3147638117126705e+24,0,0.0001545145864194,2.910481818614996e-10,True
M2_scalar_phi_massive,0.1,5.343777930616317,0.1539926526059492,0.8229025384727365,0.7079457843841379,0.7079457843841365,1.3141535617418148e+25,5.983746100421977e-05,2.196205419961151e+29,6.37,2.063035418746962e+24,0,0.0001486972090283,2.800904001264389e-10,True
M2_scalar_phi_massive,0.1,5.343777930616317,0.1539926526059492,0.8229025384727365,0.7943282347242815,0.7943282347242799,1.1712405947541956e+25,5.983746100421977e-05,1.957370140874793e+29,6.37,1.8386822523613747e+24,0,0.000143098852252,2.6954517200976967e-10,True
M2_scalar_phi_massive,0.1,5.343777930616317,0.1539926526059492,0.8229025384727365,0.8912509381337456,0.8912509381337441,1.043869278855003e+25,5.983746100421977e-05,1.7445079743296403e+29,6.37,1.6387272823469434e+24,0,0.0001377112701016,2.5939696512618245e-10,True
M2_scalar_phi_massive,0.1,5.343777930616317,0.1539926526059492,0.8229025384727365,1.0,0.999999999999998,9.303494740685178e+24,5.983746100421977e-05,1.5547943687030923e+29,6.37,1.4605172277370768e+24,0,0.0001325265270444,2.4963083187494483e-10,True
M2_scalar_phi_massive,0.1,5.343777930616317,0.1539926526059492,0.8229025384727365,1.1220184543019633,1.1220184543019611,8.291748415558032e+24,5.983746100421977e-05,1.3857119397116957e+29,6.37,1.3016873493811666e+24,0,0.0001275369863155,2.4023238742312906e-10,True
M2_scalar_phi_massive,0.1,5.343777930616317,0.1539926526059492,0.8229025384727365,1.2589254117941673,1.2589254117941655,7.390028554135093e+24,5.983746100421977e-05,1.2350170662511808e+29,6.37,1.1601300712927931e+24,0,0.0001227352986696,2.3118778851775656e-10,True
M2_scalar_phi_massive,0.1,5.343777930616317,0.1539926526059492,0.8229025384727365,1.4125375446227544,1.4125375446227522,6.586369881708067e+24,5.983746100421977e-05,1.1007101189075509e+29,6.37,1.0339670143968708e+24,0,0.0001181143915559,2.2248371309565184e-10,True
M2_scalar_phi_massive,0.1,5.343777930616317,0.1539926526059492,0.8229025384727365,1.5848931924611136,1.5848931924611114,5.870108335968162e+24,5.983746100421977e-05,9.810089260896611e+28,6.37,9.215240715805592e+23,0,0.0001136674587004,2.1410734066097318e-10,True
M2_scalar_phi_massive,0.1,5.343777930616317,0.1539926526059492,0.8229025384727365,1.7782794100389228,1.7782794100389197,5.231739561378347e+24,5.983746100421977e-05,8.743251256949892e+28,6.37,8.213091933090026e+23,0,0.0001093879500814,2.060463334015165e-10,True
M2_scalar_phi_massive,0.1,5.343777930616317,0.1539926526059492,0.8229025384727365,1.9952623149688795,1.9952623149688755,4.662792792149881e+24,5.983746100421977e-05,7.79243088509564e+28,6.37,7.319925890345182e+23,0,0.0001052695622813,1.9828881801597877e-10,True
M2_scalar_phi_massive,0.1,5.343777930616317,0.1539926526059492,0.8229025384727365,2.2387211385683394,2.2387211385683354,4.155718450326848e+24,5.983746100421977e-05,6.945011336683862e+28,6.37,6.523890816839637e+23,0,0.000101306229202,1.9082336822541377e-10,True
M2_scalar_phi_massive,0.1,5.343777930616317,0.1539926526059492,0.8229025384727365,2.51188643150958,2.511886431509575,3.7037879674735175e+24,5.983746100421977e-05,6.1897478691689885e+28,6.37,5.814423810790451e+23,0,9.749211313065268e-05,1.8363898794312007e-10,True
M2_scalar_phi_massive,0.1,5.343777930616317,0.1539926526059492,0.8229025384727365,2.8183829312644537,2.8183829312644506,3.301004500659251e+24,5.983746100421977e-05,5.516618595208213e+28,6.37,5.182110676074177e+23,0,9.38215961401569e-05,1.7672509507817259e-10,True
M2_scalar_phi_massive,0.1,5.343777930616317,0.1539926526059492,0.8229025384727365,3.1622776601683795,3.162277660168373,2.9420233579962745e+24,5.983746100421977e-05,4.916691498305387e+28,6.37,4.61856100156401e+23,0,9.02892718151485e-05,1.7007150594874119e-10,True
M2_scalar_phi_massive,0.1,5.343777930616317,0.1539926526059492,0.8229025384727365,3.548133892335755,3.548133892335748,2.622081077825572e+24,5.983746100421977e-05,4.382005910378887e+28,6.37,4.116296825471856e+23,0,8.688993728833545e-05,1.6366842028223734e-10,True
M2_scalar_phi_massive,0.1,5.343777930616317,0.1539926526059492,0.8229025384727365,3.9810717055349722,3.981071705534965,2.336932220474784e+24,5.983746100421977e-05,3.905466878532801e+28,6.37,3.668653407338749e+23,0,8.361858557712025e-05,1.5750640678019674e-10,True
M2_scalar_phi_massive,0.1,5.343777930616317,0.1539926526059492,0.8229025384727365,4.466835921509632,4.466835921509624,2.0827930338531275e+24,5.983746100421977e-05,3.4807510193426286e+28,6.37,3.269690790978222e+23,0,8.047039820866384e-05,1.515763892266345e-10,True
M2_scalar_phi_massive,0.1,5.343777930616317,0.1539926526059492,0.8229025384727365,5.011872336272722,5.011872336272715,1.85629124536003e+24,5.983746100421977e-05,3.1022226113991085e+28,6.37,2.914114984866609e+23,0,7.744073812261128e-05,1.4586963311941218e-10,True
M2_scalar_phi_massive,0.1,5.343777930616317,0.1539926526059492,0.8229025384727365,5.623413251903491,5.6234132519034805,1.654421313876586e+24,5.983746100421977e-05,2.764858812709174e+28,6.37,2.5972077140919715e+23,0,7.452514284102531e-05,1.4037773280492573e-10,True
M2_scalar_phi_massive,0.1,5.343777930616317,0.1539926526059492,0.8229025384727365,6.309573444801933,6.309573444801922,1.474504548060971e+24,5.983746100421977e-05,2.464183010634405e+28,6.37,2.3147638117126703e+23,0,7.171931789546773e-05,1.3509259909716374e-10,True
M2_scalar_phi_massive,0.1,5.343777930616317,0.1539926526059492,0.8229025384727365,7.079457843841379,7.079457843841369,1.314153561741815e+24,5.983746100421977e-05,2.196205419961151e+28,6.37,2.063035418746962e+23,0,6.901913050154701e-05,1.300064473629014e-10,True
M2_scalar_phi_massive,0.1,5.343777930616317,0.1539926526059492,0.8229025384727365,7.943282347242816,7.943282347242798,1.1712405947541952e+24,5.983746100421977e-05,1.957370140874792e+28,6.37,1.838682252361374e+23,0,6.64206034716152e-05,1.2511178605547828e-10,True
M2_scalar_phi_massive,0.1,5.343777930616317,0.1539926526059492,0.8229025384727365,8.912509381337454,8.912509381337442,1.0438692788550026e+24,5.983746100421977e-05,1.74450797432964e+28,6.37,1.6387272823469428e+23,0,6.391990935664793e-05,1.2040140568027318e-10,True
M2_scalar_phi_massive,0.1,5.343777930616317,0.1539926526059492,0.8229025384727365,10.0,9.999999999999975,9.303494740685178e+23,5.983746100421977e-05,1.5547943687030923e+28,6.37,1.4605172277370766e+23,0,6.15133648086792e-05,1.1586836817562129e-10,True
M2_scalar_phi_massive,0.1,5.343777930616317,0.1778279410038923,0.95027302658354,0.1,0.0999999999999998,7.061222922065194e+25,5.983746100421977e-05,1.1800672694931413e+30,6.37,1.1085122326632958e+25,0,0.0003441109999221,8.643586100777978e-10,True
M2_scalar_phi_massive,0.1,5.343777930616317,0.1778279410038923,0.95027302658354,0.11220184543019636,0.1122018454301961,6.293321553662111e+25,5.983746100421977e-05,1.0517360609966896e+30,6.37,9.87962567293895e+24,0,0.0003311554363255,8.3181604984095e-10,True
M2_scalar_phi_massive,0.1,5.343777930616317,0.1778279410038923,0.95027302658354,0.12589254117941673,0.1258925411794165,5.608928738678678e+25,5.983746100421977e-05,9.373607510323898e+29,6.37,8.805225649417077e+24,0,0.000318687641583,8.004986966124221e-10,True
M2_scalar_phi_massive,0.1,5.343777930616317,0.1778279410038923,0.95027302658354,0.14125375446227545,0.1412537544622751,4.9989630002726974e+25,5.983746100421977e-05,8.354236487273697e+29,6.37,7.847665620522288e+24,0,0.0003066892515027,7.703604221158177e-10,True
M2_scalar_phi_massive,0.1,5.343777930616317,0.1778279410038923,0.95027302658354,0.15848931924611134,0.1584893192461111,4.455330463688926e+25,5.983746100421977e-05,7.44572110667385e+29,6.37,6.994239346450433e+24,0,0.0002951425932932,7.413568347754531e-10,True
M2_scalar_phi_massive,0.1,5.343777930616317,0.1778279410038923,0.95027302658354,0.1778279410038923,0.177827941003892,3.97081745545861e+25,5.983746100421977e-05,6.636005921405298e+29,6.37,6.233622379055903e+24,0,0.0002840306595325,7.134452143306616e-10,True
M2_scalar_phi_massive,0.1,5.343777930616317,0.1778279410038923,0.95027302658354,0.19952623149688797,0.1995262314968877,3.5389947823353385e+25,5.983746100421977e-05,5.914346502913562e+29,6.37,5.555721793305084e+24,0,0.0002733370831173,6.865844489118309e-10,True
M2_scalar_phi_massive,0.1,5.343777930616317,0.1778279410038923,0.95027302658354,0.22387211385683395,0.2238721138568335,3.1541324198068005e+25,5.983746100421977e-05,5.271166869169749e+29,6.37,4.951542260293251e+24,0,0.0002630461131558,6.607349744854867e-10,True
M2_scalar_phi_massive,0.1,5.343777930616317,0.1778279410038923,0.95027302658354,0.251188643150958,0.2511886431509573,2.811123478150872e+25,5.983746100421977e-05,4.6979324172070575e+29,6.37,4.413066684695247e+24,0,0.0002531425917671,6.358587165792336e-10,True
M2_scalar_phi_massive,0.1,5.343777930616317,0.1778279410038923,0.95027302658354,0.28183829312644537,0.2818382931264448,2.5054164371117628e+25,5.983746100421977e-05,4.187036674124725e+29,6.37,3.933149822781417e+24,0,0.0002436119317551,6.119190342007101e-10,True
M2_scalar_phi_massive,0.1,5.343777930616317,0.1778279410038923,0.95027302658354,0.31622776601683794,0.3162277660168371,2.232954749991565e+25,5.983746100421977e-05,3.731700363814059e+29,6.37,3.505423469374513e+24,0,0.0002344400951225,5.888806658679666e-10,True
M2_scalar_phi_massive,0.1,5.343777930616317,0.1778279410038923,0.95027302658354,0.35481338923357547,0.3548133892335747,1.990123015740185e+25,5.983746100421977e-05,3.32588145008332e+29,6.37,3.124211955636084e+24,0,0.000225613572394,5.667096776717611e-10,True
M2_scalar_phi_massive,0.1,5.343777930616317,0.1778279410038923,0.95027302658354,0.3981071705534972,0.3981071705534963,1.7736990047799988e+25,5.983746100421977e-05,2.96419496250838e+29,6.37,2.784456836389323e+24,0,0.0002171193627173,5.453734132932781e-10,True
M2_scalar_phi_massive,0.1,5.343777930616317,0.1778279410038923,0.95027302658354,0.44668359215096315,0.4466835921509622,1.5808109019770648e+25,5.983746100421977e-05,2.6418415411469167e+29,6.37,2.481649767624905e+24,0,0.0002089449547141,5.248404459036501e-10,True
M2_scalar_phi_massive,0.1,5.343777930616317,0.1778279410038923,0.95027302658354,0.5011872336272722,0.5011872336272714,1.4088991993991111e+25,5.983746100421977e-05,2.3545437519478893e+29,6.37,2.2117726835150883e+24,0,0.0002010783080518,5.050805318744298e-10,True
M2_scalar_phi_massive,0.1,5.343777930616317,0.1778279410038923,0.95027302658354,0.5623413251903491,0.5623413251903477,1.2556827332003412e+25,5.983746100421977e-05,2.0984893278005057e+29,6.37,1.971244479121415e+24,0,0.0001935078357088,4.860645662308371e-10,True
M2_scalar_phi_massive,0.1,5.343777930616317,0.1778279410038923,0.95027302658354,0.6309573444801932,0.6309573444801918,1.1191284139631497e+25,5.983746100421977e-05,1.8702805820658533e+29,6.37,1.7568734913079272e+24,0,0.0001862223869073,4.677645397821614e-10,True
M2_scalar_phi_massive,0.1,5.343777930616317,0.1778279410038923,0.95027302658354,0.7079457843841379,0.7079457843841366,9.97424248836788e+24,5.983746100421977e-05,1.6668893233395196e+29,6.37,1.565815147310499e+24,0,0.0001792112306895,4.501534978661766e-10,True
M2_scalar_phi_massive,0.1,5.343777930616317,0.1778279410038923,0.95027302658354,0.7943282347242815,0.7943282347242794,8.889552974931337e+24,5.983746100421977e-05,1.4856166731914714e+29,6.37,1.3955342189845112e+24,0,0.0001724640401117,4.332055006468057e-10,True
M2_scalar_phi_massive,0.1,5.343777930616317,0.1778279410038923,0.95027302658354,0.8912509381337456,0.8912509381337438,7.922822428497181e+24,5.983746100421977e-05,1.3240572536890326e+29,6.37,1.243771181867689e+24,0,0.0001659708770326,4.168955849065512e-10,True
M2_scalar_phi_massive,0.1,5.343777930616317,0.1778279410038923,0.95027302658354,1.0,0.9999999999999978,7.061222922065194e+24,5.983746100421977e-05,1.1800672694931413e+29,6.37,1.1085122326632958e+24,0,0.0001597221774762,4.01199727277417e-10,True
M2_scalar_phi_massive,0.1,5.343777930616317,0.1778279410038923,0.95027302658354,1.1220184543019633,1.1220184543019616,6.293321553662111e+24,5.983746100421977e-05,1.0517360609966895e+29,6.37,9.87962567293895e+23,0,0.0001537087375438,3.8609480885616444e-10,True
M2_scalar_phi_massive,0.1,5.343777930616317,0.1778279410038923,0.95027302658354,1.2589254117941673,1.2589254117941646,5.608928738678677e+24,5.983746100421977e-05,9.373607510323896e+28,6.37,8.805225649417075e+23,0,0.0001479216998582,3.715585811517802e-10,True
M2_scalar_phi_massive,0.1,5.343777930616317,0.1778279410038923,0.95027302658354,1.4125375446227544,1.4125375446227522,4.998963000272697e+24,5.983746100421977e-05,8.354236487273694e+28,6.37,7.847665620522286e+23,0,0.0001423525405164,3.5756963331500074e-10,True
M2_scalar_phi_massive,0.1,5.343777930616317,0.1778279410038923,0.95027302658354,1.5848931924611136,1.58489319246111,4.455330463688924e+24,5.983746100421977e-05,7.445721106673847e+28,6.37,6.99423934645043e+23,0,0.0001369930565353,3.4410736060162577e-10,True
M2_scalar_phi_massive,0.1,5.343777930616317,0.1778279410038923,0.95027302658354,1.7782794100389228,1.7782794100389208,3.97081745545861e+24,5.983746100421977e-05,6.636005921405298e+28,6.37,6.233622379055903e+23,0,0.0001318353537689,3.3115193402316745e-10,True
M2_scalar_phi_massive,0.1,5.343777930616317,0.1778279410038923,0.95027302658354,1.9952623149688795,1.9952623149688755,3.5389947823353386e+24,5.983746100421977e-05,5.914346502913562e+28,6.37,5.555721793305084e+23,0,0.0001268718352809,3.186842711401338e-10,True
M2_scalar_phi_massive,0.1,5.343777930616317,0.1778279410038923,0.95027302658354,2.2387211385683394,2.238721138568335,3.154132419806801e+24,5.983746100421977e-05,5.271166869169749e+28,6.37,4.951542260293251e+23,0,0.0001220951901549,3.066860079549261e-10,True
M2_scalar_phi_massive,0.1,5.343777930616317,0.1778279410038923,0.95027302658354,2.51188643150958,2.5118864315095744,2.8111234781508715e+24,5.983746100421977e-05,4.697932417207056e+28,6.37,4.413066684695245e+23,0,0.0001174983827258,2.951394718629523e-10,True
M2_scalar_phi_massive,0.1,5.343777930616317,0.1778279410038923,0.95027302658354,2.8183829312644537,2.8183829312644484,2.5054164371117617e+24,5.983746100421977e-05,4.187036674124723e+28,6.37,3.933149822781415e+23,0,0.0001130746422169,2.840276556221131e-10,True
M2_scalar_phi_massive,0.1,5.343777930616317,0.1778279410038923,0.95027302658354,3.1622776601683795,3.1622776601683733,2.2329547499915648e+24,5.983746100421977e-05,3.731700363814059e+28,6.37,3.505423469374513e+23,0,0.0001088174527672,2.733341923023212e-10,True
M2_scalar_phi_massive,0.1,5.343777930616317,0.1778279410038923,0.95027302658354,3.548133892335755,3.548133892335747,1.990123015740185e+24,5.983746100421977e-05,3.325881450083319e+28,6.37,3.124211955636083e+23,0,0.0001047205438335,2.630433311781544e-10,True
M2_scalar_phi_massive,0.1,5.343777930616317,0.1778279410038923,0.95027302658354,3.9810717055349722,3.981071705534967,1.773699004779999e+24,5.983746100421977e-05,2.96419496250838e+28,6.37,2.7844568363893232e+23,0,0.0001007778809549,2.5313991452913674e-10,True
M2_scalar_phi_massive,0.1,5.343777930616317,0.1778279410038923,0.95027302658354,4.466835921509632,4.466835921509621,1.5808109019770645e+24,5.983746100421977e-05,2.641841541146916e+28,6.37,2.4816497676249048e+23,0,9.69836568640993e-05,2.436093553134733e-10,True
M2_scalar_phi_massive,0.1,5.343777930616317,0.1778279410038923,0.95027302658354,5.011872336272722,5.011872336272711,1.408899199399111e+24,5.983746100421977e-05,2.354543751947889e+28,6.37,2.211772683515088e+23,0,9.333228293354325e-05,2.344376156823556e-10,True
M2_scalar_phi_massive,0.1,5.343777930616317,0.1778279410038923,0.95027302658354,5.623413251903491,5.623413251903478,1.2556827332003412e+24,5.983746100421977e-05,2.0984893278005057e+28,6.37,1.9712444791214143e+23,0,8.981838094425898e-05,2.2561118630318929e-10,True
M2_scalar_phi_massive,0.1,5.343777930616317,0.1778279410038923,0.95027302658354,6.309573444801933,6.309573444801919,1.1191284139631496e+24,5.983746100421977e-05,1.8702805820658532e+28,6.37,1.756873491307927e+23,0,8.643677516376977e-05,2.1711706646129006e-10,True
M2_scalar_phi_massive,0.1,5.343777930616317,0.1778279410038923,0.95027302658354,7.079457843841379,7.079457843841362,9.974242488367878e+23,5.983746100421977e-05,1.6668893233395197e+28,6.37,1.5658151473104987e+23,0,8.318248472268459e-05,2.0894274491073794e-10,True
M2_scalar_phi_massive,0.1,5.343777930616317,0.1778279410038923,0.95027302658354,7.943282347242816,7.943282347242801,8.889552974931334e+23,5.983746100421977e-05,1.4856166731914709e+28,6.37,1.3955342189845108e+23,0,8.005071627822493e-05,2.0107618144618464e-10,True
M2_scalar_phi_massive,0.1,5.343777930616317,0.1778279410038923,0.95027302658354,8.912509381337454,8.912509381337436,7.92282242849718e+23,5.983746100421977e-05,1.3240572536890325e+28,6.37,1.2437711818676891e+23,0,7.703685695396544e-05,1.935057891684716e-10,True
M2_scalar_phi_massive,0.1,5.343777930616317,0.1778279410038923,0.95027302658354,10.0,9.999999999999972,7.061222922065194e+23,5.983746100421977e-05,1.1800672694931412e+28,6.37,1.1085122326632958e+23,0,7.41364675453886e-05,1.8622041741793508e-10,True
M2_scalar_phi_massive,0.1,5.343777930616317,0.2053525026457146,1.0973581716349985,0.1,0.0999999999999998,5.398050918602368e+25,5.983746100421977e-05,9.021189783138852e+29,6.37,8.474177266251755e+24,0,0.0004146911509873,1.389057344216905e-09,True
M2_scalar_phi_massive,0.1,5.343777930616317,0.2053525026457146,1.0973581716349985,0.11220184543019636,0.1122018454301961,4.811017945298087e+25,5.983746100421977e-05,8.040143857305062e+29,6.37,7.552618438458535e+24,0,0.0003990782889143,1.336760205310004e-09,True
M2_scalar_phi_massive,0.1,5.343777930616317,0.2053525026457146,1.0973581716349985,0.12589254117941673,0.1258925411794164,4.2878242571252056e+25,5.983746100421977e-05,7.165785755553408e+29,6.37,6.731278268642395e+24,0,0.0003840532413186,1.2864320209241202e-09,True
M2_scalar_phi_massive,0.1,5.343777930616317,0.2053525026457146,1.0973581716349985,0.14125375446227545,0.1412537544622751,3.8215273917154698e+25,5.983746100421977e-05,6.386513277102405e+29,6.37,5.999258071766829e+24,0,0.0003695938773532,1.2379986611548859e-09,True
M2_scalar_phi_massive,0.1,5.343777930616317,0.2053525026457146,1.0973581716349985,0.15848931924611134,0.158489319246111,3.4059398729702184e+25,5.983746100421977e-05,5.6919859496211406e+29,6.37,5.346844384568632e+24,0,0.0003556788993837,1.1913887870423991e-09,True
M2_scalar_phi_massive,0.1,5.343777930616317,0.2053525026457146,1.0973581716349985,0.1778279410038923,0.1778279410038919,3.035547107011837e+25,5.983746100421977e-05,5.07298781744394e+29,6.37,4.765380073801942e+24,0,0.0003422878116185,1.146533745493912e-09,True
M2_scalar_phi_massive,0.1,5.343777930616317,0.2053525026457146,1.0973581716349985,0.19952623149688797,0.1995262314968875,2.705434206873477e+25,5.983746100421977e-05,4.521305151437973e+29,6.37,4.247149461339838e+24,0,0.0003294008899195,1.1033674681626126e-09,True
M2_scalar_phi_massive,0.1,5.343777930616317,0.2053525026457146,1.0973581716349985,0.22387211385683395,0.2238721138568336,2.411220774935112e+25,5.983746100421977e-05,4.02961745780803e+29,6.37,3.7852759418133625e+24,0,0.0003169991527501,1.0618263741335636e-09,True
M2_scalar_phi_massive,0.1,5.343777930616317,0.2053525026457146,1.0973581716349985,0.251188643150958,0.2511886431509575,2.149002777708496e+25,5.983746100421977e-05,3.591400339591526e+29,6.37,3.373630734236257e+24,0,0.0003050643332167,1.021849276273446e-09,True
M2_scalar_phi_massive,0.1,5.343777930616317,0.2053525026457146,1.0973581716349985,0.28183829312644537,0.2818382931264448,1.915300741684722e+25,5.983746100421977e-05,3.2008389218748e+29,6.37,3.006751556804901e+24,0,0.0002935788521628,9.833772911061842e-10,True
M2_scalar_phi_massive,0.1,5.343777930616317,0.2053525026457146,1.0973581716349985,0.31622776601683794,0.3162277660168374,1.707013582834767e+25,5.983746100421977e-05,2.852750691935922e+29,6.37,2.679770145737468e+24,0,0.0002825257922761,9.46353752081692e-10,True
M2_scalar_phi_massive,0.1,5.343777930616317,0.2053525026457146,1.0973581716349985,0.35481338923357547,0.3548133892335749,1.521377457108532e+25,5.983746100421977e-05,2.542516730449582e+29,6.37,2.388347656371322e+24,0,0.0002718888731705,9.107241261099975e-10,True
M2_scalar_phi_massive,0.1,5.343777930616317,0.2053525026457146,1.0973581716349985,0.3981071705534972,0.3981071705534966,1.3559290859035112e+25,5.983746100421977e-05,2.266020421233933e+29,6.37,2.1286170893304729e+24,0,0.0002616524274063,8.764359332378081e-10,True
M2_scalar_phi_massive,0.1,5.343777930616317,0.2053525026457146,1.0973581716349985,0.44668359215096315,0.4466835921509626,1.2084730698543366e+25,5.983746100421977e-05,2.019592826254968e+29,6.37,1.897131977793307e+24,0,0.0002518013774131,8.43438669349198e-10,True
M2_scalar_phi_massive,0.1,5.343777930616317,0.2053525026457146,1.0973581716349985,0.5011872336272722,0.5011872336272716,1.0770527572170447e+25,5.983746100421977e-05,1.799964001047923e+29,6.37,1.690820654971813e+24,0,0.0002423212132814,8.116837317765711e-10,True
M2_scalar_phi_massive,0.1,5.343777930616317,0.2053525026457146,1.0973581716349985,0.5623413251903491,0.5623413251903481,9.599242802892286e+24,5.983746100421977e-05,1.6042196045409315e+29,6.37,1.5069454949595425e+24,0,0.0002331979713909,7.811243477123211e-10,True
M2_scalar_phi_massive,0.1,5.343777930616317,0.2053525026457146,1.0973581716349985,0.6309573444801932,0.6309573444801925,8.555334153451354e+24,5.983746100421977e-05,1.4297622275196514e+29,6.37,1.3430665860991136e+24,0,0.0002244182138428,7.517155053157507e-10,True
M2_scalar_phi_massive,0.1,5.343777930616317,0.2053525026457146,1.0973581716349985,0.7079457843841379,0.707945784384137,7.624949590311193e+24,5.983746100421977e-05,1.274276926585083e+29,6.37,1.197009354836922e+24,0,0.0002159690086667,7.234138874137684e-10,True
M2_scalar_phi_massive,0.1,5.343777930616317,0.2053525026457146,1.0973581716349985,0.7943282347242815,0.7943282347242802,6.79574347558737e+24,5.983746100421977e-05,1.1357005062611411e+29,6.37,1.0668357104532764e+24,0,0.000207837910773,6.961778076977163e-10,True
M2_scalar_phi_massive,0.1,5.343777930616317,0.2053525026457146,1.0973581716349985,0.8912509381337456,0.8912509381337439,6.056712747933523e+24,5.983746100421977e-05,1.0121941416442118e+29,6.37,9.508183277760632e+23,0,0.0002000129436217,6.699671493223455e-10,True
M2_scalar_phi_massive,0.1,5.343777930616317,0.2053525026457146,1.0973581716349985,1.0,0.999999999999998,5.398050918602369e+24,5.983746100421977e-05,9.021189783138852e+28,6.37,8.474177266251756e+23,0,0.000192482581582,6.44743305816501e-10,True
M2_scalar_phi_massive,0.1,5.343777930616317,0.2053525026457146,1.0973581716349985,1.1220184543019633,1.1220184543019611,4.811017945298087e+24,5.983746100421977e-05,8.04014385730506e+28,6.37,7.552618438458536e+23,0,0.0001852357329562,6.204691242184841e-10,True
M2_scalar_phi_massive,0.1,5.343777930616317,0.2053525026457146,1.0973581716349985,1.2589254117941673,1.2589254117941662,4.287824257125205e+24,5.983746100421977e-05,7.165785755553407e+28,6.37,6.731278268642394e+23,0,0.0001782617236417,5.971088503523313e-10,True
M2_scalar_phi_massive,0.1,5.343777930616317,0.2053525026457146,1.0973581716349985,1.4125375446227544,1.412537544622751,3.8215273917154686e+24,5.983746100421977e-05,6.386513277102403e+28,6.37,5.999258071766826e+23,0,0.0001715502814094,5.746280761644086e-10,True
M2_scalar_phi_massive,0.1,5.343777930616317,0.2053525026457146,1.0973581716349985,1.5848931924611136,1.5848931924611118,3.405939872970217e+24,5.983746100421977e-05,5.691985949621139e+28,6.37,5.34684438456863e+23,0,0.0001650915207731,5.529936890427473e-10,True
M2_scalar_phi_massive,0.1,5.343777930616317,0.2053525026457146,1.0973581716349985,1.7782794100389228,1.77827941003892,3.035547107011837e+24,5.983746100421977e-05,5.07298781744394e+28,6.37,4.765380073801943e+23,0,0.000158875928429,5.321738230444776e-10,True
M2_scalar_phi_massive,0.1,5.343777930616317,0.2053525026457146,1.0973581716349985,1.9952623149688795,1.9952623149688773,2.705434206873477e+24,5.983746100421977e-05,4.521305151437974e+28,6.37,4.247149461339838e+23,0,0.0001528943492432,5.121378119595185e-10,True
M2_scalar_phi_massive,0.1,5.343777930616317,0.2053525026457146,1.0973581716349985,2.2387211385683394,2.2387211385683368,2.411220774935112e+24,5.983746100421977e-05,4.02961745780803e+28,6.37,3.785275941813363e+23,0,0.0001471379727669,4.928561441413894e-10,True
M2_scalar_phi_massive,0.1,5.343777930616317,0.2053525026457146,1.0973581716349985,2.51188643150958,2.5118864315095766,2.149002777708495e+24,5.983746100421977e-05,3.5914003395915245e+28,6.37,3.373630734236256e+23,0,0.0001415983202592,4.743004190386127e-10,True
M2_scalar_phi_massive,0.1,5.343777930616317,0.2053525026457146,1.0973581716349985,2.8183829312644537,2.818382931264451,1.915300741684721e+24,5.983746100421977e-05,3.2008389218747983e+28,6.37,3.0067515568048995e+23,0,0.0001362672321984,4.5644330536268475e-10,True
M2_scalar_phi_massive,0.1,5.343777930616317,0.2053525026457146,1.0973581716349985,3.1622776601683795,3.1622776601683737,1.707013582834767e+24,5.983746100421977e-05,2.852750691935922e+28,6.37,2.679770145737468e+23,0,0.0001311368562636,4.3925850083099374e-10,True
M2_scalar_phi_massive,0.1,5.343777930616317,0.2053525026457146,1.0973581716349985,3.548133892335755,3.548133892335748,1.521377457108532e+24,5.983746100421977e-05,2.5425167304495816e+28,6.37,2.3883476563713216e+23,0,0.0001261996357692,4.2272069342539213e-10,True
M2_scalar_phi_massive,0.1,5.343777930616317,0.2053525026457146,1.0973581716349985,3.9810717055349722,3.9810717055349674,1.3559290859035113e+24,5.983746100421977e-05,2.266020421233933e+28,6.37,2.128617089330473e+23,0,0.0001214482985337,4.0680552410936045e-10,True
M2_scalar_phi_massive,0.1,5.343777930616317,0.2053525026457146,1.0973581716349985,4.466835921509632,4.466835921509626,1.2084730698543364e+24,5.983746100421977e-05,2.019592826254968e+28,6.37,1.8971319777933067e+23,0,0.0001168758461689,3.9148955094884577e-10,True
M2_scalar_phi_massive,0.1,5.343777930616317,0.2053525026457146,1.0973581716349985,5.011872336272722,5.011872336272717,1.0770527572170446e+24,5.983746100421977e-05,1.7999640010479223e+28,6.37,1.6908206549718125e+23,0,0.0001124755437714,3.7675021458392814e-10,True
M2_scalar_phi_massive,0.1,5.343777930616317,0.2053525026457146,1.0973581716349985,5.623413251903491,5.6234132519034805,9.599242802892283e+23,5.983746100421977e-05,1.6042196045409315e+28,6.37,1.5069454949595424e+23,0,0.0001082409100029,3.625658050004576e-10,True
M2_scalar_phi_massive,0.1,5.343777930616317,0.2053525026457146,1.0973581716349985,6.309573444801933,6.309573444801922,8.555334153451354e+23,5.983746100421977e-05,1.4297622275196513e+28,6.37,1.3430665860991135e+23,0,0.0001041657075432,3.4891542955271763e-10,True
M2_scalar_phi_massive,0.1,5.343777930616317,0.2053525026457146,1.0973581716349985,7.079457843841379,7.079457843841367,7.624949590311192e+23,5.983746100421977e-05,1.274276926585083e+28,6.37,1.1970093548369216e+23,0,0.0001002439339034,3.3577898219001595e-10,True
M2_scalar_phi_massive,0.1,5.343777930616317,0.2053525026457146,1.0973581716349985,7.943282347242816,7.943282347242802,6.795743475587368e+23,5.983746100421977e-05,1.135700506261141e+28,6.37,1.066835710453276e+23,0,9.646981258455444e-05,3.2313711384187446e-10,True
M2_scalar_phi_massive,0.1,5.343777930616317,0.2053525026457146,1.0973581716349985,8.912509381337454,8.91250938133744,6.056712747933521e+23,5.983746100421977e-05,1.0121941416442117e+28,6.37,9.50818327776063e+22,0,9.28377845692522e-05,3.1097120391819836e-10,True
M2_scalar_phi_massive,0.1,5.343777930616317,0.2053525026457146,1.0973581716349985,10.0,9.999999999999972,5.398050918602369e+23,5.983746100421977e-05,9.021189783138852e+27,6.37,8.474177266251755e+22,0,8.934250013363066e-05,2.99263332882446e-10,True
M2_scalar_phi_massive,0.1,5.343777930616317,0.2371373705661655,1.2672094473558586,0.1,0.0999999999999998,4.164346937395953e+25,5.983746100421977e-05,6.959431211665683e+29,6.37,6.537436322442626e+24,0,0.0004997049088515,2.232076230308099e-09,True
M2_scalar_phi_massive,0.1,5.343777930616317,0.2371373705661655,1.2672094473558586,0.11220184543019636,0.1122018454301962,3.711478114668532e+25,5.983746100421977e-05,6.202599596274309e+29,6.37,5.826496255366612e+24,0,0.0004808913320475,2.1480399584052837e-09,True
M2_scalar_phi_massive,0.1,5.343777930616317,0.2371373705661655,1.2672094473558586,0.12589254117941673,0.1258925411794166,3.307858351561195e+25,5.983746100421977e-05,5.528072709047469e+29,6.37,5.192870253628249e+24,0,0.0004627860746253,2.0671675994994487e-09,True
M2_scalar_phi_massive,0.1,5.343777930616317,0.2371373705661655,1.2672094473558586,0.14125375446227545,0.1412537544622752,2.9481318590424595e+25,5.983746100421977e-05,4.926899988010112e+29,6.37,4.628150485152997e+24,0,0.000445362468804,1.9893400342481275e-09,True
M2_scalar_phi_massive,0.1,5.343777930616317,0.2371373705661655,1.2672094473558586,0.15848931924611134,0.1584893192461111,2.627525285113576e+25,5.983746100421977e-05,4.391104236405153e+29,6.37,4.12484346171676e+24,0,0.0004285948508277,1.9144426280774807e-09,True
M2_scalar_phi_massive,0.1,5.343777930616317,0.2371373705661655,1.2672094473558586,0.1778279410038923,0.1778279410038921,2.3417843753276115e+25,5.983746100421977e-05,3.913575770139157e+29,6.37,3.676270604909908e+24,0,0.000412458523165,1.8423650623335663e-09,True
M2_scalar_phi_massive,0.1,5.343777930616317,0.2371373705661655,1.2672094473558586,0.19952623149688797,0.1995262314968877,2.087117521417681e+25,5.983746100421977e-05,3.487978076594019e+29,6.37,3.276479625459468e+24,0,0.0003969297181311,1.7730011717906612e-09,True
M2_scalar_phi_massive,0.1,5.343777930616317,0.2371373705661655,1.2672094473558586,0.22387211385683395,0.2238721138568338,1.8601454489588857e+25,5.983746100421977e-05,3.108663732954356e+29,6.37,2.920165539966853e+24,0,0.0003819855628795,1.7062487882772876e-09,True
M2_scalar_phi_massive,0.1,5.343777930616317,0.2371373705661655,1.2672094473558586,0.251188643150958,0.2511886431509578,1.6578563764498244e+25,5.983746100421977e-05,2.770599468337922e+29,6.37,2.6026002770012943e+24,0,0.0003676040457121,1.6420095901896275e-09,True
M2_scalar_phi_massive,0.1,5.343777930616317,0.2371373705661655,1.2672094473558586,0.28183829312644537,0.2818382931264451,1.477566050801918e+25,5.983746100421977e-05,2.4692993753490296e+29,6.37,2.3195699384645492e+24,0,0.0003537639836575,1.580188957670657e-09,True
M2_scalar_phi_massive,0.1,5.343777930616317,0.2371373705661655,1.2672094473558586,0.31622776601683794,0.3162277660168375,1.316882128931783e+25,5.983746100421977e-05,2.2007653848128946e+29,6.37,2.067318883723364e+24,0,0.0003404449912699,1.5206958332416995e-09,True
M2_scalar_phi_massive,0.1,5.343777930616317,0.2371373705661655,1.2672094473558586,0.35481338923357547,0.3548133892335752,1.1736724328220156e+25,5.983746100421977e-05,1.961434213826765e+29,6.37,1.842499894540056e+24,0,0.0003276274506026,1.4634425876811127e-09,True
M2_scalar_phi_massive,0.1,5.343777930616317,0.2371373705661655,1.2672094473558586,0.3981071705534972,0.3981071705534968,1.0460366568143367e+25,5.983746100421977e-05,1.7481300831607303e+29,6.37,1.6421297595201517e+24,0,0.0003152924823127,1.4083448909525584e-09,True
M2_scalar_phi_massive,0.1,5.343777930616317,0.2371373705661655,1.2672094473558586,0.44668359215096315,0.4466835921509628,9.322811517080645e+24,5.983746100421977e-05,1.5580225765968236e+29,6.37,1.4635496887096773e+24,0,0.0003034219178522,1.3553215879927423e-09,True
M2_scalar_phi_massive,0.1,5.343777930616317,0.2371373705661655,1.2672094473558586,0.5011872336272722,0.5011872336272717,8.308964510642212e+24,5.983746100421977e-05,1.3885890830254744e+29,6.37,1.304390033067851e+24,0,0.000291998272708,1.304294579175668e-09,True
M2_scalar_phi_massive,0.1,5.343777930616317,0.2371373705661655,1.2672094473558586,0.5623413251903491,0.5623413251903482,7.40537241502987e+24,5.983746100421977e-05,1.2375813229287317e+29,6.37,1.1625388406640298e+24,0,0.0002810047206477,1.2551887052773355e-09,True
M2_scalar_phi_massive,0.1,5.343777930616317,0.2371373705661655,1.2672094473558586,0.6309573444801932,0.6309573444801926,6.60004511212513e+24,5.983746100421977e-05,1.1029955150770335e+29,6.37,1.0361138323587333e+24,0,0.0002704250689361,1.2079316367714492e-09,True
M2_scalar_phi_massive,0.1,5.343777930616317,0.2371373705661655,1.2672094473558586,0.7079457843841379,0.7079457843841374,5.882296397906565e+24,5.983746100421977e-05,9.830457875697202e+28,6.37,9.234374251030712e+23,0,0.0002602437344844,1.1624537672930726e-09,True
M2_scalar_phi_massive,0.1,5.343777930616317,0.2371373705661655,1.2672094473558586,0.7943282347242815,0.7943282347242803,5.242602183014979e+24,5.983746100421977e-05,8.7614048039994e+28,6.37,8.230144714309228e+23,0,0.0002504457208972,1.1186881111133066e-09,True
M2_scalar_phi_massive,0.1,5.343777930616317,0.2371373705661655,1.2672094473558586,0.8912509381337456,0.891250938133745,4.672474113874121e+24,5.983746100421977e-05,7.808610250933968e+28,6.37,7.335124197604586e+23,0,0.0002410165963842,1.076570204473985e-09,True
M2_scalar_phi_massive,0.1,5.343777930616317,0.2371373705661655,1.2672094473558586,1.0,0.9999999999999988,4.1643469373959526e+24,5.983746100421977e-05,6.959431211665683e+28,6.37,6.537436322442625e+23,0,0.0002319424725026,1.036038010637058e-09,True
M2_scalar_phi_massive,0.1,5.343777930616317,0.2371373705661655,1.2672094473558586,1.1220184543019633,1.1220184543019625,3.7114781146685326e+24,5.983746100421977e-05,6.202599596274308e+28,6.37,5.826496255366613e+23,0,0.0002232099837012,9.970318285088023e-10,True
M2_scalar_phi_massive,0.1,5.343777930616317,0.2371373705661655,1.2672094473558586,1.2589254117941673,1.2589254117941655,3.307858351561194e+24,5.983746100421977e-05,5.528072709047468e+28,6.37,5.192870253628248e+23,0,0.0002148062676332,9.594942047042771e-10,True
M2_scalar_phi_massive,0.1,5.343777930616317,0.2371373705661655,1.2672094473558586,1.4125375446227544,1.412537544622753,2.948131859042459e+24,5.983746100421977e-05,4.926899988010111e+28,6.37,4.628150485152997e+23,0,0.000206718946211,9.233698489224971e-10,True
M2_scalar_phi_massive,0.1,5.343777930616317,0.2371373705661655,1.2672094473558586,1.5848931924611136,1.584893192461111,2.627525285113575e+24,5.983746100421977e-05,4.391104236405151e+28,6.37,4.1248434617167583e+23,0,0.0001989361073745,8.886055525076736e-10,True
M2_scalar_phi_massive,0.1,5.343777930616317,0.2371373705661655,1.2672094473558586,1.7782794100389228,1.7782794100389212,2.341784375327612e+24,5.983746100421977e-05,3.913575770139157e+28,6.37,3.6762706049099087e+23,0,0.0001914462875451,8.551501100765793e-10,True
M2_scalar_phi_massive,0.1,5.343777930616317,0.2371373705661655,1.2672094473558586,1.9952623149688795,1.995262314968878,2.087117521417681e+24,5.983746100421977e-05,3.487978076594019e+28,6.37,3.2764796254594675e+23,0,0.0001842384547406,8.229542440965904e-10,True
M2_scalar_phi_massive,0.1,5.343777930616317,0.2371373705661655,1.2672094473558586,2.2387211385683394,2.238721138568337,1.8601454489588856e+24,5.983746100421977e-05,3.1086637329543566e+28,6.37,2.920165539966854e+23,0,0.0001773019923262,7.919705323033194e-10,True
M2_scalar_phi_massive,0.1,5.343777930616317,0.2371373705661655,1.2672094473558586,2.51188643150958,2.511886431509579,1.657856376449824e+24,5.983746100421977e-05,2.770599468337921e+28,6.37,2.602600277001293e+23,0,0.0001706266833768,7.621533378509271e-10,True
M2_scalar_phi_massive,0.1,5.343777930616317,0.2371373705661655,1.2672094473558586,2.8183829312644537,2.818382931264451,1.4775660508019173e+24,5.983746100421977e-05,2.4692993753490287e+28,6.37,2.319569938464548e+23,0,0.0001642026956279,7.334587420922338e-10,True
M2_scalar_phi_massive,0.1,5.343777930616317,0.2371373705661655,1.2672094473558586,3.1622776601683795,3.162277660168374,1.3168821289317828e+24,5.983746100421977e-05,2.200765384812894e+28,6.37,2.067318883723364e+23,0,0.0001580205669937,7.058444798896155e-10,True
M2_scalar_phi_massive,0.1,5.343777930616317,0.2371373705661655,1.2672094473558586,3.548133892335755,3.548133892335751,1.1736724328220154e+24,5.983746100421977e-05,1.9614342138267652e+28,6.37,1.842499894540056e+23,0,0.0001520711916302,6.792698773614041e-10,True
M2_scalar_phi_massive,0.1,5.343777930616317,0.2371373705661655,1.2672094473558586,3.9810717055349722,3.981071705534969,1.0460366568143368e+24,5.983746100421977e-05,1.7481300831607305e+28,6.37,1.6421297595201518e+23,0,0.0001463458065224,6.536957919721002e-10,True
M2_scalar_phi_massive,0.1,5.343777930616317,0.2371373705661655,1.2672094473558586,4.466835921509632,4.466835921509629,9.322811517080642e+23,5.983746100421977e-05,1.5580225765968232e+28,6.37,1.463549688709677e+23,0,0.0001408359785776,6.290845548781452e-10,True
M2_scalar_phi_massive,0.1,5.343777930616317,0.2371373705661655,1.2672094473558586,5.011872336272722,5.0118723362727176,8.30896451064221e+23,5.983746100421977e-05,1.388589083025474e+28,6.37,1.3043900330678508e+23,0,0.0001355335922035,6.053999154443456e-10,True
M2_scalar_phi_massive,0.1,5.343777930616317,0.2371373705661655,1.2672094473558586,5.623413251903491,5.623413251903488,7.405372415029869e+23,5.983746100421977e-05,1.2375813229287314e+28,6.37,1.1625388406640297e+23,0,0.000130430837355,5.82606987849216e-10,True
M2_scalar_phi_massive,0.1,5.343777930616317,0.2371373705661655,1.2672094473558586,6.309573444801933,6.309573444801928,6.60004511212513e+23,5.983746100421977e-05,1.1029955150770338e+28,6.37,1.0361138323587331e+23,0,0.0001255201980303,5.606721997005967e-10,True
M2_scalar_phi_massive,0.1,5.343777930616317,0.2371373705661655,1.2672094473558586,7.079457843841379,7.07945784384137,5.882296397906565e+23,5.983746100421977e-05,9.830457875697202e+27,6.37,9.234374251030711e+22,0,0.0001207944412,5.395632425858634e-10,True
M2_scalar_phi_massive,0.1,5.343777930616317,0.2371373705661655,1.2672094473558586,7.943282347242816,7.94328234724281,5.242602183014977e+23,5.983746100421977e-05,8.761404803999397e+27,6.37,8.230144714309225e+22,0,0.0001162466061542,5.192490244838895e-10,True
M2_scalar_phi_massive,0.1,5.343777930616317,0.2371373705661655,1.2672094473558586,8.912509381337454,8.912509381337445,4.67247411387412e+23,5.983746100421977e-05,7.808610250933966e+27,6.37,7.335124197604584e+22,0,0.0001118699942492,4.996996239686674e-10,True
M2_scalar_phi_massive,0.1,5.343777930616317,0.2371373705661655,1.2672094473558586,10.0,9.99999999999998,4.164346937395952e+23,5.983746100421977e-05,6.959431211665683e+27,6.37,6.537436322442625e+22,0,0.0001076581590409,4.808862461371366e-10,True
M2_scalar_phi_massive,0.1,5.343777930616317,0.2738419634264361,1.46335064063483,0.1,0.0999999999999998,3.249707165848332e+25,5.983746100421977e-05,5.430890802033128e+29,6.37,5.101581108082154e+24,0,0.0006020934022159,3.586404535443365e-09,True
M2_scalar_phi_massive,0.1,5.343777930616317,0.2738419634264361,1.46335064063483,0.11220184543019636,0.1122018454301961,2.8963045602222806e+25,5.983746100421977e-05,4.840286522213955e+29,6.37,4.546788948543611e+24,0,0.0005794249627726,3.4513786512008687e-09,True
M2_scalar_phi_massive,0.1,5.343777930616317,0.2738419634264361,1.46335064063483,0.12589254117941673,0.1258925411794164,2.581334156419153e+25,5.983746100421977e-05,4.313909903759312e+29,6.37,4.052329915885641e+24,0,0.0005576099758749,3.321436406920146e-09,True
M2_scalar_phi_massive,0.1,5.343777930616317,0.2738419634264361,1.46335064063483,0.14125375446227545,0.1412537544622752,2.3006164885452507e+25,5.983746100421977e-05,3.844776248749942e+29,6.37,3.611642839160519e+24,0,0.000536616309569,3.196386406741019e-09,True
M2_scalar_phi_massive,0.1,5.343777930616317,0.2738419634264361,1.46335064063483,0.15848931924611134,0.1584893192461109,2.0504266037019183e+25,5.983746100421977e-05,3.42666043861273e+29,6.37,3.2188800686058373e+24,0,0.0005164130416492,3.076044460737556e-09,True
M2_scalar_phi_massive,0.1,5.343777930616317,0.2738419634264361,1.46335064063483,0.1778279410038923,0.177827941003892,1.827444634123724e+25,5.983746100421977e-05,3.054014330579387e+29,6.37,2.8688298808849675e+24,0,0.0004969704141112,2.960233313619157e-09,True
M2_scalar_phi_massive,0.1,5.343777930616317,0.2738419634264361,1.46335064063483,0.19952623149688797,0.1995262314968876,1.6287117445502483e+25,5.983746100421977e-05,2.7218931372027814e+29,6.37,2.5568473226848487e+24,0,0.0004782597893213,2.848782383645885e-09,True
M2_scalar_phi_massive,0.1,5.343777930616317,0.2738419634264361,1.46335064063483,0.22387211385683395,0.2238721138568336,1.4515908702798582e+25,5.983746100421977e-05,2.4258898120317822e+29,6.37,2.2787925750076263e+24,0,0.0004602536078343,2.7415275113734573e-09,True
M2_scalar_phi_massive,0.1,5.343777930616317,0.2738419634264361,1.46335064063483,0.251188643150958,0.2511886431509575,1.293731724923304e+25,5.983746100421977e-05,2.162076570782422e+29,6.37,2.030976020287761e+24,0,0.0004429253478013,2.6383107178578397e-09,True
M2_scalar_phi_massive,0.1,5.343777930616317,0.2738419634264361,1.46335064063483,0.28183829312644537,0.2818382931264451,1.1530396135312834e+25,5.983746100421977e-05,1.926952772026825e+29,6.37,1.810109283408608e+24,0,0.0004262494859042,2.5389799719632833e-09,True
M2_scalar_phi_massive,0.1,5.343777930616317,0.2738419634264361,1.46335064063483,0.31622776601683794,0.3162277660168374,1.0276476372651278e+25,5.983746100421977e-05,1.7173984658083294e+29,6.37,1.613261596962524e+24,0,0.0004102014597618,2.4433889664310667e-09,True
M2_scalar_phi_massive,0.1,5.343777930616317,0.2738419634264361,1.46335064063483,0.35481338923357547,0.3548133892335748,9.15891920783472e+24,5.983746100421977e-05,1.530632993801129e+29,6.37,1.4378209117479935e+24,0,0.0003947576317512,2.3513969023791156e-09,True
M2_scalar_phi_massive,0.1,5.343777930616317,0.2738419634264361,1.46335064063483,0.3981071705534972,0.3981071705534967,8.162895336273875e+24,5.983746100421977e-05,1.3641780916637194e+29,6.37,1.2814592364637168e+24,0,0.0003798952541912,2.262868281915066e-09,True
M2_scalar_phi_massive,0.1,5.343777930616317,0.2738419634264361,1.46335064063483,0.44668359215096315,0.4466835921509622,7.275188126341669e+24,5.983746100421977e-05,1.2158250039767927e+29,6.37,1.1421017466784408e+24,0,0.0003655924358365,2.177672708557331e-09,True
M2_scalar_phi_massive,0.1,5.343777930616317,0.2738419634264361,1.46335064063483,0.5011872336272722,0.5011872336272715,6.484018242701498e+24,5.983746100421977e-05,1.0836051754007811e+29,6.37,1.0178992531713498e+24,0,0.0003518281096337,2.0956846951701704e-09,True
M2_scalar_phi_massive,0.1,5.343777930616317,0.2738419634264361,1.46335064063483,0.5623413251903491,0.5623413251903482,5.778887341684031e+24,5.983746100421977e-05,9.657641291425285e+28,6.37,9.072036643146043e+23,0,0.0003385820016904,2.0167834791299e-09,True
M2_scalar_phi_massive,0.1,5.343777930616317,0.2738419634264361,1.46335064063483,0.6309573444801932,0.6309573444801928,5.150438764645118e+24,5.983746100421977e-05,8.60738186114198e+28,6.37,8.085461168987626e+23,0,0.0003258346014139,1.940852844449976e-09,True
M2_scalar_phi_massive,0.1,5.343777930616317,0.2738419634264361,1.46335064063483,0.7079457843841379,0.707945784384137,4.590333380790372e+24,5.983746100421977e-05,7.671337158618175e+28,6.37,7.206174852104193e+23,0,0.0003135671327728,1.8677809506029462e-09,True
M2_scalar_phi_massive,0.1,5.343777930616317,0.2738419634264361,1.46335064063483,0.7943282347242815,0.79432823472428,4.091138931976067e+24,5.983746100421977e-05,6.837086439358712e+28,6.37,6.422510097293668e+23,0,0.0003017615266418,1.7974601677871627e-09,True
M2_scalar_phi_massive,0.1,5.343777930616317,0.2738419634264361,1.46335064063483,0.8912509381337456,0.8912509381337441,3.646231411159159e+24,5.983746100421977e-05,6.09355970317996e+28,6.37,5.724068149386434e+23,0,0.0002904003941866,1.7297869183955895e-09,True
M2_scalar_phi_massive,0.1,5.343777930616317,0.2738419634264361,1.46335064063483,1.0,0.9999999999999984,3.249707165848332e+24,5.983746100421977e-05,5.430890802033128e+28,6.37,5.1015811080821534e+23,0,0.0002794670012517,1.664661524453215e-09,True
M2_scalar_phi_massive,0.1,5.343777930616317,0.2738419634264361,1.46335064063483,1.1220184543019633,1.122018454301962,2.8963045602222805e+24,5.983746100421977e-05,4.840286522213955e+28,6.37,4.5467889485436114e+23,0,0.0002689452437122,1.6019880607983482e-09,True
M2_scalar_phi_massive,0.1,5.343777930616317,0.2738419634264361,1.46335064063483,1.2589254117941673,1.2589254117941648,2.5813341564191526e+24,5.983746100421977e-05,4.313909903759311e+28,6.37,4.05232991588564e+23,0,0.0002588196237532,1.5416742137915499e-09,True
M2_scalar_phi_massive,0.1,5.343777930616317,0.2738419634264361,1.46335064063483,1.4125375446227544,1.4125375446227528,2.30061648854525e+24,5.983746100421977e-05,3.8447762487499417e+28,6.37,3.611642839160518e+23,0,0.000249075227043,1.4836311453440782e-09,True
M2_scalar_phi_massive,0.1,5.343777930616317,0.2738419634264361,1.46335064063483,1.5848931924611136,1.5848931924611116,2.0504266037019172e+24,5.983746100421977e-05,3.4266604386127283e+28,6.37,3.218880068605836e+23,0,0.0002396977007651,1.4277733620655874e-09,True
M2_scalar_phi_massive,0.1,5.343777930616317,0.2738419634264361,1.46335064063483,1.7782794100389228,1.778279410038921,1.827444634123724e+24,5.983746100421977e-05,3.054014330579387e+28,6.37,2.8688298808849677e+23,0,0.0002306732324774,1.3740185893383234e-09,True
M2_scalar_phi_massive,0.1,5.343777930616317,0.2738419634264361,1.46335064063483,1.9952623149688795,1.9952623149688764,1.6287117445502485e+24,5.983746100421977e-05,2.7218931372027817e+28,6.37,2.5568473226848485e+23,0,0.0002219885297679,1.3222876501323535e-09,True
M2_scalar_phi_massive,0.1,5.343777930616317,0.2738419634264361,1.46335064063483,2.2387211385683394,2.2387211385683354,1.4515908702798583e+24,5.983746100421977e-05,2.4258898120317828e+28,6.37,2.278792575007627e+23,0,0.0002136308006754,1.272504348383327e-09,True
M2_scalar_phi_massive,0.1,5.343777930616317,0.2738419634264361,1.46335064063483,2.51188643150958,2.511886431509577,1.2937317249233034e+24,5.983746100421977e-05,2.1620765707824213e+28,6.37,2.0309760202877604e+23,0,0.0002055877348479,1.224595356760986e-09,True
M2_scalar_phi_massive,0.1,5.343777930616317,0.2738419634264361,1.46335064063483,2.8183829312644537,2.81838293126445,1.1530396135312828e+24,5.983746100421977e-05,1.9269527720268244e+28,6.37,1.8101092834086077e+23,0,0.0001978474854106,1.178490108663126e-09,True
M2_scalar_phi_massive,0.1,5.343777930616317,0.2738419634264361,1.46335064063483,3.1622776601683795,3.1622776601683733,1.0276476372651276e+24,5.983746100421977e-05,1.7173984658083294e+28,6.37,1.613261596962524e+23,0,0.0001903986515162,1.134120694275911e-09,True
M2_scalar_phi_massive,0.1,5.343777930616317,0.2738419634264361,1.46335064063483,3.548133892335755,3.548133892335749,9.15891920783472e+23,5.983746100421977e-05,1.5306329938011286e+28,6.37,1.4378209117479936e+23,0,0.0001832302615519,1.0914217605474576e-09,True
M2_scalar_phi_massive,0.1,5.343777930616317,0.2738419634264361,1.46335064063483,3.9810717055349722,3.9810717055349656,8.162895336273875e+23,5.983746100421977e-05,1.3641780916637194e+28,6.37,1.2814592364637168e+23,0,0.0001763317569796,1.050330414927351e-09,True
M2_scalar_phi_massive,0.1,5.343777930616317,0.2738419634264361,1.46335064063483,4.466835921509632,4.466835921509623,7.275188126341666e+23,5.983746100421977e-05,1.2158250039767923e+28,6.37,1.1421017466784406e+23,0,0.0001696929767832,1.0107861327303004e-09,True
M2_scalar_phi_massive,0.1,5.343777930616317,0.2738419634264361,1.46335064063483,5.011872336272722,5.011872336272716,6.484018242701497e+23,5.983746100421977e-05,1.083605175400781e+28,6.37,1.0178992531713496e+23,0,0.0001633041425026,9.72730667987506e-10,True
M2_scalar_phi_massive,0.1,5.343777930616317,0.2738419634264361,1.46335064063483,5.623413251903491,5.623413251903482,5.778887341684031e+23,5.983746100421977e-05,9.657641291425284e+27,6.37,9.072036643146045e+22,0,0.0001571558438308,9.361079676544076e-10,True
M2_scalar_phi_massive,0.1,5.343777930616317,0.2738419634264361,1.46335064063483,6.309573444801933,6.309573444801921,5.1504387646451184e+23,5.983746100421977e-05,8.607381861141981e+27,6.37,8.085461168987626e+22,0,0.0001512390247527,9.00864089048461e-10,True
M2_scalar_phi_massive,0.1,5.343777930616317,0.2738419634264361,1.46335064063483,7.079457843841379,7.079457843841367,4.590333380790372e+23,5.983746100421977e-05,7.671337158618174e+27,6.37,7.206174852104194e+22,0,0.0001455449702066,8.669471203953297e-10,True
M2_scalar_phi_massive,0.1,5.343777930616317,0.2738419634264361,1.46335064063483,7.943282347242816,7.943282347242803,4.091138931976065e+23,5.983746100421977e-05,6.837086439358709e+27,6.37,6.422510097293666e+22,0,0.0001400652932474,8.343071043664647e-10,True
M2_scalar_phi_massive,0.1,5.343777930616317,0.2738419634264361,1.46335064063483,8.912509381337454,8.912509381337443,3.646231411159158e+23,5.983746100421977e-05,6.093559703179958e+27,6.37,5.724068149386433e+22,0,0.0001347919226933,8.028959644954426e-10,True
M2_scalar_phi_massive,0.1,5.343777930616317,0.2738419634264361,1.46335064063483,10.0,9.99999999999998,3.249707165848332e+23,5.983746100421977e-05,5.430890802033128e+27,6.37,5.1015811080821536e+22,0,0.0001297170912373,7.726674343646869e-10,True
M2_scalar_phi_massive,0.1,5.343777930616317,0.3162277660168379,1.6898509570888791,0.1,0.0999999999999998,2.5728706998161397e+25,5.983746100421977e-05,4.299765826686228e+29,6.37,4.0390434847977066e+24,0,0.0007253944583472,5.76195205668418e-09,True
M2_scalar_phi_massive,0.1,5.343777930616317,0.3162277660168379,1.6898509570888791,0.11220184543019636,0.1122018454301962,2.2930734249079604e+25,5.983746100421977e-05,3.83217032678952e+29,6.37,3.599801294988949e+24,0,0.0006980838113761,5.545018171025775e-09,True
M2_scalar_phi_massive,0.1,5.343777930616317,0.3162277660168379,1.6898509570888791,0.12589254117941673,0.1258925411794166,2.043703841158781e+25,5.983746100421977e-05,3.4154253988394625e+29,6.37,3.208326281253973e+24,0,0.0006718013931562,5.3362517102754375e-09,True
M2_scalar_phi_massive,0.1,5.343777930616317,0.3162277660168379,1.6898509570888791,0.14125375446227545,0.1412537544622752,1.8214529657003025e+25,5.983746100421977e-05,3.0440010908414924e+29,6.37,2.859423808006754e+24,0,0.0006465084915189,5.135345176001439e-09,True
M2_scalar_phi_massive,0.1,5.343777930616317,0.3162277660168379,1.6898509570888791,0.15848931924611134,0.1584893192461111,1.6233716644468878e+25,5.983746100421977e-05,2.712968827892625e+29,6.37,2.548464151407987e+24,0,0.0006221678517849,4.942002646895388e-09,True
M2_scalar_phi_massive,0.1,5.343777930616317,0.3162277660168379,1.6898509570888791,0.1778279410038923,0.177827941003892,1.4468315188780287e+25,5.983746100421977e-05,2.41793601298691e+29,6.37,2.271321065742588e+24,0,0.00059874362189,4.755939342900788e-09,True
M2_scalar_phi_massive,0.1,5.343777930616317,0.3162277660168379,1.6898509570888791,0.19952623149688797,0.1995262314968876,1.289489948521515e+25,5.983746100421977e-05,2.154987739921952e+29,6.37,2.0243170306460204e+24,0,0.0005762012995777,4.5768812057518885e-09,True
M2_scalar_phi_massive,0.1,5.343777930616317,0.3162277660168379,1.6898509570888791,0.22387211385683395,0.2238721138568337,1.1492591263338351e+25,5.983746100421977e-05,1.9206348448721597e+29,6.37,1.804174452643384e+24,0,0.00055450768158,4.404564495304968e-09,True
M2_scalar_phi_massive,0.1,5.343777930616317,0.3162277660168379,1.6898509570888791,0.251188643150958,0.2511886431509574,1.0242782745037995e+25,5.983746100421977e-05,1.7117676073046734e+29,6.37,1.607972173475353e+24,0,0.000533630814711,4.238735401067517e-09,True
M2_scalar_phi_massive,0.1,5.343777930616317,0.3162277660168379,1.6898509570888791,0.28183829312644537,0.2818382931264449,9.128889730615256e+24,5.983746100421977e-05,1.5256144858772473e+29,6.37,1.4331067081028658e+24,0,0.0005135399488025,4.0791496683530775e-09,True
M2_scalar_phi_massive,0.1,5.343777930616317,0.3162277660168379,1.6898509570888791,0.31622776601683794,0.3162277660168374,8.136131536530362e+24,5.983746100421977e-05,1.359705341768528e+29,6.37,1.277257698042443e+24,0,0.0004942054914105,3.9255722385111404e-09,True
M2_scalar_phi_massive,0.1,5.343777930616317,0.3162277660168379,1.6898509570888791,0.35481338923357547,0.3548133892335748,7.251334864712238e+24,5.983746100421977e-05,1.211838661436666e+29,6.37,1.1383571216188756e+24,0,0.0004755989642283,3.7777769027021435e-09,True
M2_scalar_phi_massive,0.1,5.343777930616317,0.3162277660168379,1.6898509570888791,0.3981071705534972,0.3981071705534966,6.462759000896718e+24,5.983746100421977e-05,1.0800523438721708e+29,6.37,1.014561852574053e+24,0,0.0004576929611394,3.6355459687076374e-09,True
M2_scalar_phi_massive,0.1,5.343777930616317,0.3162277660168379,1.6898509570888791,0.44668359215096315,0.4466835921509622,5.759940022481508e+24,5.983746100421977e-05,9.62597664709623e+28,6.37,9.042292029013356e+23,0,0.0004404611078505,3.4986699402848413e-09,True
M2_scalar_phi_massive,0.1,5.343777930616317,0.3162277660168379,1.6898509570888791,0.5011872336272722,0.5011872336272715,5.133551948630751e+24,5.983746100421977e-05,8.57916071717804e+28,6.37,8.058951253737443e+23,0,0.0004238780230439,3.36694720859328e-09,True
M2_scalar_phi_massive,0.1,5.343777930616317,0.3162277660168379,1.6898509570888791,0.5623413251903491,0.5623413251903485,4.575282990175475e+24,5.983746100421977e-05,7.646185037585107e+28,6.37,7.182547865267621e+23,0,0.0004079192809927,3.240183755239038e-09,True
M2_scalar_phi_massive,0.1,5.343777930616317,0.3162277660168379,1.6898509570888791,0.6309573444801932,0.6309573444801924,4.07772525722126e+24,5.983746100421977e-05,6.814669587891933e+28,6.37,6.401452523110298e+23,0,0.0003925613755832,3.1181928664992e-09,True
M2_scalar_phi_massive,0.1,5.343777930616317,0.3162277660168379,1.6898509570888791,0.7079457843841379,0.7079457843841368,3.634276460950117e+24,5.983746100421977e-05,6.073580663280191e+28,6.37,5.705300566640685e+23,0,0.0003777816856921,3.0007948583055566e-09,True
M2_scalar_phi_massive,0.1,5.343777930616317,0.3162277660168379,1.6898509570888791,0.7943282347242815,0.7943282347242804,3.2390523052591807e+24,5.983746100421977e-05,5.413084463979447e+28,6.37,5.0848544823535016e+23,0,0.0003635584418676,2.8878168115825157e-09,True
M2_scalar_phi_massive,0.1,5.343777930616317,0.3162277660168379,1.6898509570888791,0.8912509381337456,0.891250938133744,2.886808405726515e+24,5.983746100421977e-05,4.824416606718885e+28,6.37,4.531881327671138e+23,0,0.0003498706942636,2.779092317549365e-09,True
M2_scalar_phi_massive,0.1,5.343777930616317,0.3162277660168379,1.6898509570888791,1.0,0.9999999999999982,2.5728706998161395e+24,5.983746100421977e-05,4.299765826686228e+28,6.37,4.039043484797707e+23,0,0.0003366982817829,2.6744612326117477e-09,True
M2_scalar_phi_massive,0.1,5.343777930616317,0.3162277660168379,1.6898509570888791,1.1220184543019633,1.1220184543019616,2.2930734249079603e+24,5.983746100421977e-05,3.83217032678952e+28,6.37,3.5998012949889486e+23,0,0.0003240218023809,2.573769442481319e-09,True
M2_scalar_phi_massive,0.1,5.343777930616317,0.3162277660168379,1.6898509570888791,1.2589254117941673,1.2589254117941655,2.0437038411587803e+24,5.983746100421977e-05,3.415425398839462e+28,6.37,3.208326281253972e+23,0,0.0003118225844879,2.4768686351761566e-09,True
M2_scalar_phi_massive,0.1,5.343777930616317,0.3162277660168379,1.6898509570888791,1.4125375446227544,1.4125375446227526,1.821452965700302e+24,5.983746100421977e-05,3.044001090841492e+28,6.37,2.8594238080067537e+23,0,0.000300082659507,2.383616082567553e-09,True
M2_scalar_phi_massive,0.1,5.343777930616317,0.3162277660168379,1.6898509570888791,1.5848931924611136,1.5848931924611114,1.6233716644468873e+24,5.983746100421977e-05,2.7129688278926245e+28,6.37,2.5484641514079864e+23,0,0.0002887847353478,2.293874430151443e-09,True
M2_scalar_phi_massive,0.1,5.343777930616317,0.3162277660168379,1.6898509570888791,1.7782794100389228,1.7782794100389194,1.4468315188780287e+24,5.983746100421977e-05,2.4179360129869104e+28,6.37,2.271321065742588e+23,0,0.0002779121709561,2.2075114947348e-09,True
M2_scalar_phi_massive,0.1,5.343777930616317,0.3162277660168379,1.6898509570888791,1.9952623149688795,1.995262314968876,1.289489948521515e+24,5.983746100421977e-05,2.154987739921952e+28,6.37,2.0243170306460203e+23,0,0.0002674489518033,2.1244000697390158e-09,True
M2_scalar_phi_massive,0.1,5.343777930616317,0.3162277660168379,1.6898509570888791,2.2387211385683394,2.2387211385683345,1.1492591263338352e+24,5.983746100421977e-05,1.92063484487216e+28,6.37,1.804174452643384e+23,0,0.0002573796662974,2.0444177378334846e-09,True
M2_scalar_phi_massive,0.1,5.343777930616317,0.3162277660168379,1.6898509570888791,2.51188643150958,2.511886431509577,1.0242782745037992e+24,5.983746100421977e-05,1.7117676073046729e+28,6.37,1.6079721734753522e+23,0,0.0002476894830834,1.967446690623417e-09,True
M2_scalar_phi_massive,0.1,5.343777930616317,0.3162277660168379,1.6898509570888791,2.8183829312644537,2.81838293126445,9.128889730615252e+23,5.983746100421977e-05,1.5256144858772463e+28,6.37,1.4331067081028652e+23,0,0.0002383641291975,1.8933735551262917e-09,True
M2_scalar_phi_massive,0.1,5.343777930616317,0.3162277660168379,1.6898509570888791,3.1622776601683795,3.162277660168374,8.136131536530362e+23,5.983746100421977e-05,1.3597053417685282e+28,6.37,1.277257698042443e+23,0,0.0002293898690441,1.8220892267813626e-09,True
M2_scalar_phi_massive,0.1,5.343777930616317,0.3162277660168379,1.6898509570888791,3.548133892335755,3.5481338923357484,7.251334864712236e+23,5.983746100421977e-05,1.2118386614366657e+28,6.37,1.1383571216188754e+23,0,0.000220753484164,1.7534887087462535e-09,True
M2_scalar_phi_massive,0.1,5.343777930616317,0.3162277660168379,1.6898509570888791,3.9810717055349722,3.981071705534967,6.462759000896718e+23,5.983746100421977e-05,1.0800523438721709e+28,6.37,1.014561852574053e+23,0,0.0002124422537647,1.6874709572439323e-09,True
M2_scalar_phi_massive,0.1,5.343777930616317,0.3162277660168379,1.6898509570888791,4.466835921509632,4.466835921509625,5.759940022481506e+23,5.983746100421977e-05,9.625976647096228e+27,6.37,9.042292029013354e+22,0,0.0002044439359839,1.6239387327322806e-09,True
M2_scalar_phi_massive,0.1,5.343777930616317,0.3162277660168379,1.6898509570888791,5.011872336272722,5.011872336272717,5.13355194863075e+23,5.983746100421977e-05,8.579160717178038e+27,6.37,8.058951253737441e+22,0,0.0001967467498574,1.562798456677028e-09,True
M2_scalar_phi_massive,0.1,5.343777930616317,0.3162277660168379,1.6898509570888791,5.623413251903491,5.623413251903482,4.5752829901754746e+23,5.983746100421977e-05,7.646185037585106e+27,6.37,7.182547865267621e+22,0,0.0001893393579671,1.5039600737171044e-09,True
M2_scalar_phi_massive,0.1,5.343777930616317,0.3162277660168379,1.6898509570888791,6.309573444801933,6.30957344480192,4.07772525722126e+23,5.983746100421977e-05,6.814669587891934e+27,6.37,6.401452523110298e+22,0,0.0001822108497414,1.447336919019371e-09,True
M2_scalar_phi_massive,0.1,5.343777930616317,0.3162277660168379,1.6898509570888791,7.079457843841379,7.079457843841368,3.634276460950116e+23,5.983746100421977e-05,6.073580663280191e+27,6.37,5.7053005666406845e+22,0,0.0001753507253852,1.3928455906273712e-09,True
M2_scalar_phi_massive,0.1,5.343777930616317,0.3162277660168379,1.6898509570888791,7.943282347242816,7.943282347242803,3.23905230525918e+23,5.983746100421977e-05,5.413084463979446e+27,6.37,5.0848544823535e+22,0,0.0001687488804138,1.3404058266160663e-09,True
M2_scalar_phi_massive,0.1,5.343777930616317,0.3162277660168379,1.6898509570888791,8.912509381337454,8.912509381337443,2.8868084057265143e+23,5.983746100421977e-05,4.824416606718883e+27,6.37,4.531881327671138e+22,0,0.0001623955907702,1.2899403868716191e-09,True
M2_scalar_phi_massive,0.1,5.343777930616317,0.3162277660168379,1.6898509570888791,10.0,9.999999999999986,2.5728706998161395e+23,5.983746100421977e-05,4.299765826686228e+27,6.37,4.039043484797707e+22,0,0.000156281498502,1.2413749393220954e-09,True
M2_scalar_phi_massive,0.0999999999999999,5.343777930616317,0.3651741272548377,1.9514094420564765,0.1,0.0999999999999998,2.074290657443637e+25,5.983746100421977e-05,3.4665418997262555e+29,6.37,3.2563432612929945e+24,0,0.0008738630043292,9.256328530267984e-09,True
M2_scalar_phi_massive,0.0999999999999999,5.343777930616317,0.3651741272548377,1.9514094420564765,0.11220184543019636,0.1122018454301962,1.8487134944087052e+25,5.983746100421977e-05,3.089558720210961e+29,6.37,2.902218986512881e+24,0,0.0008409626096024,8.907833559249891e-09,True
M2_scalar_phi_massive,0.0999999999999999,5.343777930616317,0.3651741272548377,1.9514094420564765,0.12589254117941673,0.1258925411794165,1.6476676362322737e+25,5.983746100421977e-05,2.753572107807313e+29,6.37,2.586605394399173e+24,0,0.0008093008941282,8.572459205594049e-09,True
M2_scalar_phi_massive,0.0999999999999999,5.343777930616317,0.3651741272548377,1.9514094420564765,0.14125375446227545,0.1412537544622752,1.4684853265246248e+25,5.983746100421977e-05,2.454123724302183e+29,6.37,2.3053144843400703e+24,0,0.0007788312224088,8.249711486275494e-09,True
M2_scalar_phi_massive,0.0999999999999999,5.343777930616317,0.3651741272548377,1.9514094420564765,0.15848931924611134,0.1584893192461111,1.3087889249007115e+25,5.983746100421977e-05,2.1872400715806023e+29,6.37,2.0546136968614e+24,0,0.0007495087147435,7.939115016420729e-09,True
M2_scalar_phi_massive,0.0999999999999999,5.343777930616317,0.3651741272548377,1.9514094420564765,0.1778279410038923,0.177827941003892,1.1664593571368151e+25,5.983746100421977e-05,1.9493797657199325e+29,6.37,1.8311763848301647e+24,0,0.0007212901811242,7.640212309098961e-09,True
M2_scalar_phi_massive,0.0999999999999999,5.343777930616317,0.3651741272548377,1.9514094420564765,0.19952623149688797,0.1995262314968877,1.0396079963430724e+25,5.983746100421977e-05,1.737386544976831e+29,6.37,1.6320376708682457e+24,0,0.0006941340576197,7.352563101475771e-09,True
M2_scalar_phi_massive,0.0999999999999999,5.343777930616317,0.3651741272548377,1.9514094420564765,0.22387211385683395,0.2238721138568337,9.265516020321068e+24,5.983746100421977e-05,1.5484473881115472e+29,6.37,1.4545551052309367e+24,0,0.0006680003451545,7.075743706336681e-09,True
M2_scalar_phi_massive,0.0999999999999999,5.343777930616317,0.3651741272548377,1.9514094420564765,0.251188643150958,0.2511886431509576,8.257899845404401e+24,5.983746100421977e-05,1.3800551873051648e+29,6.37,1.2963736021043015e+24,0,0.0006428505505936,6.8093463880254385e-09,True
M2_scalar_phi_massive,0.0999999999999999,5.343777930616317,0.3651741272548377,1.9514094420564765,0.28183829312644537,0.281838293126445,7.359860984231185e+24,5.983746100421977e-05,1.22997548036207e+29,6.37,1.1553941890472818e+24,0,0.0006186476300441,6.552978761877842e-09,True
M2_scalar_phi_massive,0.0999999999999999,5.343777930616317,0.3651741272548377,1.9514094420564765,0.31622776601683794,0.3162277660168378,6.559483006729995e+24,5.983746100421977e-05,1.0962168007541992e+29,6.37,1.029746154902668e+24,0,0.0005953559342927,6.306263216266512e-09,True
M2_scalar_phi_massive,0.0999999999999999,5.343777930616317,0.3651741272548377,1.9514094420564765,0.35481338923357547,0.3548133892335748,5.84614538342047e+24,5.983746100421977e-05,9.770042520701531e+28,6.37,9.1776222659662e+23,0,0.0005729411562964,6.068836356405303e-09,True
M2_scalar_phi_massive,0.0999999999999999,5.343777930616317,0.3651741272548377,1.9514094420564765,0.3981071705534972,0.3981071705534968,5.210382557439758e+24,5.983746100421977e-05,8.707559562181823e+28,6.37,8.179564454379527e+23,0,0.000551370280651,5.840348469094136e-09,True
M2_scalar_phi_massive,0.0999999999999999,5.343777930616317,0.3651741272548377,1.9514094420564765,0.44668359215096315,0.4466835921509624,4.6437583423538894e+24,5.983746100421977e-05,7.760620628650017e+28,6.37,7.290044493491192e+23,0,0.0005306115349618,5.6204630076158606e-09,True
M2_scalar_phi_massive,0.0999999999999999,5.343777930616317,0.3651741272548377,1.9514094420564765,0.5011872336272722,0.5011872336272715,4.138753979089311e+24,5.983746100421977e-05,6.916660415784425e+28,6.37,6.49725899386077e+23,0,0.0005106343430446,5.408856096026408e-09,True
M2_scalar_phi_massive,0.0999999999999999,5.343777930616317,0.3651741272548377,1.9514094420564765,0.5623413251903491,0.562341325190348,3.688668366568121e+24,5.983746100421977e-05,6.164480084320412e+28,6.37,5.790688173576328e+23,0,0.0004914092798893,5.2052160521081355e-09,True
M2_scalar_phi_massive,0.0999999999999999,5.343777930616317,0.3651741272548377,1.9514094420564765,0.6309573444801932,0.6309573444801923,3.287529142168108e+24,5.983746100421977e-05,5.494098658257357e+28,6.37,5.160956267139886e+23,0,0.0004729080283193,5.0092429282836494e-09,True
M2_scalar_phi_massive,0.0999999999999999,5.343777930616317,0.3651741272548377,1.9514094420564765,0.7079457843841379,0.7079457843841369,2.930013432099354e+24,5.983746100421977e-05,4.896620583371223e+28,6.37,4.599707114755658e+23,0,0.0004551033372818,4.820648069813964e-09,True
M2_scalar_phi_massive,0.0999999999999999,5.343777930616317,0.3651741272548377,1.9514094420564765,0.7943282347242815,0.7943282347242803,2.611377220103025e+24,5.983746100421977e-05,4.364117688614611e+28,6.37,4.099493281166445e+23,0,0.000437968981709,4.639153689630206e-09,True
M2_scalar_phi_massive,0.0999999999999999,5.343777930616317,0.3651741272548377,1.9514094420564765,0.8912509381337456,0.8912509381337439,2.327392397237913e+24,5.983746100421977e-05,3.889523984103845e+28,6.37,3.6536772327125794e+23,0,0.0004214797238905,4.464492459172633e-09,True
M2_scalar_phi_massive,0.0999999999999999,5.343777930616317,0.3651741272548377,1.9514094420564765,1.0,0.9999999999999988,2.0742906574436372e+24,5.983746100421977e-05,3.4665418997262554e+28,6.37,3.2563432612929946e+23,0,0.0004056112763002,4.2964071146343255e-09,True
M2_scalar_phi_massive,0.0999999999999999,5.343777930616317,0.3651741272548377,1.9514094420564765,1.1220184543019633,1.122018454301962,1.848713494408705e+24,5.983746100421977e-05,3.089558720210961e+28,6.37,2.902218986512881e+23,0,0.0003903402658216,4.134650078029548e-09,True
M2_scalar_phi_massive,0.0999999999999999,5.343777930616317,0.3651741272548377,1.9514094420564765,1.2589254117941673,1.2589254117941655,1.647667636232273e+24,5.983746100421977e-05,2.753572107807313e+28,6.37,2.586605394399173e+23,0,0.0003756441993218,3.978983092528642e-09,True
M2_scalar_phi_massive,0.0999999999999999,5.343777930616317,0.3651741272548377,1.9514094420564765,1.4125375446227544,1.4125375446227526,1.4684853265246246e+24,5.983746100421977e-05,2.4541237243021827e+28,6.37,2.30531448434007e+23,0,0.0003615014305201,3.8291768715223404e-09,True
M2_scalar_phi_massive,0.0999999999999999,5.343777930616317,0.3651741272548377,1.9514094420564765,1.5848931924611136,1.584893192461112,1.3087889249007112e+24,5.983746100421977e-05,2.1872400715806017e+28,6.37,2.054613696861399e+23,0,0.0003478911281049,3.685010760898598e-09,True
M2_scalar_phi_massive,0.0999999999999999,5.343777930616317,0.3651741272548377,1.9514094420564765,1.7782794100389228,1.7782794100389203,1.1664593571368155e+24,5.983746100421977e-05,1.9493797657199328e+28,6.37,1.8311763848301656e+23,0,0.00033479324505,3.546272414034463e-09,True
M2_scalar_phi_massive,0.0999999999999999,5.343777930616317,0.3651741272548377,1.9514094420564765,1.9952623149688795,1.995262314968876,1.0396079963430724e+24,5.983746100421977e-05,1.737386544976831e+28,6.37,1.6320376708682456e+23,0,0.0003221884890878,3.412757479024328e-09,True
M2_scalar_phi_massive,0.0999999999999999,5.343777930616317,0.3651741272548377,1.9514094420564765,2.2387211385683394,2.238721138568336,9.265516020321069e+23,5.983746100421977e-05,1.548447388111547e+28,6.37,1.4545551052309368e+23,0,0.0003100582942919,3.2842692976838236e-09,True
M2_scalar_phi_massive,0.0999999999999999,5.343777930616317,0.3651741272548377,1.9514094420564765,2.51188643150958,2.5118864315095784,8.257899845404398e+23,5.983746100421977e-05,1.3800551873051645e+28,6.37,1.2963736021043012e+23,0,0.0002983847937317,3.160618615886037e-09,True
M2_scalar_phi_massive,0.0999999999999999,5.343777930616317,0.3651741272548377,1.9514094420564765,2.8183829312644537,2.81838293126445,7.359860984231182e+23,5.983746100421977e-05,1.2299754803620696e+28,6.37,1.1553941890472812e+23,0,0.0002871507931554,3.041623304803388e-09,True
M2_scalar_phi_massive,0.0999999999999999,5.343777930616317,0.3651741272548377,1.9514094420564765,3.1622776601683795,3.162277660168374,6.559483006729995e+23,5.983746100421977e-05,1.096216800754199e+28,6.37,1.029746154902668e+23,0,0.0002763397456638,2.927108092644565e-09,True
M2_scalar_phi_massive,0.0999999999999999,5.343777930616317,0.3651741272548377,1.9514094420564765,3.548133892335755,3.54813389233575,5.846145383420469e+23,5.983746100421977e-05,9.770042520701532e+27,6.37,9.1776222659662e+22,0,0.0002659357273382,2.8169043064914117e-09,True
M2_scalar_phi_massive,0.0999999999999999,5.343777930616317,0.3651741272548377,1.9514094420564765,3.9810717055349722,3.981071705534967,5.210382557439759e+23,5.983746100421977e-05,8.707559562181823e+27,6.37,8.179564454379526e+22,0,0.0002559234137856,2.7108496238554834e-09,True
M2_scalar_phi_massive,0.0999999999999999,5.343777930616317,0.3651741272548377,1.9514094420564765,4.466835921509632,4.4668359215096265,4.643758342353888e+23,5.983746100421977e-05,7.760620628650015e+27,6.37,7.29004449349119e+22,0,0.0002462880575665,2.608787833588347e-09,True
M2_scalar_phi_massive,0.0999999999999999,5.343777930616317,0.3651741272548377,1.9514094420564765,5.011872336272722,5.011872336272717,4.13875397908931e+23,5.983746100421977e-05,6.916660415784423e+27,6.37,6.497258993860769e+22,0,0.0002370154664735,2.5105686057934584e-09,True
M2_scalar_phi_massive,0.0999999999999999,5.343777930616317,0.3651741272548377,1.9514094420564765,5.623413251903491,5.623413251903481,3.6886683665681206e+23,5.983746100421977e-05,6.164480084320411e+27,6.37,5.790688173576327e+22,0,0.0002280919826268,2.416047270400711e-09,True
M2_scalar_phi_massive,0.0999999999999999,5.343777930616317,0.3651741272548377,1.9514094420564765,6.309573444801933,6.309573444801924,3.287529142168108e+23,5.983746100421977e-05,5.494098658257357e+27,6.37,5.160956267139888e+22,0,0.0002195044623572,2.3250846040775163e-09,True
M2_scalar_phi_massive,0.0999999999999999,5.343777930616317,0.3651741272548377,1.9514094420564765,7.079457843841379,7.07945784384137,2.9300134320993538e+23,5.983746100421977e-05,4.896620583371222e+27,6.37,4.599707114755658e+22,0,0.0002112402568467,2.237546625162549e-09,True
M2_scalar_phi_massive,0.0999999999999999,5.343777930616317,0.3651741272548377,1.9514094420564765,7.943282347242816,7.943282347242802,2.6113772201030243e+23,5.983746100421977e-05,4.364117688614609e+27,6.37,4.099493281166443e+22,0,0.0002032871934969,2.153304396320108e-09,True
M2_scalar_phi_massive,0.0999999999999999,5.343777930616317,0.3651741272548377,1.9514094420564765,8.912509381337454,8.912509381337443,2.3273923972379124e+23,5.983746100421977e-05,3.889523984103843e+27,6.37,3.653677232712578e+22,0,0.0001956335580004,2.0722338346244143e-09,True
M2_scalar_phi_massive,0.0999999999999999,5.343777930616317,0.3651741272548377,1.9514094420564765,10.0,9.999999999999982,2.0742906574436373e+23,5.983746100421977e-05,3.466541899726256e+27,6.37,3.256343261292994e+22,0,0.0001882680770862,1.9942155287941182e-09,True
M2_scalar_phi_massive,0.1,5.343777930616317,0.4216965034285822,2.253452468439725,0.1,0.0999999999999998,1.710822393902965e+25,5.983746100421977e-05,2.8591159537706936e+29,6.37,2.6857494409779666e+24,0,0.0010526155947007,1.4868433225375865e-08,True
M2_scalar_phi_massive,0.1,5.343777930616317,0.4216965034285822,2.253452468439725,0.11220184543019636,0.1122018454301961,1.5247720635462378e+25,5.983746100421977e-05,2.548189776031289e+29,6.37,2.3936767088637955e+24,0,0.0010129852769166,1.4308646027998617e-08,True
M2_scalar_phi_massive,0.1,5.343777930616317,0.4216965034285822,2.253452468439725,0.12589254117941673,0.1258925411794165,1.3589545320757116e+25,5.983746100421977e-05,2.2710765284307056e+29,6.37,2.1333666123637544e+24,0,0.0009748470157727,1.3769934467952989e-08,True
M2_scalar_phi_massive,0.1,5.343777930616317,0.4216965034285822,2.253452468439725,0.14125375446227545,0.1412537544622752,1.211169501593583e+25,5.983746100421977e-05,2.024099086537396e+29,6.37,1.9013649946524065e+24,0,0.0009381446362712,1.3251505060695191e-08,True
M2_scalar_phi_massive,0.1,5.343777930616317,0.4216965034285822,2.253452468439725,0.15848931924611134,0.1584893192461111,1.079455954534262e+25,5.983746100421977e-05,1.803980209752112e+29,6.37,1.6945933352186215e+24,0,0.0009028240783676,1.2752594195877456e-08,True
M2_scalar_phi_massive,0.1,5.343777930616317,0.4216965034285822,2.253452468439725,0.1778279410038923,0.1778279410038919,9.620661321527188e+24,5.983746100421977e-05,1.6077990543162807e+29,6.37,1.510307899768789e+24,0,0.0008688333173443,1.2272467012603305e-08,True
M2_scalar_phi_massive,0.1,5.343777930616317,0.4216965034285822,2.253452468439725,0.19952623149688797,0.1995262314968876,8.574423428278145e+24,5.983746100421977e-05,1.432952415489934e+29,6.37,1.34606333253974e+24,0,0.0008361222871818,1.1810416317028666e-08,True
M2_scalar_phi_massive,0.1,5.343777930616317,0.4216965034285822,2.253452468439725,0.22387211385683395,0.2238721138568337,7.641962924408862e+24,5.983746100421977e-05,1.2771201846064202e+29,6.37,1.1996802079134792e+24,0,0.0008046428068148,1.136576154071474e-08,True
M2_scalar_phi_massive,0.1,5.343777930616317,0.4216965034285822,2.253452468439725,0.251188643150958,0.2511886431509576,6.810906625562701e+24,5.983746100421977e-05,1.1382345626400145e+29,6.37,1.0692161107633752e+24,0,0.000774348509165,1.0937847738198138e-08,True
M2_scalar_phi_massive,0.1,5.343777930616317,0.4216965034285822,2.253452468439725,0.28183829312644537,0.2818382931264448,6.070226919574101e+24,5.983746100421977e-05,1.0144526217691664e+29,6.37,9.529398617855732e+23,0,0.0007451947728453,1.0526044622301896e-08,True
M2_scalar_phi_massive,0.1,5.343777930616317,0.4216965034285822,2.253452468439725,0.31622776601683794,0.3162277660168374,5.410095436755134e+24,5.983746100421977e-05,9.041318508440074e+28,6.37,8.493085458014339e+23,0,0.0007171386564363,1.0129745635766458e-08,True
M2_scalar_phi_massive,0.1,5.343777930616317,0.4216965034285822,2.253452468439725,0.35481338923357547,0.3548133892335749,4.8217526334011086e+24,5.983746100421977e-05,8.058083602613213e+28,6.37,7.56947038210535e+23,0,0.0006901388352357,9.748367057833157e-09,True
M2_scalar_phi_massive,0.1,5.343777930616317,0.4216965034285822,2.253452468439725,0.3981071705534972,0.3981071705534967,4.297391557967596e+24,5.983746100421977e-05,7.181774570389177e+28,6.37,6.746297579226995e+23,0,0.0006641555403907,9.381347144464231e-09,True
M2_scalar_phi_massive,0.1,5.343777930616317,0.4216965034285822,2.253452468439725,0.44668359215096315,0.4466835921509621,3.830054257566658e+24,5.983746100421977e-05,6.400763323324431e+28,6.37,6.012644046415476e+23,0,0.0006391505003208,9.028145300933073e-09,True
M2_scalar_phi_massive,0.1,5.343777930616317,0.4216965034285822,2.253452468439725,0.5011872336272722,0.5011872336272717,3.4135394501594297e+24,5.983746100421977e-05,5.7046863166849695e+28,6.37,5.358774647032072e+23,0,0.0006150868843464,8.6882412855659e-09,True
M2_scalar_phi_massive,0.1,5.343777930616317,0.4216965034285822,2.253452468439725,0.5623413251903491,0.5623413251903483,3.042320237311142e+24,5.983746100421977e-05,5.084307031504221e+28,6.37,4.776012931414666e+23,0,0.00059192924844,8.361134443462079e-09,True
M2_scalar_phi_massive,0.1,5.343777930616317,0.4216965034285822,2.253452468439725,0.6309573444801932,0.6309573444801925,2.711470765606834e+24,5.983746100421977e-05,4.531393411588136e+28,6.37,4.25662600566222e+23,0,0.0005696434830196,8.046342969064365e-09,True
M2_scalar_phi_massive,0.1,5.343777930616317,0.4216965034285822,2.253452468439725,0.7079457843841379,0.7079457843841368,2.4166008635693164e+24,5.983746100421977e-05,4.038608629130999e+28,6.37,3.793721920830952e+23,0,0.0005481967627075,7.743403196492949e-09,True
M2_scalar_phi_massive,0.1,5.343777930616317,0.4216965034285822,2.253452468439725,0.7943282347242815,0.7943282347242799,2.1537977867509727e+24,5.983746100421977e-05,3.599413729468044e+28,6.37,3.3811582209591416e+23,0,0.0005275574979809,7.45186891659795e-09,True
M2_scalar_phi_massive,0.1,5.343777930616317,0.4216965034285822,2.253452468439725,0.8912509381337456,0.891250938133744,1.9195742979921893e+24,5.983746100421977e-05,3.207980863119877e+28,6.37,3.0134604364084605e+23,0,0.0005076952886429,7.171310719724484e-09,True
M2_scalar_phi_massive,0.1,5.343777930616317,0.4216965034285822,2.253452468439725,1.0,0.9999999999999982,1.710822393902965e+24,5.983746100421977e-05,2.8591159537706938e+28,6.37,2.685749440977967e+23,0,0.0004885808790449,6.901315363222185e-09,True
M2_scalar_phi_massive,0.1,5.343777930616317,0.4216965034285822,2.253452468439725,1.1220184543019633,1.1220184543019622,1.524772063546238e+24,5.983746100421977e-05,2.548189776031289e+28,6.37,2.393676708863796e+23,0,0.000470186114995,6.641485162767621e-09,True
M2_scalar_phi_massive,0.1,5.343777930616317,0.4216965034285822,2.253452468439725,1.2589254117941673,1.2589254117941655,1.3589545320757112e+24,5.983746100421977e-05,2.271076528430705e+28,6.37,2.133366612363754e+23,0,0.0004524839022891,6.391437406603032e-09,True
M2_scalar_phi_massive,0.1,5.343777930616317,0.4216965034285822,2.253452468439725,1.4125375446227544,1.4125375446227524,1.2111695015935826e+24,5.983746100421977e-05,2.024099086537396e+28,6.37,1.901364994652406e+23,0,0.000435448166803,6.150803791828603e-09,True
M2_scalar_phi_massive,0.1,5.343777930616317,0.4216965034285822,2.253452468439725,1.5848931924611136,1.584893192461111,1.0794559545342615e+24,5.983746100421977e-05,1.8039802097521115e+28,6.37,1.694593335218621e+23,0,0.0004190538160867,5.919229881917994e-09,True
M2_scalar_phi_massive,0.1,5.343777930616317,0.4216965034285822,2.253452468439725,1.7782794100389228,1.77827941003892,9.620661321527188e+23,5.983746100421977e-05,1.6077990543162807e+28,6.37,1.5103078997687892e+23,0,0.0004032767024056,5.6963745846580674e-09,True
M2_scalar_phi_massive,0.1,5.343777930616317,0.4216965034285822,2.253452468439725,1.9952623149688795,1.9952623149688768,8.574423428278145e+23,5.983746100421977e-05,1.432952415489934e+28,6.37,1.3460633325397402e+23,0,0.0003880935871718,5.481909649743842e-09,True
M2_scalar_phi_massive,0.1,5.343777930616317,0.4216965034285822,2.253452468439725,2.2387211385683394,2.2387211385683354,7.641962924408863e+23,5.983746100421977e-05,1.2771201846064204e+28,6.37,1.1996802079134793e+23,0,0.0003734821067158,5.275519185288713e-09,True
M2_scalar_phi_massive,0.1,5.343777930616317,0.4216965034285822,2.253452468439725,2.51188643150958,2.511886431509576,6.810906625562699e+23,5.983746100421977e-05,1.138234562640014e+28,6.37,1.069216110763375e+23,0,0.0003594207393464,5.0768991925377265e-09,True
M2_scalar_phi_massive,0.1,5.343777930616317,0.4216965034285822,2.253452468439725,2.8183829312644537,2.8183829312644497,6.070226919574099e+23,5.983746100421977e-05,1.014452621769166e+28,6.37,9.529398617855729e+22,0,0.0003458887736505,4.885757118098631e-09,True
M2_scalar_phi_massive,0.1,5.343777930616317,0.4216965034285822,2.253452468439725,3.1622776601683795,3.162277660168374,5.410095436755133e+23,5.983746100421977e-05,9.041318508440072e+27,6.37,8.493085458014338e+22,0,0.0003328662779866,4.7018114230311385e-09,True
M2_scalar_phi_massive,0.1,5.343777930616317,0.4216965034285822,2.253452468439725,3.548133892335755,3.548133892335748,4.821752633401108e+23,5.983746100421977e-05,8.058083602613212e+27,6.37,7.569470382105351e+22,0,0.0003203340711272,4.524791168159704e-09,True
M2_scalar_phi_massive,0.1,5.343777930616317,0.4216965034285822,2.253452468439725,3.9810717055349722,3.9810717055349674,4.297391557967595e+23,5.983746100421977e-05,7.181774570389177e+27,6.37,6.746297579226994e+22,0,0.0003082736940059,4.354435614999031e-09,True
M2_scalar_phi_massive,0.1,5.343777930616317,0.4216965034285822,2.253452468439725,4.466835921509632,4.466835921509626,3.830054257566657e+23,5.983746100421977e-05,6.400763323324429e+27,6.37,6.012644046415474e+22,0,0.0002966673825287,4.190493841704463e-09,True
M2_scalar_phi_massive,0.1,5.343777930616317,0.4216965034285822,2.253452468439725,5.011872336272722,5.011872336272717,3.413539450159429e+23,5.983746100421977e-05,5.704686316684969e+27,6.37,5.358774647032071e+22,0,0.0002854980414083,4.032724373481622e-09,True
M2_scalar_phi_massive,0.1,5.343777930616317,0.4216965034285822,2.253452468439725,5.623413251903491,5.6234132519034805,3.042320237311142e+23,5.983746100421977e-05,5.084307031504222e+27,6.37,4.776012931414665e+22,0,0.0002747492189848,3.880894826910879e-09,True
M2_scalar_phi_massive,0.1,5.343777930616317,0.4216965034285822,2.253452468439725,6.309573444801933,6.309573444801923,2.7114707656068344e+23,5.983746100421977e-05,4.5313934115881353e+27,6.37,4.256626005662221e+22,0,0.0002644050829924,3.734781567662786e-09,True
M2_scalar_phi_massive,0.1,5.343777930616317,0.4216965034285822,2.253452468439725,7.079457843841379,7.079457843841368,2.4166008635693163e+23,5.983746100421977e-05,4.038608629131e+27,6.37,3.793721920830951e+22,0,0.0002544503972405,3.5941693811003164e-09,True
M2_scalar_phi_massive,0.1,5.343777930616317,0.4216965034285822,2.253452468439725,7.943282347242816,7.943282347242803,2.1537977867509724e+23,5.983746100421977e-05,3.599413729468043e+27,6.37,3.38115822095914e+22,0,0.0002448704991717,3.4588511552827206e-09,True
M2_scalar_phi_massive,0.1,5.343777930616317,0.4216965034285822,2.253452468439725,8.912509381337454,8.912509381337443,1.9195742979921888e+23,5.983746100421977e-05,3.2079808631198765e+27,6.37,3.01346043640846e+22,0,0.0002356512782643,3.328627575904078e-09,True
M2_scalar_phi_massive,0.1,5.343777930616317,0.4216965034285822,2.253452468439725,10.0,9.99999999999998,1.710822393902965e+23,5.983746100421977e-05,2.859115953770694e+27,6.37,2.685749440977967e+22,0,0.0002267791552491,3.203306832717241e-09,True
M2_scalar_phi_massive,0.1,5.343777930616317,0.4869675251658631,2.6022463139081853,0.1,0.0999999999999998,1.451758831498782e+25,5.983746100421977e-05,2.426170507796785e+29,6.37,2.2790562503905527e+24,0,0.0012678038562224,2.388072322887044e-08,True
M2_scalar_phi_massive,0.1,5.343777930616317,0.4869675251658631,2.6022463139081853,0.11220184543019636,0.1122018454301962,1.2938814205172396e+25,5.983746100421977e-05,2.1623267411463106e+29,6.37,2.031211021220156e+24,0,0.0012200718351856,2.2981628958142856e-08,True
M2_scalar_phi_massive,0.1,5.343777930616317,0.4869675251658631,2.6022463139081853,0.12589254117941673,0.1258925411794166,1.1531730298698133e+25,5.983746100421977e-05,1.927175736598334e+29,6.37,1.810318728210068e+24,0,0.0011741368948415,2.2116385023517226e-08,True
M2_scalar_phi_massive,0.1,5.343777930616317,0.4869675251658631,2.6022463139081853,0.14125375446227545,0.1412537544622752,1.0277665447020048e+25,5.983746100421977e-05,1.7175971831918573e+29,6.37,1.613448264838312e+24,0,0.0011299313762278,2.128371698104311e-08,True
M2_scalar_phi_massive,0.1,5.343777930616317,0.4869675251658631,2.6022463139081853,0.15848931924611134,0.1584893192461111,9.1599789714814e+24,5.983746100421977e-05,1.5308101008556218e+29,6.37,1.4379872796674095e+24,0,0.0010873901676997,2.0482398368786478e-08,True
M2_scalar_phi_massive,0.1,5.343777930616317,0.4869675251658631,2.6022463139081853,0.1778279410038923,0.177827941003892,8.163839851618178e+24,5.983746100421977e-05,1.3643359384921864e+29,6.37,1.2816075120279715e+24,0,0.0010464506090249,1.9711248900336853e-08,True
M2_scalar_phi_massive,0.1,5.343777930616317,0.4869675251658631,2.6022463139081853,0.19952623149688797,0.1995262314968877,7.27602992652836e+24,5.983746100421977e-05,1.2159656851107451e+29,6.37,1.1422338974141853e+24,0,0.0010070523990898,1.89691327263278e-08,True
M2_scalar_phi_massive,0.1,5.343777930616317,0.4869675251658631,2.6022463139081853,0.22387211385683395,0.2238721138568335,6.484768497907607e+24,5.983746100421977e-05,1.0837305575933942e+29,6.37,1.0180170326385568e+24,0,0.0009691375070798,1.825495676141004e-08,True
M2_scalar_phi_massive,0.1,5.343777930616317,0.4869675251658631,2.6022463139081853,0.251188643150958,0.2511886431509577,5.779556007340315e+24,5.983746100421977e-05,9.658758761393198e+28,6.37,9.073086353752456e+23,0,0.0009326500870041,1.7567669074212976e-08,True
M2_scalar_phi_massive,0.1,5.343777930616317,0.4869675251658631,2.6022463139081853,0.28183829312644537,0.281838293126445,5.151034713538581e+24,5.983746100421977e-05,8.608377807299223e+28,6.37,8.086396724550363e+23,0,0.0008975363954386,1.690625733792319e-08,True
M2_scalar_phi_massive,0.1,5.343777930616317,0.4869675251658631,2.6022463139081853,0.31622776601683794,0.3162277660168376,4.5908645208007495e+24,5.983746100421977e-05,7.672224796565147e+28,6.37,7.207008666877158e+23,0,0.0008637447123654,1.6269747339197664e-08,True
M2_scalar_phi_massive,0.1,5.343777930616317,0.4869675251658631,2.6022463139081853,0.35481338923357547,0.3548133892335749,4.091612311008596e+24,5.983746100421977e-05,6.837877547511672e+28,6.37,6.423253235492301e+23,0,0.0008312252649929,1.5657201543215507e-08,True
M2_scalar_phi_massive,0.1,5.343777930616317,0.4869675251658631,2.6022463139081853,0.3981071705534972,0.398107170553497,3.6466533106659935e+24,5.983746100421977e-05,6.094264779063453e+28,6.37,5.7247304720031295e+23,0,0.0007999301544438,1.506771771275456e-08,True
M2_scalar_phi_massive,0.1,5.343777930616317,0.4869675251658631,2.6022463139081853,0.44668359215096315,0.4466835921509624,3.250083184179596e+24,5.983746100421977e-05,5.431519201575746e+28,6.37,5.102171403735629e+23,0,0.0007698132852038,1.4500427579258929e-08,True
M2_scalar_phi_massive,0.1,5.343777930616317,0.4869675251658631,2.6022463139081853,0.5011872336272722,0.5011872336272718,2.896639686912776e+24,5.983746100421977e-05,4.840846583895836e+28,6.37,4.547315050098549e+23,0,0.0007408302972254,1.3954495563939946e-08,True
M2_scalar_phi_massive,0.1,5.343777930616317,0.4869675251658631,2.6022463139081853,0.5623413251903491,0.5623413251903482,2.5816328383964507e+24,5.983746100421977e-05,4.314409059258702e+28,6.37,4.052798804390033e+23,0,0.0007129385005895,1.3429117547026958e-08,True
M2_scalar_phi_massive,0.1,5.343777930616317,0.4869675251658631,2.6022463139081853,0.6309573444801932,0.6309573444801928,2.30088268913772e+24,5.983746100421977e-05,3.845221121557048e+28,6.37,3.6120607364799375e+23,0,0.0006860968126257,1.2923519683354952e-08,True
M2_scalar_phi_massive,0.1,5.343777930616317,0.4869675251658631,2.6022463139081853,0.7079457843841379,0.7079457843841369,2.0506638552296883e+24,5.983746100421977e-05,3.4270569319194115e+28,6.37,3.219252519983812e+23,0,0.0006602656974,1.2436957262544668e-08,True
M2_scalar_phi_massive,0.1,5.343777930616317,0.4869675251658631,2.6022463139081853,0.7943282347242815,0.7943282347242805,1.8276560847704237e+24,5.983746100421977e-05,3.054367705610932e+28,6.37,2.869161828524997e+23,0,0.0006354071074821,1.1968713612096118e-08,True
M2_scalar_phi_massive,0.1,5.343777930616317,0.4869675251658631,2.6022463139081853,0.8912509381337456,0.8912509381337446,1.628900200137488e+24,5.983746100421977e-05,2.7222080830311583e+28,6.37,2.557143171330436e+23,0,0.0006114844279032,1.1518099041780029e-08,True
M2_scalar_phi_massive,0.1,5.343777930616317,0.4869675251658631,2.6022463139081853,1.0,0.9999999999999984,1.4517588314987822e+24,5.983746100421977e-05,2.4261705077967854e+28,6.37,2.279056250390553e+23,0,0.0005884624222253,1.1084449827772236e-08,True
M2_scalar_phi_massive,0.1,5.343777930616317,0.4869675251658631,2.6022463139081853,1.1220184543019633,1.122018454301962,1.2938814205172396e+24,5.983746100421977e-05,2.1623267411463107e+28,6.37,2.0312110212201565e+23,0,0.0005663071806403,1.0667127235034796e-08,True
M2_scalar_phi_massive,0.1,5.343777930616317,0.4869675251658631,2.6022463139081853,1.2589254117941673,1.258925411794166,1.153173029869813e+24,5.983746100421977e-05,1.9271757365983337e+28,6.37,1.8103187282100675e+23,0,0.0005449860700229,1.0265516576503848e-08,True
M2_scalar_phi_massive,0.1,5.343777930616317,0.4869675251658631,2.6022463139081853,1.4125375446227544,1.4125375446227526,1.0277665447020044e+24,5.983746100421977e-05,1.7175971831918568e+28,6.37,1.6134482648383116e+23,0,0.0005244676858648,9.879026307698438e-09,True
M2_scalar_phi_massive,0.1,5.343777930616317,0.4869675251658631,2.6022463139081853,1.5848931924611136,1.5848931924611118,9.159978971481396e+23,5.983746100421977e-05,1.5308101008556212e+28,6.37,1.4379872796674092e+23,0,0.0005047218060175,9.507087155416791e-09,True
M2_scalar_phi_massive,0.1,5.343777930616317,0.4869675251658631,2.6022463139081853,1.7782794100389228,1.7782794100389203,8.163839851618179e+23,5.983746100421977e-05,1.3643359384921866e+28,6.37,1.2816075120279717e+23,0,0.0004857193461777,9.149151279236569e-09,True
M2_scalar_phi_massive,0.1,5.343777930616317,0.4869675251658631,2.6022463139081853,1.9952623149688795,1.9952623149688773,7.276029926528359e+23,5.983746100421977e-05,1.2159656851107452e+28,6.37,1.1422338974141853e+23,0,0.0004674323170478,8.804691464584187e-09,True
M2_scalar_phi_massive,0.1,5.343777930616317,0.4869675251658631,2.6022463139081853,2.2387211385683394,2.2387211385683363,6.484768497907608e+23,5.983746100421977e-05,1.0837305575933943e+28,6.37,1.018017032638557e+23,0,0.0004498337831097,8.473200346184496e-09,True
M2_scalar_phi_massive,0.1,5.343777930616317,0.4869675251658631,2.6022463139081853,2.51188643150958,2.511886431509577,5.7795560073403135e+23,5.983746100421977e-05,9.658758761393197e+27,6.37,9.073086353752454e+22,0,0.0004328978229506,8.154189660747149e-09,True
M2_scalar_phi_massive,0.1,5.343777930616317,0.4869675251658631,2.6022463139081853,2.8183829312644537,2.81838293126445,5.151034713538579e+23,5.983746100421977e-05,8.608377807299219e+27,6.37,8.086396724550359e+22,0,0.0004165994910829,7.847189527788838e-09,True
M2_scalar_phi_massive,0.1,5.343777930616317,0.4869675251658631,2.6022463139081853,3.1622776601683795,3.162277660168374,4.590864520800749e+23,5.983746100421977e-05,7.672224796565147e+27,6.37,7.207008666877157e+22,0,0.0004009147812007,7.55174775753211e-09,True
M2_scalar_phi_massive,0.1,5.343777930616317,0.4869675251658631,2.6022463139081853,3.548133892335755,3.5481338923357497,4.091612311008596e+23,5.983746100421977e-05,6.837877547511672e+27,6.37,6.4232532354923e+22,0,0.0003858205908208,7.267429184861385e-09,True
M2_scalar_phi_massive,0.1,5.343777930616317,0.4869675251658631,2.6022463139081853,3.9810717055349722,3.981071705534968,3.646653310665993e+23,5.983746100421977e-05,6.094264779063452e+27,6.37,5.724730472003129e+22,0,0.0003712946872536,6.993815028355105e-09,True
M2_scalar_phi_massive,0.1,5.343777930616317,0.4869675251658631,2.6022463139081853,4.466835921509632,4.466835921509626,3.2500831841795946e+23,5.983746100421977e-05,5.431519201575744e+27,6.37,5.102171403735627e+22,0,0.0003573156748568,6.7305022734499005e-09,True
M2_scalar_phi_massive,0.1,5.343777930616317,0.4869675251658631,2.6022463139081853,5.011872336272722,5.011872336272717,2.8966396869127748e+23,5.983746100421977e-05,4.8408465838958346e+27,6.37,4.547315050098548e+22,0,0.0003438629635203,6.477103078828271e-09,True
M2_scalar_phi_massive,0.1,5.343777930616317,0.4869675251658631,2.6022463139081853,5.623413251903491,5.623413251903483,2.58163283839645e+23,5.983746100421977e-05,4.314409059258701e+27,6.37,4.052798804390031e+22,0,0.0003309167383389,6.2332442051553754e-09,True
M2_scalar_phi_massive,0.1,5.343777930616317,0.4869675251658631,2.6022463139081853,6.309573444801933,6.309573444801924,2.3008826891377204e+23,5.983746100421977e-05,3.845221121557048e+27,6.37,3.612060736479938e+22,0,0.000318457930426,5.998566465323531e-09,True
M2_scalar_phi_massive,0.1,5.343777930616317,0.4869675251658631,2.6022463139081853,7.079457843841379,7.079457843841368,2.0506638552296883e+23,5.983746100421977e-05,3.4270569319194114e+27,6.37,3.219252519983812e+22,0,0.0003064681888269,5.772724195394669e-09,True
M2_scalar_phi_massive,0.1,5.343777930616317,0.4869675251658631,2.6022463139081853,7.943282347242816,7.943282347242806,1.8276560847704227e+23,5.983746100421977e-05,3.0543677056109307e+27,6.37,2.869161828524996e+22,0,0.0002949298534887,5.555384745461461e-09,True
M2_scalar_phi_massive,0.1,5.343777930616317,0.4869675251658631,2.6022463139081853,8.912509381337454,8.912509381337445,1.6289002001374875e+23,5.983746100421977e-05,2.722208083031158e+27,6.37,2.557143171330436e+22,0,0.0002838259292483,5.346227989677223e-09,True
M2_scalar_phi_massive,0.1,5.343777930616317,0.4869675251658631,2.6022463139081853,10.0,9.999999999999984,1.4517588314987822e+23,5.983746100421977e-05,2.4261705077967852e+27,6.37,2.279056250390553e+22,0,0.0002731400608001,5.14494585473287e-09,True
M2_scalar_phi_massive,0.1,5.343777930616317,0.5623413251903491,3.0050271630257206,0.1,0.0999999999999998,1.2763618160878636e+25,5.983746100421977e-05,2.1330480850413315e+29,6.37,2.003707717563365e+24,0,0.0015268225801463,3.835164361235744e-08,True
M2_scalar_phi_massive,0.1,5.343777930616317,0.5623413251903491,3.0050271630257206,0.11220184543019636,0.1122018454301961,1.1375586659863991e+25,5.983746100421977e-05,1.901081106877476e+29,6.37,1.7858063830241747e+24,0,0.0014693386664026,3.6907728253748434e-08,True
M2_scalar_phi_massive,0.1,5.343777930616317,0.5623413251903491,3.0050271630257206,0.12589254117941673,0.1258925411794165,1.0138502282425506e+25,5.983746100421977e-05,1.69434031997289e+29,6.37,1.591601614195527e+24,0,0.0014140189860034,3.5518175403925244e-08,True
M2_scalar_phi_massive,0.1,5.343777930616317,0.5623413251903491,3.0050271630257206,0.14125375446227545,0.1412537544622752,9.035949670482852e+24,5.983746100421977e-05,1.5100823996936686e+29,6.37,1.418516431786947e+24,0,0.0013607820569192,3.4180938348484634e-08,True
M2_scalar_phi_massive,0.1,5.343777930616317,0.5623413251903491,3.0050271630257206,0.15848931924611134,0.1584893192461111,8.053298620747152e+24,5.983746100421977e-05,1.34586235538624e+29,6.37,1.2642541005882498e+24,0,0.0013095494648675,3.289404743053864e-08,True
M2_scalar_phi_massive,0.1,5.343777930616317,0.5623413251903491,3.0050271630257206,0.1778279410038923,0.177827941003892,7.177509950812097e+24,5.983746100421977e-05,1.1995010868368788e+29,6.37,1.1267676531887124e+24,0,0.0012602457478145,3.165560714954729e-08,True
M2_scalar_phi_massive,0.1,5.343777930616317,0.5623413251903491,3.0050271630257206,0.19952623149688797,0.1995262314968876,6.396962477125575e+24,5.983746100421977e-05,1.0690564689358156e+29,6.37,1.0042327279631988e+24,0,0.0012127982848248,3.046379336937865e-08,True
M2_scalar_phi_massive,0.1,5.343777930616317,0.5623413251903491,3.0050271630257206,0.22387211385683395,0.2238721138568337,5.701298808944538e+24,5.983746100421977e-05,9.527975808569948e+28,6.37,8.950233609018113e+23,0,0.0011671371890957,2.931685063148348e-08,True
M2_scalar_phi_massive,0.1,5.343777930616317,0.5623413251903491,3.0050271630257206,0.251188643150958,0.2511886431509575,5.081287912052626e+24,5.983746100421977e-05,8.4918173779036e+28,6.37,7.976904100553573e+23,0,0.0011231952050187,2.821308956922733e-08,True
M2_scalar_phi_massive,0.1,5.343777930616317,0.5623413251903491,3.0050271630257206,0.28183829312644537,0.281838293126445,4.528702618544565e+24,5.983746100421977e-05,7.568340204517028e+28,6.37,7.109423263021294e+23,0,0.0010809076091171,2.7150884419571297e-08,True
M2_scalar_phi_massive,0.1,5.343777930616317,0.5623413251903491,3.0050271630257206,0.31622776601683794,0.3162277660168375,4.036210457306592e+24,5.983746100421977e-05,6.745290307391144e+28,6.37,6.336280152757602e+23,0,0.0010402121147123,2.6128670628436543e-08,True
M2_scalar_phi_massive,0.1,5.343777930616317,0.5623413251903491,3.0050271630257206,0.35481338923357547,0.3548133892335749,3.5972763565797345e+24,5.983746100421977e-05,6.011746314446818e+28,6.37,5.647215630423445e+23,0,0.0010010487801802,2.514494254622525e-08,True
M2_scalar_phi_massive,0.1,5.343777930616317,0.5623413251903491,3.0050271630257206,0.3981071705534972,0.3981071705534968,3.2060759275280303e+24,5.983746100421977e-05,5.357974542572813e+28,6.37,5.0330862284584464e+23,0,0.0009633599206615,2.4198251210103813e-08,True
M2_scalar_phi_massive,0.1,5.343777930616317,0.5623413251903491,3.0050271630257206,0.44668359215096315,0.4466835921509623,2.8574181781373754e+24,5.983746100421977e-05,4.775299837564746e+28,6.37,4.4857428228216256e+23,0,0.0009270900230954,2.3287202209781715e-08,True
M2_scalar_phi_massive,0.1,5.343777930616317,0.5623413251903491,3.0050271630257206,0.5011872336272722,0.5011872336272715,2.546676631905354e+24,5.983746100421977e-05,4.255990460099503e+28,6.37,3.99792249906649e+23,0,0.0008921856644533,2.2410453633642384e-08,True
M2_scalar_phi_massive,0.1,5.343777930616317,0.5623413251903491,3.0050271630257206,0.5623413251903491,0.5623413251903483,2.2697279373089345e+24,5.983746100421977e-05,3.793155490251953e+28,6.37,3.563152177879018e+23,0,0.00085859543305,2.1566714092201067e-08,True
M2_scalar_phi_massive,0.1,5.343777930616317,0.5623413251903491,3.0050271630257206,0.6309573444801932,0.6309573444801925,2.0228971534349585e+24,5.983746100421977e-05,3.38065338917422e+28,6.37,3.175662721247972e+23,0,0.0008262698528182,2.075474081597818e-08,True
M2_scalar_phi_massive,0.1,5.343777930616317,0.5623413251903491,3.0050271630257206,0.7079457843841379,0.7079457843841371,1.80290898574699e+24,5.983746100421977e-05,3.01301050460655e+28,6.37,2.8303123795086184e+23,0,0.0007951613104335,1.9973337824986583e-08,True
M2_scalar_phi_massive,0.1,5.343777930616317,0.5623413251903491,3.0050271630257206,0.7943282347242815,0.7943282347242802,1.606844324916765e+24,5.983746100421977e-05,2.685348438837418e+28,6.37,2.5225185634486104e+23,0,0.0007652239851832,1.9221354167136476e-08,True
M2_scalar_phi_massive,0.1,5.343777930616317,0.5623413251903491,3.0050271630257206,0.8912509381337456,0.8912509381337443,1.4321015120169513e+24,5.983746100421977e-05,2.3933193153298378e+28,6.37,2.2481970361333616e+23,0,0.0007364137814759,1.849768222296329e-08,True
M2_scalar_phi_massive,0.1,5.343777930616317,0.5623413251903491,3.0050271630257206,1.0,0.9999999999999984,1.2763618160878636e+24,5.983746100421977e-05,2.133048085041332e+28,6.37,2.003707717563365e+23,0,0.0007086882638915,1.7801256074181515e-08,True
M2_scalar_phi_massive,0.1,5.343777930616317,0.5623413251903491,3.0050271630257206,1.1220184543019633,1.122018454301962,1.1375586659863996e+24,5.983746100421977e-05,1.901081106877476e+28,6.37,1.785806383024175e+23,0,0.0006820065946769,1.7131049933661358e-08,True
M2_scalar_phi_massive,0.1,5.343777930616317,0.5623413251903491,3.0050271630257206,1.2589254117941673,1.258925411794166,1.0138502282425505e+24,5.983746100421977e-05,1.6943403199728896e+28,6.37,1.5916016141955266e+23,0,0.000656329473595,1.648607663451594e-08,True
M2_scalar_phi_massive,0.1,5.343777930616317,0.5623413251903491,3.0050271630257206,1.4125375446227544,1.4125375446227522,9.03594967048285e+23,5.983746100421977e-05,1.5100823996936682e+28,6.37,1.4185164317869466e+23,0,0.0006316190800376,1.5865386176073312e-08,True
M2_scalar_phi_massive,0.1,5.343777930616317,0.5623413251903491,3.0050271630257206,1.5848931924611136,1.5848931924611114,8.05329862074715e+23,5.983746100421977e-05,1.3458623553862397e+28,6.37,1.2642541005882497e+23,0,0.0006078390173192,1.5268064324591726e-08,True
M2_scalar_phi_massive,0.1,5.343777930616317,0.5623413251903491,3.0050271630257206,1.7782794100389228,1.77827941003892,7.177509950812098e+23,5.983746100421977e-05,1.1995010868368788e+28,6.37,1.1267676531887124e+23,0,0.0005849542590663,1.4693231266657156e-08,True
M2_scalar_phi_massive,0.1,5.343777930616317,0.5623413251903491,3.0050271630257206,1.9952623149688795,1.9952623149688764,6.396962477125575e+23,5.983746100421977e-05,1.0690564689358157e+28,6.37,1.0042327279631986e+23,0,0.0005629310976267,1.4140040313279496e-08,True
M2_scalar_phi_massive,0.1,5.343777930616317,0.5623413251903491,3.0050271630257206,2.2387211385683394,2.238721138568336,5.701298808944538e+23,5.983746100421977e-05,9.52797580856995e+27,6.37,8.950233609018112e+22,0,0.00054173709442,1.3607676652778748e-08,True
M2_scalar_phi_massive,0.1,5.343777930616317,0.5623413251903491,3.0050271630257206,2.51188643150958,2.511886431509577,5.081287912052625e+23,5.983746100421977e-05,8.491817377903598e+27,6.37,7.97690410055357e+22,0,0.0005213410321582,1.3095356150624273e-08,True
M2_scalar_phi_massive,0.1,5.343777930616317,0.5623413251903491,3.0050271630257206,2.8183829312644537,2.818382931264451,4.528702618544562e+23,5.983746100421977e-05,7.568340204517025e+27,6.37,7.10942326302129e+22,0,0.0005017128688645,1.2602324194459333e-08,True
M2_scalar_phi_massive,0.1,5.343777930616317,0.5623413251903491,3.0050271630257206,3.1622776601683795,3.1622776601683737,4.0362104573065926e+23,5.983746100421977e-05,6.745290307391144e+27,6.37,6.336280152757602e+22,0,0.0004828236936237,1.2127854582609725e-08,True
M2_scalar_phi_massive,0.1,5.343777930616317,0.5623413251903491,3.0050271630257206,3.548133892335755,3.548133892335751,3.597276356579734e+23,5.983746100421977e-05,6.011746314446818e+27,6.37,5.647215630423445e+22,0,0.0004646456839986,1.1671248454439397e-08,True
M2_scalar_phi_massive,0.1,5.343777930616317,0.5623413251903491,3.0050271630257206,3.9810717055349722,3.981071705534966,3.20607592752803e+23,5.983746100421977e-05,5.357974542572813e+27,6.37,5.033086228458446e+22,0,0.0004471520650492,1.123183326097748e-08,True
M2_scalar_phi_massive,0.1,5.343777930616317,0.5623413251903491,3.0050271630257206,4.466835921509632,4.466835921509627,2.8574181781373745e+23,5.983746100421977e-05,4.775299837564745e+27,6.37,4.485742822821624e+22,0,0.0004303170698953,1.0808961774300561e-08,True
M2_scalar_phi_massive,0.1,5.343777930616317,0.5623413251903491,3.0050271630257206,5.011872336272722,5.011872336272717,2.546676631905353e+23,5.983746100421977e-05,4.255990460099501e+27,6.37,3.997922499066488e+22,0,0.0004141159017635,1.0402011134211141e-08,True
M2_scalar_phi_massive,0.1,5.343777930616317,0.5623413251903491,3.0050271630257206,5.623413251903491,5.623413251903482,2.269727937308934e+23,5.983746100421977e-05,3.793155490251953e+27,6.37,3.5631521778790174e+22,0,0.0003985246974636,1.0010381930807984e-08,True
M2_scalar_phi_massive,0.1,5.343777930616317,0.5623413251903491,3.0050271630257206,6.309573444801933,6.309573444801922,2.0228971534349584e+23,5.983746100421977e-05,3.38065338917422e+27,6.37,3.1756627212479723e+22,0,0.0003835204922392,9.63349732159717e-09,True
M2_scalar_phi_massive,0.1,5.343777930616317,0.5623413251903491,3.0050271630257206,7.079457843841379,7.079457843841377,1.80290898574699e+23,5.983746100421977e-05,3.0130105046065503e+27,6.37,2.8303123795086183e+22,0,0.0003690811859429,9.270802181843346e-09,True
M2_scalar_phi_massive,0.1,5.343777930616317,0.5623413251903491,3.0050271630257206,7.943282347242816,7.94328234724281,1.606844324916764e+23,5.983746100421977e-05,2.6853484388374176e+27,6.37,2.522518563448609e+22,0,0.0003551855104839,8.92176228690971e-09,True
M2_scalar_phi_massive,0.1,5.343777930616317,0.5623413251903491,3.0050271630257206,8.912509381337454,8.912509381337447,1.432101512016951e+23,5.983746100421977e-05,2.3933193153298368e+27,6.37,2.248197036133361e+22,0,0.0003418129985017,8.585863525382402e-09,True
M2_scalar_phi_massive,0.1,5.343777930616317,0.5623413251903491,3.0050271630257206,10.0,9.999999999999984,1.2763618160878636e+23,5.983746100421977e-05,2.1330480850413315e+27,6.37,2.003707717563365e+22,0,0.0003289439532191,8.262611141820258e-09,True
M2_scalar_phi_massive,0.1,5.343777930616317,0.6493816315762113,3.4701512313645737,0.1,0.0999999999999998,1.1731906443027298e+25,5.983746100421977e-05,1.96062905179081e+29,6.37,1.841743554635369e+24,0,0.0018385593130877,6.158473144513853e-08,True
M2_scalar_phi_massive,0.1,5.343777930616317,0.6493816315762113,3.4701512313645737,0.11220184543019636,0.1122018454301961,1.0456072623445412e+25,5.983746100421977e-05,1.7474124817408353e+29,6.37,1.6414556708705517e+24,0,0.00176933870662,5.926610488278714e-08,True
M2_scalar_phi_massive,0.1,5.343777930616317,0.6493816315762113,3.4701512313645737,0.12589254117941673,0.1258925411794165,9.318984534840298e+24,5.983746100421977e-05,1.557383013658136e+29,6.37,1.4629489065683357e+24,0,0.0017027242126261,5.7034773158125015e-08,True
M2_scalar_phi_massive,0.1,5.343777930616317,0.6493816315762113,3.4701512313645737,0.14125375446227545,0.1412537544622751,8.305553709130282e+24,5.983746100421977e-05,1.3880190719563735e+29,6.37,1.3038545854207664e+24,0,0.0016386177126039,5.48874496751945e-08,True
M2_scalar_phi_massive,0.1,5.343777930616317,0.6493816315762113,3.4701512313645737,0.15848931924611134,0.1584893192461111,7.402332534982575e+24,5.983746100421977e-05,1.2370733000286488e+29,6.37,1.162061622446244e+24,0,0.0015769247821514,5.2820971576317e-08,True
M2_scalar_phi_massive,0.1,5.343777930616317,0.6493816315762113,3.4701512313645737,0.1778279410038923,0.177827941003892,6.597335816181165e+24,5.983746100421977e-05,1.1025427391907415e+29,6.37,1.0356885111744372e+24,0,0.001517554551886,5.083229508342429e-08,True
M2_scalar_phi_massive,0.1,5.343777930616317,0.6493816315762113,3.4701512313645737,0.19952623149688797,0.1995262314968877,5.879881735354824e+24,5.983746100421977e-05,9.82642250636298e+28,6.37,9.230583571985594e+23,0,0.0014604195736008,4.8918491014785856e-08,True
M2_scalar_phi_massive,0.1,5.343777930616317,0.6493816315762113,3.4701512313645737,0.22387211385683395,0.2238721138568336,5.240450112750462e+24,5.983746100421977e-05,8.757808277294556e+28,6.37,8.2267662680541e+23,0,0.0014054356914588,4.707674047052843e-08,True
M2_scalar_phi_massive,0.1,5.343777930616317,0.6493816315762113,3.4701512313645737,0.251188643150958,0.2511886431509576,4.6705560792319424e+24,5.983746100421977e-05,7.805404843134257e+28,6.37,7.33211315421027e+23,0,0.0013525219180376,4.530433068059328e-08,True
M2_scalar_phi_massive,0.1,5.343777930616317,0.6493816315762113,3.4701512313645737,0.28183829312644537,0.2818382931264449,4.162637487221737e+24,5.983746100421977e-05,6.956574388957088e+28,6.37,6.53475272719268e+23,0,0.0013016003150406,4.359865100901509e-08,True
M2_scalar_phi_massive,0.1,5.343777930616317,0.6493816315762113,3.4701512313645737,0.31622776601683794,0.3162277660168373,3.70995456559707e+24,5.983746100421977e-05,6.200053450355192e+28,6.37,5.824104498582528e+23,0,0.0012525958784993,4.195718910863732e-08,True
M2_scalar_phi_massive,0.1,5.343777930616317,0.6493816315762113,3.4701512313645737,0.35481338923357547,0.3548133892335749,3.306500487021961e+24,5.983746100421977e-05,5.52580345410843e+28,6.37,5.190738598150645e+23,0,0.0012054364282974,4.037752722060019e-08,True
M2_scalar_phi_massive,0.1,5.343777930616317,0.6493816315762113,3.4701512313645737,0.3981071705534972,0.3981071705534967,2.946921660998009e+24,5.983746100421977e-05,4.924877512416829e+28,6.37,4.626250645208805e+23,0,0.0011600525018551,3.885733861315047e-08,True
M2_scalar_phi_massive,0.1,5.343777930616317,0.6493816315762113,3.4701512313645737,0.44668359215096315,0.4466835921509625,2.6264466949711314e+24,5.983746100421977e-05,4.389301703135287e+28,6.37,4.123150227584194e+23,0,0.0011163772518149,3.739438415452799e-08,True
M2_scalar_phi_massive,0.1,5.343777930616317,0.6493816315762113,3.4701512313645737,0.5011872336272722,0.5011872336272715,2.340823080851296e+24,5.983746100421977e-05,3.91196926067137e+28,6.37,3.6747615084007786e+23,0,0.0010743463475807,3.5986509014880776e-08,True
M2_scalar_phi_massive,0.1,5.343777930616317,0.6493816315762113,3.4701512313645737,0.5623413251903491,0.5623413251903477,2.0862607668138425e+24,5.983746100421977e-05,3.4865462735237345e+28,6.37,3.275134641779972e+23,0,0.0010338978805628,3.4631639492350966e-08,True
M2_scalar_phi_massive,0.1,5.343777930616317,0.6493816315762113,3.4701512313645737,0.6309573444801932,0.6309573444801925,1.859381865614464e+24,5.983746100421977e-05,3.1073876371247422e+28,6.37,2.918966822000728e+23,0,0.0009949722729912,3.332777995865674e-08,True
M2_scalar_phi_massive,0.1,5.343777930616317,0.6493816315762113,3.4701512313645737,0.7079457843841379,0.7079457843841372,1.657175832077765e+24,5.983746100421977e-05,2.7694621467326294e+28,6.37,2.601531918489427e+23,0,0.0009575121901618,3.207300991967097e-08,True
M2_scalar_phi_massive,0.1,5.343777930616317,0.6493816315762113,3.4701512313645737,0.7943282347242815,0.7943282347242807,1.4769595149918785e+24,5.983746100421977e-05,2.468285736401353e+28,6.37,2.318617762938585e+23,0,0.000921462455986,3.086548118666747e-08,True
M2_scalar_phi_massive,0.1,5.343777930616317,0.6493816315762113,3.4701512313645737,0.8912509381337456,0.8912509381337441,1.3163415533220733e+24,5.983746100421977e-05,2.199861978149849e+28,6.37,2.06647025639258e+23,0,0.0008867699717205,2.9703415154067863e-08,True
M2_scalar_phi_massive,0.1,5.343777930616317,0.6493816315762113,3.4701512313645737,1.0,0.9999999999999982,1.17319064430273e+24,5.983746100421977e-05,1.9606290517908104e+28,6.37,1.841743554635369e+23,0,0.0008533836377562,2.858510017967969e-08,True
M2_scalar_phi_massive,0.1,5.343777930616317,0.6493816315762113,3.4701512313645737,1.1220184543019633,1.1220184543019622,1.0456072623445413e+24,5.983746100421977e-05,1.7474124817408353e+28,6.37,1.6414556708705513e+23,0,0.0008212542783526,2.750888906356685e-08,True
M2_scalar_phi_massive,0.1,5.343777930616317,0.6493816315762113,3.4701512313645737,1.2589254117941673,1.258925411794166,9.318984534840297e+23,5.983746100421977e-05,1.5573830136581358e+28,6.37,1.4629489065683354e+23,0,0.0007903345692047,2.647319662183909e-08,True
M2_scalar_phi_massive,0.1,5.343777930616317,0.6493816315762113,3.4701512313645737,1.4125375446227544,1.4125375446227528,8.305553709130279e+23,5.983746100421977e-05,1.3880190719563731e+28,6.37,1.303854585420766e+23,0,0.0007605789677382,2.547649735178661e-08,True
M2_scalar_phi_massive,0.1,5.343777930616317,0.6493816315762113,3.4701512313645737,1.5848931924611136,1.5848931924611112,7.402332534982571e+23,5.983746100421977e-05,1.2370733000286485e+28,6.37,1.1620616224462437e+23,0,0.0007319436460281,2.4517323184921097e-08,True
M2_scalar_phi_massive,0.1,5.343777930616317,0.6493816315762113,3.4701512313645737,1.7782794100389228,1.7782794100389203,6.597335816181166e+23,5.983746100421977e-05,1.102542739190742e+28,6.37,1.0356885111744371e+23,0,0.0007043864262432,2.3594261324613197e-08,True
M2_scalar_phi_massive,0.1,5.343777930616317,0.6493816315762113,3.4701512313645737,1.9952623149688795,1.9952623149688768,5.879881735354824e+23,5.983746100421977e-05,9.82642250636298e+27,6.37,9.230583571985596e+22,0,0.0006778667185215,2.2705952165141705e-08,True
M2_scalar_phi_massive,0.1,5.343777930616317,0.6493816315762113,3.4701512313645737,2.2387211385683394,2.2387211385683377,5.240450112750462e+23,5.983746100421977e-05,8.757808277294558e+27,6.37,8.226766268054101e+22,0,0.0006523454611836,2.1851087289089155e-08,True
M2_scalar_phi_massive,0.1,5.343777930616317,0.6493816315762113,3.4701512313645737,2.51188643150958,2.511886431509577,4.670556079231941e+23,5.983746100421977e-05,7.805404843134254e+27,6.37,7.3321131542102676e+22,0,0.0006277850631979,2.102840754013426e-08,True
M2_scalar_phi_massive,0.1,5.343777930616317,0.6493816315762113,3.4701512313645737,2.8183829312644537,2.818382931264451,4.162637487221735e+23,5.983746100421977e-05,6.956574388957084e+27,6.37,6.5347527271926764e+22,0,0.0006041493488119,2.0236701168402493e-08,True
M2_scalar_phi_massive,0.1,5.343777930616317,0.6493816315762113,3.4701512313645737,3.1622776601683795,3.1622776601683755,3.70995456559707e+23,5.983746100421977e-05,6.200053450355191e+27,6.37,5.824104498582528e+22,0,0.0005814035042671,1.9474802045643072e-08,True
M2_scalar_phi_massive,0.1,5.343777930616317,0.6493816315762113,3.4701512313645737,3.548133892335755,3.5481338923357497,3.306500487021961e+23,5.983746100421977e-05,5.52580345410843e+27,6.37,5.190738598150645e+22,0,0.0005595140265215,1.874158794760339e-08,True
M2_scalar_phi_massive,0.1,5.343777930616317,0.6493816315762113,3.4701512313645737,3.9810717055349722,3.981071705534964,2.946921660998009e+23,5.983746100421977e-05,4.9248775124168295e+27,6.37,4.626250645208805e+22,0,0.0005384486739015,1.8035978901070986e-08,True
M2_scalar_phi_massive,0.1,5.343777930616317,0.6493816315762113,3.4701512313645737,4.466835921509632,4.466835921509625,2.6264466949711307e+23,5.983746100421977e-05,4.389301703135285e+27,6.37,4.123150227584192e+22,0,0.0005181764186123,1.7356935593148374e-08,True
M2_scalar_phi_massive,0.1,5.343777930616317,0.6493816315762113,3.4701512313645737,5.011872336272722,5.011872336272716,2.340823080851296e+23,5.983746100421977e-05,3.91196926067137e+27,6.37,3.674761508400778e+22,0,0.0004986674010363,1.6703457840417617e-08,True
M2_scalar_phi_massive,0.1,5.343777930616317,0.6493816315762113,3.4701512313645737,5.623413251903491,5.623413251903477,2.0862607668138426e+23,5.983746100421977e-05,3.4865462735237343e+27,6.37,3.275134641779972e+22,0,0.0004798928857516,1.6074583115739958e-08,True
M2_scalar_phi_massive,0.1,5.343777930616317,0.6493816315762113,3.4701512313645737,6.309573444801933,6.309573444801925,1.859381865614464e+23,5.983746100421977e-05,3.1073876371247427e+27,6.37,2.9189668220007285e+22,0,0.000461825219207,1.5469385130520493e-08,True
M2_scalar_phi_massive,0.1,5.343777930616317,0.6493816315762113,3.4701512313645737,7.079457843841379,7.07945784384137,1.657175832077765e+23,5.983746100421977e-05,2.769462146732629e+27,6.37,2.6015319184894266e+22,0,0.0004444377889903,1.4886972470349672e-08,True
M2_scalar_phi_massive,0.1,5.343777930616317,0.6493816315762113,3.4701512313645737,7.943282347242816,7.943282347242805,1.476959514991878e+23,5.983746100421977e-05,2.468285736401353e+27,6.37,2.318617762938584e+22,0,0.0004277049846298,1.4326487282012106e-08,True
M2_scalar_phi_massive,0.1,5.343777930616317,0.6493816315762113,3.4701512313645737,8.912509381337454,8.912509381337445,1.316341553322073e+23,5.983746100421977e-05,2.199861978149848e+27,6.37,2.0664702563925797e+22,0,0.0004116021598721,1.3787104009928596e-08,True
M2_scalar_phi_massive,0.1,5.343777930616317,0.6493816315762113,3.4701512313645737,10.0,9.99999999999998,1.17319064430273e+23,5.983746100421977e-05,1.9606290517908105e+27,6.37,1.8417435546353687e+22,0,0.0003961055963797,1.3268028180170389e-08,True
M2_scalar_phi_massive,0.1,5.343777930616317,0.7498942093324559,4.00726812612775,0.1,0.0999999999999998,1.1397198161719477e+25,5.983746100421977e-05,1.904692807890986e+29,6.37,1.789199083472445e+24,0,0.0022136936334472,9.888101663355027e-08,True
M2_scalar_phi_massive,0.1,5.343777930616317,0.7498942093324559,4.00726812612775,0.11220184543019636,0.1122018454301962,1.015776355372868e+25,5.983746100421977e-05,1.6975592518894393e+29,6.37,1.5946253616528542e+24,0,0.0021303494548014,9.515820829617693e-08,True
M2_scalar_phi_massive,0.1,5.343777930616317,0.7498942093324559,4.00726812612775,0.12589254117941673,0.1258925411794166,9.053116296601456e+24,5.983746100421977e-05,1.5129512757840824e+29,6.37,1.4212113495449695e+24,0,0.0020501431322749,9.157556136074565e-08,True
M2_scalar_phi_massive,0.1,5.343777930616317,0.7498942093324559,4.00726812612775,0.14125375446227545,0.1412537544622752,8.068598392379948e+24,5.983746100421977e-05,1.3484192438932102e+29,6.37,1.2666559485682806e+24,0,0.0019729565275505,8.812779883827018e-08,True
M2_scalar_phi_massive,0.1,5.343777930616317,0.7498942093324559,4.00726812612775,0.15848931924611134,0.1584893192461111,7.191145886633061e+24,5.983746100421977e-05,1.2017799161174195e+29,6.37,1.1289083024541695e+24,0,0.0018986759501444,8.480984241509405e-08,True
M2_scalar_phi_massive,0.1,5.343777930616317,0.7498942093324559,4.00726812612775,0.1778279410038923,0.1778279410038921,6.40911551771834e+24,5.983746100421977e-05,1.0710874776699442e+29,6.37,1.0061405836292528e+24,0,0.0018271919899485,8.161680497288895e-08,True
M2_scalar_phi_massive,0.1,5.343777930616317,0.7498942093324559,4.00726812612775,0.19952623149688797,0.1995262314968877,5.712130217774016e+24,5.983746100421977e-05,9.54607719296645e+28,6.37,8.967237390540057e+23,0,0.0017583993560765,7.85439833902703e-08,True
M2_scalar_phi_massive,0.1,5.343777930616317,0.7498942093324559,4.00726812612775,0.22387211385683395,0.2238721138568335,5.090941415333208e+24,5.983746100421977e-05,8.507950253728499e+28,6.37,7.992058736786825e+23,0,0.0016921967217782,7.55868516154277e-08,True
M2_scalar_phi_massive,0.1,5.343777930616317,0.7498942093324559,4.00726812612775,0.251188643150958,0.2511886431509576,4.537306312399661e+24,5.983746100421977e-05,7.582718645230765e+28,6.37,7.122929846781257e+23,0,0.001628486575192,7.274105399956621e-08,True
M2_scalar_phi_massive,0.1,5.343777930616317,0.7498942093324559,4.00726812612775,0.28183829312644537,0.2818382931264451,4.0438785075263634e+24,5.983746100421977e-05,6.758105106166164e+28,6.37,6.348317908204651e+23,0,0.0015671750757169,7.000239888133975e-08,True
M2_scalar_phi_massive,0.1,5.343777930616317,0.7498942093324559,4.00726812612775,0.31622776601683794,0.3162277660168378,3.604110513531762e+24,5.983746100421977e-05,6.023167515877049e+28,6.37,5.657944291258653e+23,0,0.0015081719157916,6.736685241282615e-08,True
M2_scalar_phi_massive,0.1,5.343777930616317,0.7498942093324559,4.00726812612775,0.35481338923357547,0.3548133892335752,3.212166876322878e+24,5.983746100421977e-05,5.368153699062121e+28,6.37,5.042648157492744e+23,0,0.0014513901878781,6.483053261795085e-08,True
M2_scalar_phi_massive,0.1,5.343777930616317,0.7498942093324559,4.00726812612775,0.3981071705534972,0.3981071705534967,2.862846741964908e+24,5.983746100421977e-05,4.784372020335251e+28,6.37,4.4942649010438114e+23,0,0.0013967462564525,6.23897036746067e-08,True
M2_scalar_phi_massive,0.1,5.343777930616317,0.7498942093324559,4.00726812612775,0.44668359215096315,0.4466835921509625,2.551514844509361e+24,5.983746100421977e-05,4.264076051504637e+28,6.37,4.005517809276862e+23,0,0.0013441596348163,6.004077041204889e-08,True
M2_scalar_phi_massive,0.1,5.343777930616317,0.7498942093324559,4.00726812612775,0.5011872336272722,0.5011872336272717,2.2740399988311456e+24,5.983746100421977e-05,3.8003617811771447e+28,6.37,3.569921505229428e+23,0,0.0012935528665445,5.778027301545906e-08,True
M2_scalar_phi_massive,0.1,5.343777930616317,0.7498942093324559,4.00726812612775,0.5623413251903491,0.5623413251903482,2.0267402823119204e+24,5.983746100421977e-05,3.387076002721763e+28,6.37,3.181695890599561e+23,0,0.0012448514113981,5.5604881929879624e-08,True
M2_scalar_phi_massive,0.1,5.343777930616317,0.7498942093324559,4.00726812612775,0.6309573444801932,0.630957344480193,1.8063341779639512e+24,5.983746100421977e-05,3.0187346649560672e+28,6.37,2.8356894473531416e+23,0,0.0011979835355315,5.35113929560114e-08,True
M2_scalar_phi_massive,0.1,5.343777930616317,0.7498942093324559,4.00726812612775,0.7079457843841379,0.7079457843841372,1.6098970306934195e+24,5.983746100421977e-05,2.690450102118953e+28,6.37,2.5273108802094497e+23,0,0.0011528802058333,5.149672253065183e-08,True
M2_scalar_phi_massive,0.1,5.343777930616317,0.7498942093324559,4.00726812612775,0.7943282347242815,0.7943282347242804,1.4348222389042416e+24,5.983746100421977e-05,2.397866177515549e+28,6.37,2.2524681929422946e+23,0,0.0011094749882457,4.9557903184821376e-08,True
M2_scalar_phi_massive,0.1,5.343777930616317,0.7498942093324559,4.00726812612775,0.8912509381337456,0.8912509381337445,1.2787866664785665e+24,5.983746100421977e-05,2.1371004802299108e+28,6.37,2.0075143900762424e+23,0,0.0010677039499112,4.7692079172888666e-08,True
M2_scalar_phi_massive,0.1,5.343777930616317,0.7498942093324559,4.00726812612775,1.0,0.9999999999999986,1.1397198161719476e+24,5.983746100421977e-05,1.9046928078909864e+28,6.37,1.7891990834724453e+23,0,0.0010275055650048,4.5896502266256645e-08,True
M2_scalar_phi_massive,0.1,5.343777930616317,0.7498942093324559,4.00726812612775,1.1220184543019633,1.122018454301963,1.0157763553728682e+24,5.983746100421977e-05,1.6975592518894391e+28,6.37,1.594625361652854e+23,0,0.0009888206241099,4.4168527705413374e-08,True
M2_scalar_phi_massive,0.1,5.343777930616317,0.7498942093324559,4.00726812612775,1.2589254117941673,1.2589254117941668,9.053116296601456e+23,5.983746100421977e-05,1.512951275784082e+28,6.37,1.4212113495449694e+23,0,0.0009515921470075,4.250561030438588e-08,True
M2_scalar_phi_massive,0.1,5.343777930616317,0.7498942093324559,4.00726812612775,1.4125375446227544,1.4125375446227535,8.068598392379946e+23,5.983746100421977e-05,1.34841924389321e+28,6.37,1.2666559485682804e+23,0,0.0009157652987482,4.0905300701858803e-08,True
M2_scalar_phi_massive,0.1,5.343777930616317,0.7498942093324559,4.00726812612775,1.5848931924611136,1.5848931924611125,7.191145886633058e+23,5.983746100421977e-05,1.201779916117419e+28,6.37,1.1289083024541693e+23,0,0.0008812873088839,3.9365241753436e-08,True
M2_scalar_phi_massive,0.1,5.343777930616317,0.7498942093324559,4.00726812612775,1.7782794100389228,1.7782794100389208,6.40911551771834e+23,5.983746100421977e-05,1.0710874776699444e+28,6.37,1.0061405836292528e+23,0,0.0008481073937411,3.7883165059731326e-08,True
M2_scalar_phi_massive,0.1,5.343777930616317,0.7498942093324559,4.00726812612775,1.9952623149688795,1.995262314968876,5.712130217774017e+23,5.983746100421977e-05,9.54607719296645e+27,6.37,8.967237390540058e+22,0,0.0008161766816196,3.6456887625174624e-08,True
M2_scalar_phi_massive,0.1,5.343777930616317,0.7498942093324559,4.00726812612775,2.2387211385683394,2.2387211385683363,5.0909414153332085e+23,5.983746100421977e-05,8.507950253728501e+27,6.37,7.992058736786826e+22,0,0.0007854481408081,3.508430864261152e-08,True
M2_scalar_phi_massive,0.1,5.343777930616317,0.7498942093324559,4.00726812612775,2.51188643150958,2.511886431509577,4.537306312399659e+23,5.983746100421977e-05,7.582718645230763e+27,6.37,7.122929846781255e+22,0,0.0007558765103099,3.3763406398961074e-08,True
M2_scalar_phi_massive,0.1,5.343777930616317,0.7498942093324559,4.00726812612775,2.8183829312644537,2.818382931264453,4.043878507526361e+23,5.983746100421977e-05,6.758105106166161e+27,6.37,6.348317908204649e+22,0,0.0007274182331764,3.2492235297373425e-08,True
M2_scalar_phi_massive,0.1,5.343777930616317,0.7498942093324559,4.00726812612775,3.1622776601683795,3.162277660168374,3.604110513531761e+23,5.983746100421977e-05,6.023167515877048e+27,6.37,5.657944291258652e+22,0,0.0007000313923507,3.126892299150139e-08,True
M2_scalar_phi_massive,0.1,5.343777930616317,0.7498942093324559,4.00726812612775,3.548133892335755,3.548133892335748,3.212166876322878e+23,5.983746100421977e-05,5.368153699062121e+27,6.37,5.042648157492743e+22,0,0.000673675648927,3.0091667627664965e-08,True
M2_scalar_phi_massive,0.1,5.343777930616317,0.7498942093324559,4.00726812612775,3.9810717055349722,3.98107170553497,2.862846741964908e+23,5.983746100421977e-05,4.784372020335251e+27,6.37,4.494264901043811e+22,0,0.000648312182734,2.8958735190846462e-08,True
M2_scalar_phi_massive,0.1,5.343777930616317,0.7498942093324559,4.00726812612775,4.466835921509632,4.466835921509626,2.55151484450936e+23,5.983746100421977e-05,4.264076051504636e+27,6.37,4.005517809276861e+22,0,0.0006239036351556,2.7868456950607466e-08,True
M2_scalar_phi_massive,0.1,5.343777930616317,0.7498942093324559,4.00726812612775,5.011872336272722,5.011872336272719,2.274039998831145e+23,5.983746100421977e-05,3.800361781177144e+27,6.37,3.569921505229428e+22,0,0.000600414054104,2.6819227003165256e-08,True
M2_scalar_phi_massive,0.1,5.343777930616317,0.7498942093324559,4.00726812612775,5.623413251903491,5.6234132519034805,2.0267402823119203e+23,5.983746100421977e-05,3.387076002721762e+27,6.37,3.1816958905995607e+22,0,0.0005778088410652,2.5809499906008625e-08,True
M2_scalar_phi_massive,0.1,5.343777930616317,0.7498942093324559,4.00726812612775,6.309573444801933,6.3095734448019245,1.806334177963951e+23,5.983746100421977e-05,3.0187346649560674e+27,6.37,2.835689447353141e+22,0,0.0005560547001375,2.4837788401568807e-08,True
M2_scalar_phi_massive,0.1,5.343777930616317,0.7498942093324559,4.00726812612775,7.079457843841379,7.079457843841369,1.6098970306934194e+23,5.983746100421977e-05,2.690450102118953e+27,6.37,2.5273108802094496e+22,0,0.0005351195889889,2.390266122659292e-08,True
M2_scalar_phi_massive,0.1,5.343777930616317,0.7498942093324559,4.00726812612775,7.943282347242816,7.943282347242807,1.4348222389042412e+23,5.983746100421977e-05,2.397866177515548e+27,6.37,2.2524681929422937e+22,0,0.0005149726716614,2.3002741003992997e-08,True
M2_scalar_phi_massive,0.1,5.343777930616317,0.7498942093324559,4.00726812612775,8.912509381337454,8.912509381337445,1.278786666478566e+23,5.983746100421977e-05,2.1371004802299103e+27,6.37,2.0075143900762416e+22,0,0.0004955842731512,2.2136702214065656e-08,True
M2_scalar_phi_massive,0.1,5.343777930616317,0.7498942093324559,4.00726812612775,10.0,9.999999999999988,1.1397198161719476e+23,5.983746100421977e-05,1.9046928078909864e+27,6.37,1.7891990834724452e+22,0,0.0004769258357001,2.130326924209404e-08,True
M2_scalar_phi_massive,0.1,5.343777930616317,0.8659643233600653,4.627521039872609,0.1,0.0999999999999998,1.1871726377934816e+25,5.983746100421977e-05,1.983995674064047e+29,6.37,1.8636933089379616e+24,0,0.0026650558913978,1.587456115769157e-07,True
M2_scalar_phi_massive,0.1,5.343777930616317,0.8659643233600653,4.627521039872609,0.11220184543019636,0.1122018454301961,1.0580687271601537e+25,5.983746100421977e-05,1.7682380057628746e+29,6.37,1.6610184099845427e+24,0,0.0025647182064726,1.527689387389925e-07,True
M2_scalar_phi_massive,0.1,5.343777930616317,0.8659643233600653,4.627521039872609,0.12589254117941673,0.1258925411794164,9.43004745691465e+24,5.983746100421977e-05,1.5759437814799056e+29,6.37,1.480384216156146e+24,0,0.0024681581725334,1.4701728388964068e-07,True
M2_scalar_phi_massive,0.1,5.343777930616317,0.8659643233600653,4.627521039872609,0.14125375446227545,0.1412537544622752,8.404538642620923e+24,5.983746100421977e-05,1.404561373690008e+29,6.37,1.3193938214475546e+24,0,0.0023752335633871,1.414821752425413e-07,True
M2_scalar_phi_massive,0.1,5.343777930616317,0.8659643233600653,4.627521039872609,0.15848931924611134,0.1584893192461111,7.490552949817215e+24,5.983746100421977e-05,1.2518166419676424e+29,6.37,1.1759109811330007e+24,0,0.0022858075075674,1.3615545996882378e-07,True
M2_scalar_phi_massive,0.1,5.343777930616317,0.8659643233600653,4.627521039872609,0.1778279410038923,0.177827941003892,6.675962343665087e+24,5.983746100421977e-05,1.1156827565250962e+29,6.37,1.04803176509656e+24,0,0.0021997482867329,1.310292921885174e-07,True
M2_scalar_phi_massive,0.1,5.343777930616317,0.8659643233600653,4.627521039872609,0.19952623149688797,0.1995262314968877,5.949957701737067e+24,5.983746100421977e-05,9.943533034126352e+28,6.37,9.340592938362744e+23,0,0.0021169291416555,1.2609612141411788e-07,True
M2_scalar_phi_massive,0.1,5.343777930616317,0.8659643233600653,4.627521039872609,0.22387211385683395,0.2238721138568336,5.302905383529265e+24,5.983746100421977e-05,8.862183145029e+28,6.37,8.324812219041233e+23,0,0.0020372280855126,1.2134868142924582e-07,True
M2_scalar_phi_massive,0.1,5.343777930616317,0.8659643233600653,4.627521039872609,0.251188643150958,0.2511886431509576,4.726219397904948e+24,5.983746100421977e-05,7.898429041920164e+28,6.37,7.419496700007768e+23,0,0.0019605277242088,1.1677997958601681e-07,True
M2_scalar_phi_massive,0.1,5.343777930616317,0.8659643233600653,4.627521039872609,0.28183829312644537,0.2818382931264447,4.212247472208691e+24,5.983746100421977e-05,7.039482293394167e+28,6.37,6.612633394362152e+23,0,0.0018867150834631,1.1238328650535928e-07,True
M2_scalar_phi_massive,0.1,5.343777930616317,0.8659643233600653,4.627521039872609,0.31622776601683794,0.3162277660168374,3.754169511257494e+24,5.983746100421977e-05,6.273945197963442e+28,6.37,5.893515716259802e+23,0,0.0018156814424055,1.0815212616510837e-07,True
M2_scalar_phi_massive,0.1,5.343777930616317,0.8659643233600653,4.627521039872609,0.35481338923357547,0.3548133892335749,3.345907098821346e+24,5.983746100421977e-05,5.591659543484626e+28,6.37,5.2526014110225215e+23,0,0.0017473221734383,1.0408026636127713e-07,True
M2_scalar_phi_massive,0.1,5.343777930616317,0.8659643233600653,4.627521039872609,0.3981071705534972,0.3981071705534968,2.982042840732884e+24,5.983746100421977e-05,4.983571813855183e+28,6.37,4.681385935216458e+23,0,0.0016815365881276,1.0016170952845497e-07,True
M2_scalar_phi_massive,0.1,5.343777930616317,0.8659643233600653,4.627521039872609,0.44668359215096315,0.4466835921509624,2.657748479358202e+24,5.983746100421977e-05,4.441613054355324e+28,6.37,4.172289606527789e+23,0,0.0016182277888959,9.639068390581205e-08,True
M2_scalar_phi_massive,0.1,5.343777930616317,0.8659643233600653,4.627521039872609,0.5011872336272722,0.5011872336272716,2.368720825551533e+24,5.983746100421977e-05,3.958591801521273e+28,6.37,3.718557025983568e+23,0,0.0015573025262988,9.276163503569837e-08,True
M2_scalar_phi_massive,0.1,5.343777930616317,0.8659643233600653,4.627521039872609,0.5623413251903491,0.562341325190348,2.1111246579497445e+24,5.983746100421977e-05,3.528098656794389e+28,6.37,3.314167437911686e+23,0,0.0014986710616749,8.926921758231523e-08,True
M2_scalar_phi_massive,0.1,5.343777930616317,0.8659643233600653,4.627521039872609,0.6309573444801932,0.6309573444801923,1.881541831914992e+24,5.983746100421977e-05,3.144421237696406e+28,6.37,2.953754838171102e+23,0,0.0014422470349676,8.59082874584083e-08,True
M2_scalar_phi_massive,0.1,5.343777930616317,0.8659643233600653,4.627521039872609,0.7079457843841379,0.7079457843841374,1.6769259228321227e+24,5.983746100421977e-05,2.802468377984595e+28,6.37,2.632536770537084e+23,0,0.0013879473375218,8.267389424838627e-08,True
M2_scalar_phi_massive,0.1,5.343777930616317,0.8659643233600653,4.627521039872609,0.7943282347242815,0.7943282347242796,1.4945618019049266e+24,5.983746100421977e-05,2.497702570968927e+28,6.37,2.3462508664127576e+23,0,0.0013356919896717,7.956127391670387e-08,True
M2_scalar_phi_massive,0.1,5.343777930616317,0.8659643233600653,4.627521039872609,0.8912509381337456,0.8912509381337435,1.3320296080466269e+24,5.983746100421977e-05,2.226079759555124e+28,6.37,2.091098285787483e+23,0,0.0012854040229355,7.65658417907699e-08,True
M2_scalar_phi_massive,0.1,5.343777930616317,0.8659643233600653,4.627521039872609,1.0,0.9999999999999984,1.1871726377934816e+24,5.983746100421977e-05,1.9839956740640477e+28,6.37,1.8636933089379616e+23,0,0.0012370093666466,7.368318580804436e-08,True
M2_scalar_phi_massive,0.1,5.343777930616317,0.8659643233600653,4.627521039872609,1.1220184543019633,1.1220184543019618,1.0580687271601536e+24,5.983746100421977e-05,1.7682380057628748e+28,6.37,1.6610184099845428e+23,0,0.0011904367388526,7.090906001737824e-08,True
M2_scalar_phi_massive,0.1,5.343777930616317,0.8659643233600653,4.627521039872609,1.2589254117941673,1.2589254117941648,9.430047456914649e+23,5.983746100421977e-05,1.5759437814799052e+28,6.37,1.4803842161561458e+23,0,0.0011456175413221,6.823937832502359e-08,True
M2_scalar_phi_massive,0.1,5.343777930616317,0.8659643233600653,4.627521039872609,1.4125375446227544,1.4125375446227522,8.404538642620921e+23,5.983746100421977e-05,1.4045613736900075e+28,6.37,1.3193938214475543e+23,0,0.001102485758504,6.567020847610261e-08,True
M2_scalar_phi_massive,0.1,5.343777930616317,0.8659643233600653,4.627521039872609,1.5848931924611136,1.5848931924611114,7.490552949817213e+23,5.983746100421977e-05,1.2518166419676415e+28,6.37,1.1759109811330005e+23,0,0.0010609778602913,6.31977662626704e-08,True
M2_scalar_phi_massive,0.1,5.343777930616317,0.8659643233600653,4.627521039872609,1.7782794100389228,1.77827941003892,6.675962343665088e+23,5.983746100421977e-05,1.1156827565250963e+28,6.37,1.0480317650965602e+23,0,0.0010210327084458,6.081840994984088e-08,True
M2_scalar_phi_massive,0.1,5.343777930616317,0.8659643233600653,4.627521039872609,1.9952623149688795,1.995262314968876,5.949957701737068e+23,5.983746100421977e-05,9.943533034126351e+27,6.37,9.340592938362744e+22,0,0.0009825914665458,5.8528634911765094e-08,True
M2_scalar_phi_massive,0.1,5.343777930616317,0.8659643233600653,4.627521039872609,2.2387211385683394,2.238721138568336,5.302905383529265e+23,5.983746100421977e-05,8.862183145028999e+27,6.37,8.324812219041232e+22,0,0.0009455975133237,5.632506846956218e-08,True
M2_scalar_phi_massive,0.1,5.343777930616317,0.8659643233600653,4.627521039872609,2.51188643150958,2.511886431509576,4.726219397904946e+23,5.983746100421977e-05,7.898429041920161e+27,6.37,7.419496700007765e+22,0,0.0009099963592676,5.42044649235984e-08,True
M2_scalar_phi_massive,0.1,5.343777930616317,0.8659643233600653,4.627521039872609,2.8183829312644537,2.81838293126445,4.212247472208689e+23,5.983746100421977e-05,7.039482293394164e+27,6.37,6.612633394362149e+22,0,0.0008757355663611,5.216370077279813e-08,True
M2_scalar_phi_massive,0.1,5.343777930616317,0.8659643233600653,4.627521039872609,3.1622776601683795,3.162277660168374,3.754169511257494e+23,5.983746100421977e-05,6.273945197963441e+27,6.37,5.893515716259802e+22,0,0.0008427646708467,5.019977011394474e-08,True
M2_scalar_phi_massive,0.1,5.343777930616317,0.8659643233600653,4.627521039872609,3.548133892335755,3.548133892335749,3.345907098821346e+23,5.983746100421977e-05,5.591659543484625e+27,6.37,5.252601411022521e+22,0,0.0008110351088955,4.8309780214194777e-08,True
M2_scalar_phi_massive,0.1,5.343777930616317,0.8659643233600653,4.627521039872609,3.9810717055349722,3.9810717055349656,2.9820428407328835e+23,5.983746100421977e-05,4.983571813855183e+27,6.37,4.681385935216458e+22,0,0.0007805001450764,4.649094725028432e-08,True
M2_scalar_phi_massive,0.1,5.343777930616317,0.8659643233600653,4.627521039872609,4.466835921509632,4.466835921509626,2.657748479358201e+23,5.983746100421977e-05,4.4416130543553226e+27,6.37,4.172289606527788e+22,0,0.0007511148035181,4.47405922081516e-08,True
M2_scalar_phi_massive,0.1,5.343777930616317,0.8659643233600653,4.627521039872609,5.011872336272722,5.011872336272717,2.3687208255515325e+23,5.983746100421977e-05,3.958591801521272e+27,6.37,3.718557025983568e+22,0,0.0007228358016625,4.3056136936936146e-08,True
M2_scalar_phi_massive,0.1,5.343777930616317,0.8659643233600653,4.627521039872609,5.623413251903491,5.623413251903484,2.111124657949744e+23,5.983746100421977e-05,3.528098656794389e+27,6.37,3.3141674379116863e+22,0,0.0006956214865129,4.143510035154238e-08,True
M2_scalar_phi_massive,0.1,5.343777930616317,0.8659643233600653,4.627521039872609,6.309573444801933,6.3095734448019245,1.881541831914992e+23,5.983746100421977e-05,3.1444212376964064e+27,6.37,2.9537548381711023e+22,0,0.0006694317732816,3.987509477817447e-08,True
M2_scalar_phi_massive,0.1,5.343777930616317,0.8659643233600653,4.627521039872609,7.079457843841379,7.079457843841366,1.6769259228321226e+23,5.983746100421977e-05,2.8024683779845954e+27,6.37,2.632536770537084e+22,0,0.0006442280863484,3.837382243745935e-08,True
M2_scalar_phi_massive,0.1,5.343777930616317,0.8659643233600653,4.627521039872609,7.943282347242816,7.943282347242802,1.494561801904926e+23,5.983746100421977e-05,2.497702570968926e+27,6.37,2.3462508664127568e+22,0,0.0006199733024406,3.692907205997804e-08,True
M2_scalar_phi_massive,0.1,5.343777930616317,0.8659643233600653,4.627521039872609,8.912509381337454,8.912509381337442,1.3320296080466264e+23,5.983746100421977e-05,2.2260797595551237e+27,6.37,2.0910982857874823e+22,0,0.0005966316959538,3.553871562922001e-08,True
M2_scalar_phi_massive,0.1,5.343777930616317,0.8659643233600653,4.627521039872609,10.0,9.99999999999998,1.1871726377934816e+23,5.983746100421977e-05,1.9839956740640476e+27,6.37,1.8636933089379616e+22,0,0.0005741688863301,3.4200705247163425e-08,True
M2_scalar_phi_massive,0.1,5.343777930616317,1.0,5.343777930616317,0.1,0.0999999999999998,1.2480056850268675e+25,8.097092854707178e-05,1.5413009427221153e+29,6.37,1.959192598158348e+24,1,0.0032080570840229,2.5482233701319604e-07,True
M2_scalar_phi_massive,0.1,5.343777930616317,1.0,5.343777930616317,0.11220184543019636,0.1122018454301962,1.1122862375764435e+25,8.097092854707178e-05,1.3736859111475115e+29,6.37,1.746132241093318e+24,1,0.0030872757443303,2.45228435644874e-07,True
M2_scalar_phi_massive,0.1,5.343777930616317,1.0,5.343777930616317,0.12589254117941673,0.1258925411794166,9.913261527132596e+24,8.097092854707178e-05,1.2242988570113288e+29,6.37,1.5562419979799993e+24,1,0.0029710417464199,2.3599573865346786e-07,True
M2_scalar_phi_massive,0.1,5.343777930616317,1.0,5.343777930616317,0.14125375446227545,0.1412537544622753,8.835203636022092e+24,8.097092854707178e-05,1.091157504867419e+29,6.37,1.387002140662809e+24,1,0.002859183885722,2.271106469204444e-07,True
M2_scalar_phi_massive,0.1,5.343777930616317,1.0,5.343777930616317,0.15848931924611134,0.1584893192461111,7.87438352920737e+24,8.097092854707178e-05,9.724951498647645e+28,6.37,1.2361669590592416e+24,1,0.0027515374034119,2.1856007332556486e-07,True
M2_scalar_phi_massive,0.1,5.343777930616317,1.0,5.343777930616317,0.1778279410038923,0.177827941003892,7.018051707630982e+24,8.097092854707178e-05,8.667372146474886e+28,6.37,1.1017349619514886e+24,1,0.0026479437437312,2.103314234704695e-07,True
M2_scalar_phi_massive,0.1,5.343777930616317,1.0,5.343777930616317,0.19952623149688797,0.1995262314968877,6.254845168297248e+24,8.097092854707178e-05,7.724803556700037e+28,6.37,9.819223184140108e+23,1,0.0025482503204466,2.024125771280079e-07,True
M2_scalar_phi_massive,0.1,5.343777930616317,1.0,5.343777930616317,0.22387211385683395,0.2238721138568336,5.574636624126247e+24,8.097092854707178e-05,6.884738416807802e+28,6.37,8.751391874609492e+23,1,0.0024523102921009,1.947918703899899e-07,True
M2_scalar_phi_massive,0.1,5.343777930616317,1.0,5.343777930616317,0.251188643150958,0.2511886431509577,4.968400121007254e+24,8.097092854707178e-05,6.136029572785392e+28,6.37,7.799686218221748e+23,1,0.0023599823457258,1.8745807848706205e-07,True
M2_scalar_phi_massive,0.1,5.343777930616317,1.0,5.343777930616317,0.28183829312644537,0.281838293126445,4.4280912688715306e+24,8.097092854707178e-05,5.468742113161387e+28,6.37,6.95147765913898e+23,1,0.0022711304886977,1.804003992554062e-07,True
M2_scalar_phi_massive,0.1,5.343777930616317,1.0,5.343777930616317,0.31622776601683794,0.3162277660168376,3.946540497523599e+24,8.097092854707178e-05,4.874021538766608e+28,6.37,6.195510985123388e+23,1,0.00218562384843,1.736084372259054e-07,True
M2_scalar_phi_massive,0.1,5.343777930616317,1.0,5.343777930616317,0.35481338923357547,0.354813389233575,3.5173579208007265e+24,8.097092854707178e-05,4.343976268909821e+28,6.37,5.521754977709147e+23,1,0.0021033364796072,1.6707218831234334e-07,True
M2_scalar_phi_massive,0.1,5.343777930616317,1.0,5.343777930616317,0.3981071705534972,0.3981071705534968,3.134848546665808e+24,8.097092854707178e-05,3.871572924896605e+28,6.37,4.921269304027955e+23,1,0.0020241471786759,1.6078202507608304e-07,True
M2_scalar_phi_massive,0.1,5.343777930616317,1.0,5.343777930616317,0.44668359215096315,0.4466835921509626,2.79393670812311e+24,8.097092854707178e-05,3.4505430013673088e+28,6.37,4.38608588402372e+23,1,0.0019479393053207,1.547286825455217e-07,True
M2_scalar_phi_massive,0.1,5.343777930616317,1.0,5.343777930616317,0.5011872336272722,0.5011872336272716,2.4900987122010303e+24,8.097092854707178e-05,3.075299687039444e+28,6.37,3.909103158871319e+23,1,0.0018746006106609,1.489032445694338e-07,True
M2_scalar_phi_massive,0.1,5.343777930616317,1.0,5.343777930616317,0.5623413251903491,0.5623413251903483,2.2193028132948005e+24,8.097092854707178e-05,2.740863731116318e+28,6.37,3.483991857605652e+23,1,0.0018040230719157,1.432971306841024e-07,True
M2_scalar_phi_massive,0.1,5.343777930616317,1.0,5.343777930616317,0.6309573444801932,0.6309573444801923,1.9779557143518511e+24,8.097092854707178e-05,2.4427973716541767e+28,6.37,3.105111011541368e+23,1,0.0017361027332947,1.379020834748947e-07,True
M2_scalar_phi_massive,0.1,5.343777930616317,1.0,5.343777930616317,0.7079457843841379,0.7079457843841372,1.76285488600309e+24,8.097092854707178e-05,2.1771454491574328e+28,6.37,2.7674331020456677e+23,1,0.0016707395528776,1.3271015641366642e-07,True
M2_scalar_phi_massive,0.1,5.343777930616317,1.0,5.343777930616317,0.7943282347242815,0.7943282347242807,1.5711460709439113e+24,8.097092854707178e-05,1.9403829240151767e+28,6.37,2.466477348420583e+23,1,0.0016078372552598,1.2771370215408017e-07,True
M2_scalar_phi_massive,0.1,5.343777930616317,1.0,5.343777930616317,0.8912509381337456,0.8912509381337449,1.400285409673909e+24,8.097092854707178e-05,1.7293681013672265e+28,6.37,2.198250250665477e+23,1,0.0015473031897454,1.2290536126759797e-07,True
M2_scalar_phi_massive,0.1,5.343777930616317,1.0,5.343777930616317,1.0,0.9999999999999986,1.2480056850268678e+24,8.097092854707178e-05,1.5413009427221153e+28,6.37,1.9591925981583483e+23,1,0.0014890481938793,1.1827805140355634e-07,True
M2_scalar_phi_massive,0.1,5.343777930616317,1.0,5.343777930616317,1.1220184543019633,1.1220184543019622,1.1122862375764436e+24,8.097092854707178e-05,1.3736859111475115e+28,6.37,1.746132241093318e+23,1,0.0014329864621167,1.1382495685735775e-07,True
M2_scalar_phi_massive,0.1,5.343777930616317,1.0,5.343777930616317,1.2589254117941673,1.2589254117941662,9.913261527132594e+23,8.097092854707178e-05,1.2242988570113286e+28,6.37,1.556241997979999e+23,1,0.001379035419438,1.0953951853141361e-07,True
M2_scalar_phi_massive,0.1,5.343777930616317,1.0,5.343777930616317,1.4125375446227544,1.412537544622753,8.83520363602209e+23,8.097092854707178e-05,1.0911575048674186e+28,6.37,1.3870021406628085e+23,1,0.0013271155997213,1.0541542427405093e-07,True
M2_scalar_phi_massive,0.1,5.343777930616317,1.0,5.343777930616317,1.5848931924611136,1.5848931924611118,7.874383529207368e+23,8.097092854707178e-05,9.72495149864764e+27,6.37,1.2361669590592414e+23,1,0.0012771505286944,1.014465995821532e-07,True
M2_scalar_phi_massive,0.1,5.343777930616317,1.0,5.343777930616317,1.7782794100389228,1.7782794100389203,7.018051707630983e+23,8.097092854707178e-05,8.667372146474887e+27,6.37,1.1017349619514889e+23,1,0.0012290666112937,9.76271986538412e-08,True
M2_scalar_phi_massive,0.1,5.343777930616317,1.0,5.343777930616317,1.9952623149688795,1.9952623149688768,6.254845168297248e+23,8.097092854707178e-05,7.724803556700038e+27,6.37,9.819223184140108e+22,1,0.0011827930232635,9.39515957780147e-08,True
M2_scalar_phi_massive,0.1,5.343777930616317,1.0,5.343777930616317,2.2387211385683394,2.2387211385683368,5.5746366241262473e+23,8.097092854707178e-05,6.884738416807802e+27,6.37,8.751391874609493e+22,1,0.0011382616068369,9.041437704807246e-08,True
M2_scalar_phi_massive,0.1,5.343777930616317,1.0,5.343777930616317,2.51188643150958,2.511886431509578,4.9684001210072525e+23,8.097092854707178e-05,6.13602957278539e+27,6.37,7.799686218221747e+22,1,0.0010954067703444,8.70103323876055e-08,True
M2_scalar_phi_massive,0.1,5.343777930616317,1.0,5.343777930616317,2.8183829312644537,2.8183829312644515,4.4280912688715286e+23,8.097092854707178e-05,5.468742113161385e+27,6.37,6.951477659138977e+22,1,0.0010541653916016,8.373444787631803e-08,True
M2_scalar_phi_massive,0.1,5.343777930616317,1.0,5.343777930616317,3.1622776601683795,3.162277660168374,3.946540497523599e+23,8.097092854707178e-05,4.874021538766608e+27,6.37,6.1955109851233885e+22,1,0.001014476724935,8.058189836487278e-08,True
M2_scalar_phi_massive,0.1,5.343777930616317,1.0,5.343777930616317,3.548133892335755,3.5481338923357493,3.517357920800726e+23,8.097092854707178e-05,4.343976268909821e+27,6.37,5.521754977709146e+22,1,0.0009762823117075,7.754804036778242e-08,True
M2_scalar_phi_massive,0.1,5.343777930616317,1.0,5.343777930616317,3.9810717055349722,3.981071705534969,3.134848546665808e+23,8.097092854707178e-05,3.871572924896605e+27,6.37,4.921269304027956e+22,1,0.0009395258942131,7.462840522387967e-08,True
M2_scalar_phi_massive,0.1,5.343777930616317,1.0,5.343777930616317,4.466835921509632,4.466835921509626,2.793936708123109e+23,8.097092854707178e-05,3.450543001367308e+27,6.37,4.386085884023719e+22,1,0.0009041533328132,7.181869251429099e-08,True
M2_scalar_phi_massive,0.1,5.343777930616317,1.0,5.343777930616317,5.011872336272722,5.011872336272718,2.49009871220103e+23,8.097092854707178e-05,3.075299687039443e+27,6.37,3.909103158871318e+22,1,0.0008701125261927,6.911476372821967e-08,True
M2_scalar_phi_massive,0.1,5.343777930616317,1.0,5.343777930616317,5.623413251903491,5.623413251903482,2.2193028132948e+23,8.097092854707178e-05,2.7408637311163185e+27,6.37,3.4839918576056515e+22,1,0.0008373533346184,6.65126361672081e-08,True
M2_scalar_phi_massive,0.1,5.343777930616317,1.0,5.343777930616317,6.309573444801933,6.309573444801926,1.9779557143518512e+23,8.097092854707178e-05,2.4427973716541768e+27,6.37,3.105111011541368e+22,1,0.0008058275060865,6.400847707890086e-08,True
M2_scalar_phi_massive,0.1,5.343777930616317,1.0,5.343777930616317,7.079457843841379,7.079457843841372,1.76285488600309e+23,8.097092854707178e-05,2.1771454491574328e+27,6.37,2.7674331020456672e+22,1,0.0007754886052511,6.159859801166795e-08,True
M2_scalar_phi_massive,0.1,5.343777930616317,1.0,5.343777930616317,7.943282347242816,7.943282347242808,1.5711460709439108e+23,8.097092854707178e-05,1.9403829240151769e+27,6.37,2.466477348420582e+22,1,0.000746291945028,5.9279449381772683e-08,True
M2_scalar_phi_massive,0.1,5.343777930616317,1.0,5.343777930616317,8.912509381337454,8.912509381337445,1.4002854096739086e+23,8.097092854707178e-05,1.7293681013672262e+27,6.37,2.1982502506654765e+22,1,0.0007181945207736,5.7047615245082745e-08,True
M2_scalar_phi_massive,0.1,5.343777930616317,1.0,5.343777930616317,10.0,9.999999999999986,1.248005685026868e+23,8.097092854707178e-05,1.5413009427221154e+27,6.37,1.959192598158348e+22,1,0.0006911549469421,5.4899808265622525e-08,True
M2_scalar_phi_massive,0.1,5.343777930616317,1.1547819846894585,6.170898484456837,0.1,0.0999999999999998,1.3521991148808122e+25,0.0001033965073731,1.3077802618618525e+29,6.37,2.122761561822311e+24,12,0.0038612037888241,4.0899512411678484e-07,True
M2_scalar_phi_massive,0.1,5.343777930616317,1.1547819846894585,6.170898484456837,0.11220184543019636,0.1122018454301962,1.205148729681144e+25,0.0001033965073731,1.1655603852571712e+29,6.37,1.8919132334083892e+24,12,0.0037158318848256,3.935967138875519e-07,True
M2_scalar_phi_massive,0.1,5.343777930616317,1.1547819846894585,6.170898484456837,0.12589254117941673,0.1258925411794166,1.0740899359190114e+25,0.0001033965073731,1.0388067868119838e+29,6.37,1.6861694441428749e+24,12,0.0035759331419519,3.787780441579148e-07,True
M2_scalar_phi_massive,0.1,5.343777930616317,1.1547819846894585,6.170898484456837,0.14125375446227545,0.1412537544622753,9.572836630278334e+24,0.0001033965073731,9.258375232858824e+28,6.37,1.5028000989447936e+24,12,0.0034413014991151,3.645172880612122e-07,True
M2_scalar_phi_massive,0.1,5.343777930616317,1.1547819846894585,6.170898484456837,0.15848931924611134,0.1584893192461111,8.531799627336651e+24,0.0001033965073731,8.25153561187966e+28,6.37,1.339371998012033e+24,12,0.0033117386532981,3.507934404986401e-07,True
M2_scalar_phi_massive,0.1,5.343777930616317,1.1547819846894585,6.170898484456837,0.1778279410038923,0.1778279410038921,7.60397442183293e+24,0.0001033965073731,7.354188855131758e+28,6.37,1.1937165497382936e+24,12,0.0031870537674682,3.3758628720020685e-07,True
M2_scalar_phi_massive,0.1,5.343777930616317,1.1547819846894585,6.170898484456837,0.19952623149688797,0.1995262314968877,6.777049337003604e+24,0.0001033965073731,6.554427716348915e+28,6.37,1.063900994820032e+24,12,0.0030670631894874,3.248763749505242e-07,True
M2_scalar_phi_massive,0.1,5.343777930616317,1.1547819846894585,6.170898484456837,0.22387211385683395,0.2238721138568338,6.04005157938314e+24,0.0001033965073731,5.8416398511257925e+28,6.37,9.482027597147786e+23,12,0.0029515901816057,3.126449829355772e-07,True
M2_scalar_phi_massive,0.1,5.343777930616317,1.1547819846894585,6.170898484456837,0.251188643150958,0.2511886431509577,5.383201636501435e+24,0.0001033965073731,5.206366997555337e+28,6.37,8.45086599136803e+23,12,0.0028404646601387,3.008740951682725e-07,True
M2_scalar_phi_massive,0.1,5.343777930616317,1.1547819846894585,6.170898484456837,0.28183829312644537,0.281838293126445,4.797783508695019e+24,0.0001033965073731,4.640179470839767e+28,6.37,7.531842242849323e+23,12,0.0027335229449461,2.895463739521451e-07,True
M2_scalar_phi_massive,0.1,5.343777930616317,1.1547819846894585,6.170898484456837,0.31622776601683794,0.3162277660168375,4.276029053087048e+24,0.0001033965073731,4.135564306494889e+28,6.37,6.712761464814832e+23,12,0.0026306075183424,2.78645134344142e-07,True
M2_scalar_phi_massive,0.1,5.343777930616317,1.1547819846894585,6.170898484456837,0.35481338923357547,0.354813389233575,3.811014905050983e+24,0.0001033965073731,3.685825567876002e+28,6.37,5.982754952984275e+23,12,0.0025315667930843,2.681543195788647e-07,True
M2_scalar_phi_massive,0.1,5.343777930616317,1.1547819846894585,6.170898484456837,0.3981071705534972,0.3981071705534968,3.396570609368376e+24,0.0001033965073731,3.284995495166832e+28,6.37,5.332135964471548e+23,12,0.0024362548890933,2.580584774180736e-07,True
M2_scalar_phi_massive,0.1,5.343777930616317,1.1547819846894585,6.170898484456837,0.44668359215096315,0.4466835921509625,3.0271967420370726e+24,0.0001033965073731,2.9277553168325677e+28,6.37,4.752271180591951e+23,12,0.0023445314185844,2.4834273739062014e-07,True
M2_scalar_phi_massive,0.1,5.343777930616317,1.1547819846894585,6.170898484456837,0.5011872336272722,0.5011872336272718,2.697991936255959e+24,0.0001033965073731,2.609364672753087e+28,6.37,4.235466147968538e+23,12,0.0022562612792847,2.389927888892793e-07,True
M2_scalar_phi_massive,0.1,5.343777930616317,1.1547819846894585,6.170898484456837,0.5623413251903491,0.5623413251903484,2.4045878442654044e+24,0.0001033965073731,2.3255987125242427e+28,6.37,3.774863177810682e+23,12,0.0021713144554373,2.299948600922241e-07,True
M2_scalar_phi_massive,0.1,5.343777930616317,1.1547819846894585,6.170898484456837,0.6309573444801932,0.6309573444801925,2.143091172026542e+24,0.0001033965073731,2.0726920342598616e+28,6.37,3.3643503485503016e+23,12,0.0020895658262973,2.2133569767809265e-07,True
M2_scalar_phi_massive,0.1,5.343777930616317,1.1547819846894585,6.170898484456837,0.7079457843841379,0.707945784384137,1.910032017574804e+24,0.0001033965073731,1.8472887199964436e+28,6.37,2.99848040435605e+23,12,0.0020108949818373,2.130025473047704e-07,True
M2_scalar_phi_massive,0.1,5.343777930616317,1.1547819846894585,6.170898484456837,0.7943282347242815,0.7943282347242805,1.702317827529035e+24,0.0001033965073731,1.6463978047007164e+28,6.37,2.6723984733579823e+23,12,0.0019351860453919,2.049831348231343e-07,True
M2_scalar_phi_massive,0.1,5.343777930616317,1.1547819846894585,6.170898484456837,0.8912509381337456,0.8912509381337447,1.5171923607870515e+24,0.0001033965073731,1.4673535879808522e+28,6.37,2.381777646447491e+23,12,0.0018623275029797,1.972656481980871e-07,True
M2_scalar_phi_massive,0.1,5.343777930616317,1.1547819846894585,6.170898484456837,1.0,0.9999999999999988,1.3521991148808122e+24,0.0001033965073731,1.3077802618618524e+28,6.37,2.122761561822311e+23,12,0.0017922120390509,1.898387201102541e-07,True
M2_scalar_phi_massive,0.1,5.343777930616317,1.1547819846894585,6.170898484456837,1.1220184543019633,1.1220184543019622,1.205148729681144e+24,0.0001033965073731,1.1655603852571711e+28,6.37,1.891913233408389e+23,12,0.0017247363784188,1.826914112127145e-07,True
M2_scalar_phi_massive,0.1,5.343777930616317,1.1547819846894585,6.170898484456837,1.2589254117941673,1.2589254117941662,1.0740899359190112e+24,0.0001033965073731,1.0388067868119835e+28,6.37,1.686169444142875e+23,12,0.0016598011341429,1.7581319401810658e-07,True
M2_scalar_phi_massive,0.1,5.343777930616317,1.1547819846894585,6.170898484456837,1.4125375446227544,1.4125375446227528,9.572836630278332e+23,0.0001033965073731,9.25837523285882e+27,6.37,1.5028000989447932e+23,12,0.0015973106611387,1.6919393739237354e-07,True
M2_scalar_phi_massive,0.1,5.343777930616317,1.1547819846894585,6.170898484456837,1.5848931924611136,1.5848931924611125,8.531799627336647e+23,0.0001033965073731,8.251535611879659e+27,6.37,1.3393719980120324e+23,12,0.0015371729152992,1.6282389163230962e-07,True
M2_scalar_phi_massive,0.1,5.343777930616317,1.1547819846894585,6.170898484456837,1.7782794100389228,1.7782794100389203,7.603974421832931e+23,0.0001033965073731,7.354188855131758e+27,6.37,1.1937165497382935e+23,12,0.0014792993179203,1.566936741049277e-07,True
M2_scalar_phi_massive,0.1,5.343777930616317,1.1547819846894585,6.170898484456837,1.9952623149688795,1.995262314968876,6.777049337003603e+23,0.0001033965073731,6.554427716348914e+27,6.37,1.063900994820032e+23,12,0.0014236046252309,1.5079425542749516e-07,True
M2_scalar_phi_massive,0.1,5.343777930616317,1.1547819846894585,6.170898484456837,2.2387211385683394,2.238721138568337,6.04005157938314e+23,0.0001033965073731,5.841639851125793e+27,6.37,9.482027597147786e+22,12,0.0013700068028342,1.4511694616788328e-07,True
M2_scalar_phi_massive,0.1,5.343777930616317,1.1547819846894585,6.170898484456837,2.51188643150958,2.511886431509578,5.3832016365014337e+23,0.0001033965073731,5.206366997555336e+27,6.37,8.450865991368027e+22,12,0.0013184269048771,1.396533840456402e-07,True
M2_scalar_phi_massive,0.1,5.343777930616317,1.1547819846894585,6.170898484456837,2.8183829312644537,2.8183829312644515,4.7977835086950166e+23,0.0001033965073731,4.640179470839765e+27,6.37,7.531842242849319e+22,12,0.0012687889577686,1.3439552161493466e-07,True
M2_scalar_phi_massive,0.1,5.343777930616317,1.1547819846894585,6.170898484456837,3.1622776601683795,3.162277660168375,4.276029053087048e+23,0.0001033965073731,4.1355643064948886e+27,6.37,6.712761464814832e+22,12,0.0012210198482756,1.2933561441123025e-07,True
M2_scalar_phi_massive,0.1,5.343777930616317,1.1547819846894585,6.170898484456837,3.548133892335755,3.54813389233575,3.811014905050983e+23,0.0001033965073731,3.685825567876002e+27,6.37,5.982754952984275e+22,12,0.0011750492158325,1.2446620954422909e-07,True
M2_scalar_phi_massive,0.1,5.343777930616317,1.1547819846894585,6.170898484456837,3.9810717055349722,3.981071705534969,3.396570609368376e+23,0.0001033965073731,3.284995495166832e+27,6.37,5.332135964471548e+22,12,0.001130809348905,1.197801347202846e-07,True
M2_scalar_phi_massive,0.1,5.343777930616317,1.1547819846894585,6.170898484456837,4.466835921509632,4.466835921509627,3.027196742037072e+23,0.0001033965073731,2.9277553168325664e+27,6.37,4.75227118059195e+22,12,0.0010882350852555,1.152704876781133e-07,True
M2_scalar_phi_massive,0.1,5.343777930616317,1.1547819846894585,6.170898484456837,5.011872336272722,5.01187233627272,2.6979919362559583e+23,0.0001033965073731,2.609364672753086e+27,6.37,4.235466147968538e+22,12,0.001047263715964,1.1093062602224549e-07,True
M2_scalar_phi_massive,0.1,5.343777930616317,1.1547819846894585,6.170898484456837,5.623413251903491,5.623413251903485,2.4045878442654044e+23,0.0001033965073731,2.3255987125242427e+27,6.37,3.7748631778106817e+22,12,0.001007834893062,1.0675415743924008e-07,True
M2_scalar_phi_massive,0.1,5.343777930616317,1.1547819846894585,6.170898484456837,6.309573444801933,6.309573444801925,2.143091172026542e+23,0.0001033965073731,2.0726920342598616e+27,6.37,3.3643503485503014e+22,12,0.000969890540644,1.0273493028225287e-07,True
M2_scalar_phi_massive,0.1,5.343777930616317,1.1547819846894585,6.170898484456837,7.079457843841379,7.079457843841372,1.910032017574804e+23,0.0001033965073731,1.8472887199964435e+27,6.37,2.99848040435605e+22,12,0.0009333747693264,9.886702451009e-08,True
M2_scalar_phi_massive,0.1,5.343777930616317,1.1547819846894585,6.170898484456837,7.943282347242816,7.943282347242807,1.7023178275290344e+23,0.0001033965073731,1.6463978047007158e+27,6.37,2.6723984733579816e+22,12,0.0008982337939254,9.514474296740029e-08,True
M2_scalar_phi_massive,0.1,5.343777930616317,1.1547819846894585,6.170898484456837,8.912509381337454,8.912509381337452,1.5171923607870512e+23,0.0001033965073731,1.4673535879808518e+27,6.37,2.38177764644749e+22,12,0.000864415854236,9.156260299316279e-08,True
M2_scalar_phi_massive,0.1,5.343777930616317,1.1547819846894585,6.170898484456837,10.0,9.999999999999984,1.3521991148808122e+23,0.0001033965073731,1.3077802618618525e+27,6.37,2.122761561822311e+22,12,0.0008318711387925,8.811532834510973e-08,True
M2_scalar_phi_massive,0.1,5.343777930616317,1.333521432163324,7.1260423991982345,0.1,0.0999999999999998,1.4644217230316156e+25,0.0001181362623737,1.2396039062064738e+29,6.37,2.298935200991547e+24,18,0.0046467147536928,6.563589631435666e-07,True
M2_scalar_phi_massive,0.1,5.343777930616317,1.333521432163324,7.1260423991982345,0.11220184543019636,0.1122018454301961,1.3051672344753634e+25,0.0001181362623737,1.104798144320775e+29,6.37,2.0489281545924076e+24,18,0.0044717688539095,6.316474593232113e-07,True
M2_scalar_phi_massive,0.1,5.343777930616317,1.333521432163324,7.1260423991982345,0.12589254117941673,0.1258925411794165,1.163231522147594e+25,0.0001181362623737,9.84652382574312e+28,6.37,1.826109139949127e+24,18,0.0043034095576672,6.078663281424537e-07,True
M2_scalar_phi_massive,0.1,5.343777930616317,1.333521432163324,7.1260423991982345,0.14125375446227545,0.1412537544622753,1.0367311853807878e+25,0.0001181362623737,8.775723597049832e+28,6.37,1.6275214841142665e+24,18,0.0041413888834686,5.849805416541963e-07,True
M2_scalar_phi_massive,0.1,5.343777930616317,1.333521432163324,7.1260423991982345,0.15848931924611134,0.1584893192461111,9.239876415631372e+24,0.0001181362623737,7.821371888673113e+28,6.37,1.4505300495496662e+24,18,0.0039854681861641,5.629563906916089e-07,True
M2_scalar_phi_massive,0.1,5.343777930616317,1.333521432163324,7.1260423991982345,0.1778279410038923,0.1778279410038918,8.235048523671331e+24,0.0001181362623737,6.970805033272816e+28,6.37,1.292786267452328e+24,18,0.0038354178054446,5.41761435216877e-07,True
M2_scalar_phi_massive,0.1,5.343777930616317,1.333521432163324,7.1260423991982345,0.19952623149688797,0.1995262314968875,7.339494722298989e+24,0.0001181362623737,6.2127365254518325e+28,6.37,1.1521969736733106e+24,18,0.003691016727568,5.21364456539289e-07,True
M2_scalar_phi_massive,0.1,5.343777930616317,1.333521432163324,7.1260423991982345,0.22387211385683395,0.2238721138568337,6.541331556676647e+24,0.0001181362623737,5.537107256686732e+28,6.37,1.0268966337012004e+24,18,0.0035520522598209,5.017354113322838e-07,True
M2_scalar_phi_massive,0.1,5.343777930616317,1.333521432163324,7.1260423991982345,0.251188643150958,0.2511886431509575,5.829967886531938e+24,0.0001181362623737,4.93495203706922e+28,6.37,9.152225881525803e+23,18,0.0034183197172374,4.828453873817259e-07,True
M2_scalar_phi_massive,0.1,5.343777930616317,1.333521432163324,7.1260423991982345,0.28183829312644537,0.2818382931264451,5.195964348161199e+24,0.0001181362623737,4.3982806326829815e+28,6.37,8.156929902921819e+23,18,0.0032896221211124,4.646665610002318e-07,True
M2_scalar_phi_massive,0.1,5.343777930616317,1.333521432163324,7.1260423991982345,0.31622776601683794,0.3162277660168375,4.630908099808164e+24,0.0001181362623737,3.919971740054191e+28,6.37,7.269871428270273e+23,18,0.0031657699088655,4.471721560448187e-07,True
M2_scalar_phi_massive,0.1,5.343777930616317,1.333521432163324,7.1260423991982345,0.35481338923357547,0.3548133892335746,4.127301188365187e+24,0.0001181362623737,3.4936784907810686e+28,6.37,6.479279730557593e+23,18,0.0030465806548289,4.3033640447751525e-07,True
M2_scalar_phi_massive,0.1,5.343777930616317,1.333521432163324,7.1260423991982345,0.3981071705534972,0.3981071705534968,3.6784610560909954e+24,0.0001181362623737,3.113744232446315e+28,6.37,5.7746641382904165e+23,18,0.0029318788015469,4.141345084108378e-07,True
M2_scalar_phi_massive,0.1,5.343777930616317,1.333521432163324,7.1260423991982345,0.44668359215096315,0.4466835921509624,3.278431867129548e+24,0.0001181362623737,2.775127468276318e+28,6.37,5.146674830658631e+23,18,0.0028214954011919,3.9854260358223445e-07,True
M2_scalar_phi_massive,0.1,5.343777930616317,1.333521432163324,7.1260423991982345,0.5011872336272722,0.5011872336272714,2.9219054771867765e+24,0.0001181362623737,2.4733349595419943e+28,6.37,4.586978771093841e+23,18,0.0027152678667164,3.835377242036882e-07,True
M2_scalar_phi_massive,0.1,5.343777930616317,1.333521432163324,7.1260423991982345,0.5623413251903491,0.5623413251903477,2.6041509976808444e+24,0.0001181362623737,2.2043621030107925e+28,6.37,4.088149132936961e+23,18,0.0026130397323731,3.6909776913471683e-07,True
M2_scalar_phi_massive,0.1,5.343777930616317,1.333521432163324,7.1260423991982345,0.6309573444801932,0.6309573444801927,2.320952019724981e+24,0.0001181362623737,1.9646397922948449e+28,6.37,3.643566749960724e+23,18,0.0025146604232524,3.5520146932893173e-07,True
M2_scalar_phi_massive,0.1,5.343777930616317,1.333521432163324,7.1260423991982345,0.7079457843841379,0.7079457843841365,2.068550664943301e+24,0.0001181362623737,1.7509870579776672e+28,6.37,3.2473322840554174e+23,18,0.0024199850334954,3.41828356506219e-07,True
M2_scalar_phi_massive,0.1,5.343777930616317,1.333521432163324,7.1260423991982345,0.7943282347242815,0.7943282347242802,1.8435977207079007e+24,0.0001181362623737,1.5605688580826433e+28,6.37,2.8941879445963905e+23,18,0.0023288741128583,3.289587330043889e-07,True
M2_scalar_phi_massive,0.1,5.343777930616317,1.333521432163324,7.1260423991982345,0.8912509381337456,0.8912509381337439,1.643108198122151e+24,0.0001181362623737,1.3908584587884637e+28,6.37,2.579447720756909e+23,18,0.0022411934613115,3.1657364276589525e-07,True
M2_scalar_phi_massive,0.1,5.343777930616317,1.333521432163324,7.1260423991982345,1.0,0.999999999999998,1.4644217230316157e+24,0.0001181362623737,1.2396039062064738e+28,6.37,2.2989352009915472e+23,18,0.0021568139313724,3.046548434168841e-07,True
M2_scalar_phi_massive,0.1,5.343777930616317,1.333521432163324,7.1260423991982345,1.1220184543019633,1.122018454301961,1.3051672344753633e+24,0.0001181362623737,1.1047981443207752e+28,6.37,2.048928154592407e+23,18,0.0020756112378803,2.9318477939745e-07,True
M2_scalar_phi_massive,0.1,5.343777930616317,1.333521432163324,7.1260423991982345,1.2589254117941673,1.2589254117941653,1.1632315221475936e+24,0.0001181362623737,9.84652382574312e+27,6.37,1.8261091399491267e+23,18,0.001997465774933,2.821465561035214e-07,True
M2_scalar_phi_massive,0.1,5.343777930616317,1.333521432163324,7.1260423991982345,1.4125375446227544,1.4125375446227528,1.0367311853807875e+24,0.0001181362623737,8.775723597049831e+27,6.37,1.627521484114266e+23,18,0.0019222624397156,2.7152391500228725e-07,True
M2_scalar_phi_massive,0.1,5.343777930616317,1.333521432163324,7.1260423991982345,1.5848931924611136,1.5848931924611107,9.23987641563137e+23,0.0001181362623737,7.821371888673109e+27,6.37,1.4505300495496654e+23,18,0.0018498904629618,2.6130120968451245e-07,True
M2_scalar_phi_massive,0.1,5.343777930616317,1.333521432163324,7.1260423991982345,1.7782794100389228,1.7782794100389192,8.235048523671332e+23,0.0001181362623737,6.970805033272817e+27,6.37,1.2927862674523283e+23,18,0.0017802432457991,2.514633828184689e-07,True
M2_scalar_phi_massive,0.1,5.343777930616317,1.333521432163324,7.1260423991982345,1.9952623149688795,1.9952623149688755,7.339494722298989e+23,0.0001181362623737,6.212736525451833e+27,6.37,1.1521969736733107e+23,18,0.0017132182027357,2.4199594397153586e-07,True
M2_scalar_phi_massive,0.1,5.343777930616317,1.333521432163324,7.1260423991982345,2.2387211385683394,2.238721138568337,6.541331556676647e+23,0.0001181362623737,5.537107256686732e+27,6.37,1.0268966337012003e+23,18,0.0016487166105594,2.3288494826680435e-07,True
M2_scalar_phi_massive,0.1,5.343777930616317,1.333521432163324,7.1260423991982345,2.51188643150958,2.511886431509578,5.829967886531935e+23,0.0001181362623737,4.934952037069219e+27,6.37,9.1522258815258e+22,18,0.0015866434629247,2.241169758432456e-07,True
M2_scalar_phi_massive,0.1,5.343777930616317,1.333521432163324,7.1260423991982345,2.8183829312644537,2.8183829312644497,5.195964348161197e+23,0.0001181362623737,4.3982806326829794e+27,6.37,8.156929902921816e+22,18,0.001526907330416,2.156791120891927e-07,True
M2_scalar_phi_massive,0.1,5.343777930616317,1.333521432163324,7.1260423991982345,3.1622776601683795,3.162277660168373,4.630908099808164e+23,0.0001181362623737,3.919971740054191e+27,6.37,7.269871428270273e+22,18,0.0014694202258777,2.0755892862001813e-07,True
M2_scalar_phi_massive,0.1,5.343777930616317,1.333521432163324,7.1260423991982345,3.548133892335755,3.5481338923357506,4.127301188365186e+23,0.0001181362623737,3.493678490781068e+27,6.37,6.479279730557592e+22,18,0.0014140974748154,1.9974446497199067e-07,True
M2_scalar_phi_massive,0.1,5.343777930616317,1.333521432163324,7.1260423991982345,3.9810717055349722,3.9810717055349656,3.678461056090995e+23,0.0001181362623737,3.1137442324463154e+27,6.37,5.774664138290416e+22,18,0.0013608575906766,1.922242109853462e-07,True
M2_scalar_phi_massive,0.1,5.343777930616317,1.333521432163324,7.1260423991982345,4.466835921509632,4.4668359215096265,3.278431867129547e+23,0.0001181362623737,2.775127468276317e+27,6.37,5.146674830658629e+22,18,0.0013096221548262,1.849870898506263e-07,True
M2_scalar_phi_massive,0.1,5.343777930616317,1.333521432163324,7.1260423991982345,5.011872336272722,5.011872336272714,2.921905477186776e+23,0.0001181362623737,2.473334959541994e+27,6.37,4.58697877109384e+22,18,0.0012603157010418,1.7802244179330969e-07,True
M2_scalar_phi_massive,0.1,5.343777930616317,1.333521432163324,7.1260423991982345,5.623413251903491,5.623413251903479,2.6041509976808443e+23,0.0001181362623737,2.2043621030107923e+27,6.37,4.088149132936961e+22,18,0.0012128656043569,1.713200083727089e-07,True
M2_scalar_phi_massive,0.1,5.343777930616317,1.333521432163324,7.1260423991982345,6.309573444801933,6.309573444801923,2.3209520197249812e+23,0.0001181362623737,1.9646397922948447e+27,6.37,3.643566749960725e+22,18,0.0011672019740896,1.648699173720022e-07,True
M2_scalar_phi_massive,0.1,5.343777930616317,1.333521432163324,7.1260423991982345,7.079457843841379,7.07945784384137,2.068550664943301e+23,0.0001181362623737,1.7509870579776673e+27,6.37,3.247332284055418e+22,18,0.0011232575508982,1.586626682571474e-07,True
M2_scalar_phi_massive,0.1,5.343777930616317,1.333521432163324,7.1260423991982345,7.943282347242816,7.943282347242799,1.8435977207079e+23,0.0001181362623737,1.560568858082643e+27,6.37,2.894187944596389e+22,18,0.0010809676077133,1.526891181832579e-07,True
M2_scalar_phi_massive,0.1,5.343777930616317,1.333521432163324,7.1260423991982345,8.912509381337454,8.912509381337436,1.6431081981221508e+23,0.0001181362623737,1.3908584587884633e+27,6.37,2.5794477207569085e+22,18,0.0010402698543989,1.4694046852783006e-07,True
M2_scalar_phi_massive,0.1,5.343777930616317,1.333521432163324,7.1260423991982345,10.0,9.999999999999982,1.4644217230316155e+23,0.0001181362623737,1.2396039062064735e+27,6.37,2.2989352009915477e+22,18,0.0010011043460038,1.4140825193098588e-07,True
M2_scalar_phi_massive,0.1,5.343777930616317,1.539926526059492,8.229025384727366,0.1,0.0999999999999999,1.6743958368099225e+25,0.0001292142900879,1.2958286855656178e+29,6.37,2.6285648929512126e+24,22,0.0055912589158377,1.0531858379727395e-06,True
M2_scalar_phi_massive,0.1,5.343777930616317,1.539926526059492,8.229025384727366,0.11220184543019636,0.1122018454301962,1.492306860364081e+25,0.0001292142900879,1.1549085316709752e+29,6.37,2.3427109267881968e+24,22,0.0053807515200103,1.0135340508866618e-06,True
M2_scalar_phi_massive,0.1,5.343777930616317,1.539926526059492,8.229025384727366,0.12589254117941673,0.1258925411794166,1.330019889282912e+25,0.0001292142900879,1.0293133123104232e+29,6.37,2.0879433112761567e+24,22,0.0051781695957744,9.753751287465712e-07,True
M2_scalar_phi_massive,0.1,5.343777930616317,1.539926526059492,8.229025384727366,0.14125375446227545,0.1412537544622752,1.1853814740599355e+25,0.0001292142900879,9.173764552302176e+28,6.37,1.8608814349449536e+24,22,0.004983214754089,9.38652866122379e-07,True
M2_scalar_phi_massive,0.1,5.343777930616317,1.539926526059492,8.229025384727366,0.15848931924611134,0.1584893192461111,1.0564723508022798e+25,0.0001292142900879,8.176126263457415e+28,6.37,1.6585123246503607e+24,22,0.0047955998400738,9.033131736832328e-07,True
M2_scalar_phi_massive,0.1,5.343777930616317,1.539926526059492,8.229025384727366,0.1778279410038923,0.177827941003892,9.415819737648952e+24,0.0001292142900879,7.286980202606376e+28,6.37,1.478150665251013e+24,22,0.0046150485100496,8.693039985277045e-07,True
M2_scalar_phi_massive,0.1,5.343777930616317,1.539926526059492,8.229025384727366,0.19952623149688797,0.1995262314968877,8.391858174477867e+24,0.0001292142900879,6.494527941734964e+28,6.37,1.3174031671079857e+24,22,0.0044412948245038,8.365752475134995e-07,True
M2_scalar_phi_massive,0.1,5.343777930616317,1.539926526059492,8.229025384727366,0.22387211385683395,0.2238721138568337,7.47925147068874e+24,0.0001292142900879,5.788254120807109e+28,6.37,1.1741368085853596e+24,22,0.0042740828563798,8.050787134737522e-07,True
M2_scalar_phi_massive,0.1,5.343777930616317,1.539926526059492,8.229025384727366,0.251188643150958,0.2511886431509577,6.665889889789536e+24,0.0001292142900879,5.158786915325856e+28,6.37,1.0464505321490638e+24,22,0.0041131663141144,7.747680042112328e-07,True
M2_scalar_phi_massive,0.1,5.343777930616317,1.539926526059492,8.229025384727366,0.28183829312644537,0.281838293126445,5.940980617771174e+24,0.0001292142900879,4.5977736779162606e+28,6.37,9.326500184884104e+23,22,0.0039583081788675,7.455984741658768e-07,True
M2_scalar_phi_massive,0.1,5.343777930616317,1.539926526059492,8.229025384727366,0.31622776601683794,0.3162277660168375,5.294904549022958e+24,0.0001292142900879,4.097770103769509e+28,6.37,8.312252039282507e+23,22,0.0038092803554098,7.175271586549906e-07,True
M2_scalar_phi_massive,0.1,5.343777930616317,1.539926526059492,8.229025384727366,0.35481338923357547,0.3548133892335752,4.719088646645348e+24,0.0001292142900879,3.6521414492409903e+28,6.37,7.408302428014675e+23,22,0.0036658633361546,6.905127105892708e-07,True
M2_scalar_phi_massive,0.1,5.343777930616317,1.539926526059492,8.229025384727366,0.3981071705534972,0.3981071705534968,4.205892183458973e+24,0.0001292142900879,3.254974492833169e+28,6.37,6.602656488946583e+23,22,0.0035278458778382,6.645153395714269e-07,True
M2_scalar_phi_massive,0.1,5.343777930616317,1.539926526059492,8.229025384727366,0.44668359215096315,0.4466835921509627,3.748505354197197e+24,0.0001292142900879,2.900999070338975e+28,6.37,5.884623789948504e+23,22,0.0033950246903735,6.394967532877013e-07,True
M2_scalar_phi_massive,0.1,5.343777930616317,1.539926526059492,8.229025384727366,0.5011872336272722,0.5011872336272718,3.34085891352762e+24,0.0001292142900879,2.585518142964735e+28,6.37,5.244676473355761e+23,22,0.0032672041374179,6.154201011059632e-07,True
M2_scalar_phi_massive,0.1,5.343777930616317,1.539926526059492,8.229025384727366,0.5623413251903491,0.5623413251903484,2.977543640853977e+24,0.0001292142900879,2.30434547047914e+28,6.37,4.6743228270863066e+23,22,0.0031441959482145,5.922499197972988e-07,True
M2_scalar_phi_massive,0.1,5.343777930616317,1.539926526059492,8.229025384727366,0.6309573444801932,0.6309573444801925,2.653738563245275e+24,0.0001292142900879,2.05375006234878e+28,6.37,4.165994604780652e+23,22,0.0030258189402826,5.699520813011481e-07,True
M2_scalar_phi_massive,0.1,5.343777930616317,1.539926526059492,8.229025384727366,0.7079457843841379,0.7079457843841374,2.3651469840540495e+24,0.0001292142900879,1.8304066697605887e+28,6.37,3.712946599770879e+23,22,0.0029118987525481,5.484937424570543e-07,True
M2_scalar_phi_massive,0.1,5.343777930616317,1.539926526059492,8.229025384727366,0.7943282347242815,0.7943282347242804,2.107939468362371e+24,0.0001292142900879,1.63135166159039e+28,6.37,3.309167140286297e+23,22,0.0028022675885225,5.278432966289781e-07,True
M2_scalar_phi_massive,0.1,5.343777930616317,1.539926526059492,8.229025384727366,0.8912509381337456,0.8912509381337445,1.878703028707112e+24,0.0001292142900879,1.4539436988184793e+28,6.37,2.949298318221525e+23,22,0.0026967639691497,5.079703271509291e-07,True
M2_scalar_phi_massive,0.1,5.343777930616317,1.539926526059492,8.229025384727366,1.0,0.9999999999999984,1.6743958368099226e+24,0.0001292142900879,1.2958286855656178e+28,6.37,2.6285648929512127e+23,22,0.002595232494959,4.888455625253387e-07,True
M2_scalar_phi_massive,0.1,5.343777930616317,1.539926526059492,8.229025384727366,1.1220184543019633,1.1220184543019625,1.4923068603640812e+24,0.0001292142900879,1.1549085316709752e+28,6.37,2.3427109267881964e+23,22,0.0024975236171725,4.7044083330818566e-07,True
M2_scalar_phi_massive,0.1,5.343777930616317,1.539926526059492,8.229025384727366,1.2589254117941673,1.2589254117941664,1.3300198892829117e+24,0.0001292142900879,1.029313312310423e+28,6.37,2.0879433112761565e+23,22,0.0024034934174299,4.527290306173712e-07,True
M2_scalar_phi_massive,0.1,5.343777930616317,1.539926526059492,8.229025384727366,1.4125375446227544,1.4125375446227535,1.1853814740599352e+24,0.0001292142900879,9.173764552302174e+27,6.37,1.860881434944953e+23,22,0.0023130033958074,4.356840662032266e-07,True
M2_scalar_phi_massive,0.1,5.343777930616317,1.539926526059492,8.229025384727366,1.5848931924611136,1.5848931924611127,1.0564723508022794e+24,0.0001292142900879,8.176126263457413e+27,6.37,1.65851232465036e+23,22,0.0022259202668161,4.1928083402234133e-07,True
M2_scalar_phi_massive,0.1,5.343777930616317,1.539926526059492,8.229025384727366,1.7782794100389228,1.7782794100389208,9.415819737648954e+23,0.0001292142900879,7.286980202606377e+27,6.37,1.4781506652510132e+23,22,0.0021421157630827,4.034951732581133e-07,True
M2_scalar_phi_massive,0.1,5.343777930616317,1.539926526059492,8.229025384727366,1.9952623149688795,1.995262314968877,8.391858174477867e+23,0.0001292142900879,6.494527941734965e+27,6.37,1.3174031671079852e+23,22,0.0020614664464199,3.883038327335506e-07,True
M2_scalar_phi_massive,0.1,5.343777930616317,1.539926526059492,8.229025384727366,2.2387211385683394,2.2387211385683354,7.47925147068874e+23,0.0001292142900879,5.78825412080711e+27,6.37,1.1741368085853597e+23,22,0.0019838535260108,3.736844366639111e-07,True
M2_scalar_phi_massive,0.1,5.343777930616317,1.539926526059492,8.229025384727366,2.51188643150958,2.511886431509578,6.665889889789534e+23,0.0001292142900879,5.158786915325854e+27,6.37,1.0464505321490634e+23,22,0.0019091626834385,3.596154516987317e-07,True
M2_scalar_phi_massive,0.1,5.343777930616317,1.539926526059492,8.229025384727366,2.8183829312644537,2.818382931264452,5.940980617771171e+23,0.0001292142900879,4.597773677916258e+27,6.37,9.3265001848841e+22,22,0.0018372839043029,3.46076155204706e-07,True
M2_scalar_phi_massive,0.1,5.343777930616317,1.539926526059492,8.229025384727366,3.1622776601683795,3.162277660168374,5.2949045490229575e+23,0.0001292142900879,4.097770103769508e+27,6.37,8.312252039282508e+22,22,0.0017681113161771,3.33046604742691e-07,True
M2_scalar_phi_massive,0.1,5.343777930616317,1.539926526059492,8.229025384727366,3.548133892335755,3.548133892335751,4.719088646645347e+23,0.0001292142900879,3.65214144924099e+27,6.37,7.408302428014674e+22,22,0.0017015430326645,3.205076086938852e-07,True
M2_scalar_phi_massive,0.1,5.343777930616317,1.539926526059492,8.229025384727366,3.9810717055349722,3.981071705534968,4.205892183458973e+23,0.0001292142900879,3.254974492833169e+27,6.37,6.602656488946583e+22,22,0.001637481003328,3.084406979919139e-07,True
M2_scalar_phi_massive,0.1,5.343777930616317,1.539926526059492,8.229025384727366,4.466835921509632,4.466835921509627,3.7485053541971966e+23,0.0001292142900879,2.900999070338974e+27,6.37,5.884623789948504e+22,22,0.0015758308692677,2.96828098919182e-07,True
M2_scalar_phi_massive,0.1,5.343777930616317,1.539926526059492,8.229025384727366,5.011872336272722,5.0118723362727176,3.340858913527619e+23,0.0001292142900879,2.585518142964734e+27,6.37,5.24467647335576e+22,22,0.0015165018241372,2.8565270692742865e-07,True
M2_scalar_phi_massive,0.1,5.343777930616317,1.539926526059492,8.229025384727366,5.623413251903491,5.623413251903487,2.9775436408539773e+23,0.0001292142900879,2.3043454704791395e+27,6.37,4.674322827086306e+22,22,0.0014594064803923,2.7489806144392056e-07,True
M2_scalar_phi_massive,0.1,5.343777930616317,1.539926526059492,8.229025384727366,6.309573444801933,6.309573444801925,2.653738563245276e+23,0.0001292142900879,2.05375006234878e+27,6.37,4.1659946047806525e+22,22,0.0014044607405749,2.645483216261773e-07,True
M2_scalar_phi_massive,0.1,5.343777930616317,1.539926526059492,8.229025384727366,7.079457843841379,7.079457843841368,2.3651469840540496e+23,0.0001292142900879,1.8304066697605889e+27,6.37,3.7129465997708784e+22,22,0.0013515836734438,2.5458824302951464e-07,True
M2_scalar_phi_massive,0.1,5.343777930616317,1.539926526059492,8.229025384727366,7.943282347242816,7.94328234724281,2.1079394683623705e+23,0.0001292142900879,1.6313516615903892e+27,6.37,3.309167140286296e+22,22,0.0013006973947681,2.450031551530422e-07,True
M2_scalar_phi_massive,0.1,5.343777930616317,1.539926526059492,8.229025384727366,8.912509381337454,8.912509381337449,1.8787030287071112e+23,0.0001292142900879,1.453943698818479e+27,6.37,2.9492983182215245e+22,22,0.0012517269526094,2.357789398310383e-07,True
M2_scalar_phi_massive,0.1,5.343777930616317,1.539926526059492,8.229025384727366,10.0,9.999999999999988,1.6743958368099225e+23,0.0001292142900879,1.295828685565618e+27,6.37,2.628564892951213e+22,22,0.001204600216923,2.2690201043787695e-07,True
M2_scalar_phi_massive,0.1,5.343777930616317,1.7782794100389228,9.5027302658354,0.1,0.0999999999999999,2.056132601558035e+25,0.0001742901054344,1.179718490865026e+29,6.37,3.2278376790550003e+24,35,0.0067268383850774,1.689687536306181e-06,True
M2_scalar_phi_massive,0.1,5.343777930616317,1.7782794100389228,9.5027302658354,0.11220184543019636,0.1122018454301962,1.8325301100659773e+25,0.0001742901054344,1.0514252117171809e+29,6.37,2.8768133596012204e+24,35,0.0064735771335579,1.6260718589812963e-06,True
M2_scalar_phi_massive,0.1,5.343777930616317,1.7782794100389228,9.5027302658354,0.12589254117941673,0.1258925411794165,1.6332441797546386e+25,0.0001742901054344,9.370837063204094e+28,6.37,2.5639626055802805e+24,35,0.0062298510095158,1.564851272058955e-06,True
M2_scalar_phi_massive,0.1,5.343777930616317,1.7782794100389228,9.5027302658354,0.14125375446227545,0.1412537544622752,1.4556304074078013e+25,0.0001742901054344,8.351767323679122e+28,6.37,2.2851340775632676e+24,35,0.0059953010213743,1.5059356018857812e-06,True
M2_scalar_phi_massive,0.1,5.343777930616317,1.7782794100389228,9.5027302658354,0.15848931924611134,0.1584893192461111,1.297331966178209e+25,0.0001742901054344,7.443520462303779e+28,6.37,2.0366278903896536e+24,35,0.0057695816933647,1.4492380697899645e-06,True
M2_scalar_phi_massive,0.1,5.343777930616317,1.7782794100389228,9.5027302658354,0.1778279410038923,0.1778279410038921,1.1562483319272257e+25,0.0001742901054344,6.634044595045974e+28,6.37,1.8151465179391293e+24,35,0.0055523605566644,1.3946751642623287e-06,True
M2_scalar_phi_massive,0.1,5.343777930616317,1.7782794100389228,9.5027302658354,0.19952623149688797,0.1995262314968876,1.0305074105457182e+25,0.0001742901054344,5.912598468955829e+28,6.37,1.617751036963451e+24,35,0.005343317659694,1.3421665179497097e-06,True
M2_scalar_phi_massive,0.1,5.343777930616317,1.7782794100389228,9.5027302658354,0.22387211385683395,0.2238721138568337,9.18440696402648e+24,0.0001742901054344,5.269608932265029e+28,6.37,1.441822129360515e+24,35,0.0051421450968505,1.291634789279444e-06,True
M2_scalar_phi_massive,0.1,5.343777930616317,1.7782794100389228,9.5027302658354,0.251188643150958,0.2511886431509577,8.185611322890708e+24,0.0001742901054344,4.696543904479173e+28,6.37,1.2850253254145537e+24,35,0.004948546554984,1.2430055485406362e-06,True
M2_scalar_phi_massive,0.1,5.343777930616317,1.7782794100389228,9.5027302658354,0.28183829312644537,0.281838293126445,7.295433770724553e+24,0.0001742901054344,4.185799160853387e+28,6.37,1.1452800268013426e+24,35,0.0047622368769489,1.196207168254381e-06,True
M2_scalar_phi_massive,0.1,5.343777930616317,1.7782794100389228,9.5027302658354,0.31622776601683794,0.3162277660168375,6.502062192250866e+24,0.0001742901054344,3.730597428950026e+28,6.37,1.0207318983125378e+24,35,0.0045829416415879,1.1511707176714871e-06,True
M2_scalar_phi_massive,0.1,5.343777930616317,1.7782794100389228,9.5027302658354,0.35481338923357547,0.3548133892335751,5.794969028647543e+24,0.0001742901054344,3.3248984583510497e+28,6.37,9.097282619540884e+23,35,0.004410396759528,1.107829861242293e-06,True
M2_scalar_phi_massive,0.1,5.343777930616317,1.7782794100389228,9.5027302658354,0.3981071705534972,0.3981071705534968,5.164771583238122e+24,0.0001742901054344,2.9633188702048167e+28,6.37,8.107961669133629e+23,35,0.0042443480841958,1.066120760909028e-06,True
M2_scalar_phi_massive,0.1,5.343777930616317,1.7782794100389228,9.5027302658354,0.44668359215096315,0.4466835921509625,4.603107518807487e+24,0.0001742901054344,2.6410607230594743e+28,6.37,7.226228443967796e+23,35,0.0040845510374774,1.0259819820768105e-06,True
M2_scalar_phi_massive,0.1,5.343777930616317,1.7782794100389228,9.5027302658354,0.5011872336272722,0.5011872336272716,4.10252389446767e+24,0.0001742901054344,2.3538478470949444e+28,6.37,6.440382879855055e+23,35,0.0039307702494713,9.873544031247709e-07,True
M2_scalar_phi_massive,0.1,5.343777930616317,1.7782794100389228,9.5027302658354,0.5623413251903491,0.5623413251903483,3.656378269660418e+24,0.0001742901054344,2.0978691019474667e+28,6.37,5.739997283611332e+23,35,0.0037827792118057,9.50181128324034e-07,True
M2_scalar_phi_massive,0.1,5.343777930616317,1.7782794100389228,9.5027302658354,0.6309573444801932,0.6309573444801923,3.258750563006689e+24,0.0001742901054344,1.8697278051924775e+28,6.37,5.1157779639037496e+23,35,0.0036403599440069,9.144074040342768e-07,True
M2_scalar_phi_massive,0.1,5.343777930616317,1.7782794100389228,9.5027302658354,0.7079457843841379,0.707945784384137,2.904364496423583e+24,0.0001742901054344,1.6663966604325447e+28,6.37,4.55944190961316e+23,35,0.0035033026724295,8.799805380554363e-07,True
M2_scalar_phi_massive,0.1,5.343777930616317,1.7782794100389228,9.5027302658354,0.7943282347242815,0.7943282347242807,2.588517582119862e+24,0.0001742901054344,1.4851775869134465e+28,6.37,4.063606879309045e+23,35,0.0033714055212747,8.468498220157762e-07,True
M2_scalar_phi_massive,0.1,5.343777930616317,1.7782794100389228,9.5027302658354,0.8912509381337456,0.8912509381337447,2.3070187234400213e+24,0.0001742901054344,1.3236659176318212e+28,6.37,3.621693443390928e+23,35,0.0032444742152406,8.149664566819921e-07,True
M2_scalar_phi_massive,0.1,5.343777930616317,1.7782794100389228,9.5027302658354,1.0,0.9999999999999986,2.0561326015580355e+24,0.0001742901054344,1.179718490865026e+28,6.37,3.2278376790550006e+23,35,0.0031223217933693,7.842834800813458e-07,True
M2_scalar_phi_massive,0.1,5.343777930616317,1.7782794100389228,9.5027302658354,1.1220184543019633,1.1220184543019616,1.8325301100659776e+24,0.0001742901054344,1.051425211717181e+28,6.37,2.876813359601221e+23,35,0.0030047683336653,7.547556983299562e-07,True
M2_scalar_phi_massive,0.1,5.343777930616317,1.7782794100389228,9.5027302658354,1.2589254117941673,1.258925411794166,1.6332441797546382e+24,0.0001742901054344,9.370837063204092e+27,6.37,2.5639626055802795e+23,35,0.002891640688084,7.263396190653599e-07,True
M2_scalar_phi_massive,0.1,5.343777930616317,1.7782794100389228,9.5027302658354,1.4125375446227544,1.4125375446227528,1.4556304074078009e+24,0.0001742901054344,8.35176732367912e+27,6.37,2.2851340775632667e+23,35,0.0027827722274958,6.989933873852982e-07,True
M2_scalar_phi_massive,0.1,5.343777930616317,1.7782794100389228,9.5027302658354,1.5848931924611136,1.5848931924611118,1.2973319661782087e+24,0.0001742901054344,7.443520462303776e+27,6.37,2.0366278903896526e+23,35,0.0026780025962538,6.726767241983634e-07,True
M2_scalar_phi_massive,0.1,5.343777930616317,1.7782794100389228,9.5027302658354,1.7782794100389228,1.7782794100389203,1.1562483319272256e+24,0.0001742901054344,6.634044595045974e+27,6.37,1.815146517939129e+23,35,0.0025771774760005,6.473508668957094e-07,True
M2_scalar_phi_massive,0.1,5.343777930616317,1.7782794100389228,9.5027302658354,1.9952623149688795,1.9952623149688768,1.030507410545718e+24,0.0001742901054344,5.912598468955828e+27,6.37,1.6177510369634506e+23,35,0.0024801483583682,6.229785122564317e-07,True
M2_scalar_phi_massive,0.1,5.343777930616317,1.7782794100389228,9.5027302658354,2.2387211385683394,2.2387211385683368,9.18440696402648e+23,0.0001742901054344,5.26960893226503e+27,6.37,1.441822129360515e+23,35,0.0023867723262358,5.995237615025262e-07,True
M2_scalar_phi_massive,0.1,5.343777930616317,1.7782794100389228,9.5027302658354,2.51188643150958,2.5118864315095766,8.185611322890704e+23,0.0001742901054344,4.6965439044791714e+27,6.37,1.2850253254145533e+23,35,0.0022969118432226,5.769520674224944e-07,True
M2_scalar_phi_massive,0.1,5.343777930616317,1.7782794100389228,9.5027302658354,2.8183829312644537,2.81838293126445,7.29543377072455e+23,0.0001742901054344,4.1857991608533854e+27,6.37,1.145280026801342e+23,35,0.0022104345511065,5.552301834857097e-07,True
M2_scalar_phi_massive,0.1,5.343777930616317,1.7782794100389228,9.5027302658354,3.1622776601683795,3.162277660168374,6.502062192250866e+23,0.0001742901054344,3.730597428950026e+27,6.37,1.0207318983125378e+23,35,0.0021272130748693,5.343261148725984e-07,True
M2_scalar_phi_massive,0.1,5.343777930616317,1.7782794100389228,9.5027302658354,3.548133892335755,3.5481338923357493,5.794969028647542e+23,0.0001742901054344,3.3248984583510494e+27,6.37,9.097282619540882e+22,35,0.0020471248350827,5.142090713485021e-07,True
M2_scalar_phi_massive,0.1,5.343777930616317,1.7782794100389228,9.5027302658354,3.9810717055349722,3.9810717055349674,5.164771583238122e+23,0.0001742901054344,2.963318870204817e+27,6.37,8.107961669133629e+22,35,0.0019700518673569,4.948494219118105e-07,True
M2_scalar_phi_massive,0.1,5.343777930616317,1.7782794100389228,9.5027302658354,4.466835921509632,4.4668359215096265,4.603107518807485e+23,0.0001742901054344,2.6410607230594734e+27,6.37,7.226228443967795e+22,35,0.0018958806485876,4.762186511495628e-07,True
M2_scalar_phi_massive,0.1,5.343777930616317,1.7782794100389228,9.5027302658354,5.011872336272722,5.011872336272718,4.102523894467669e+23,0.0001742901054344,2.353847847094944e+27,6.37,6.440382879855054e+22,35,0.0018245019297443,4.582893172362346e-07,True
M2_scalar_phi_massive,0.1,5.343777930616317,1.7782794100389228,9.5027302658354,5.623413251903491,5.623413251903485,3.6563782696604185e+23,0.0001742901054344,2.0978691019474667e+27,6.37,5.739997283611332e+22,35,0.001755810574954,4.4103501151384274e-07,True
M2_scalar_phi_massive,0.1,5.343777930616317,1.7782794100389228,9.5027302658354,6.309573444801933,6.309573444801924,3.2587505630066886e+23,0.0001742901054344,1.8697278051924775e+27,6.37,5.115777963903749e+22,35,0.0016897054066433,4.2443031959383483e-07,True
M2_scalar_phi_massive,0.1,5.343777930616317,1.7782794100389228,9.5027302658354,7.079457843841379,7.079457843841368,2.9043644964235827e+23,0.0001742901054344,1.6663966604325446e+27,6.37,4.559441909613159e+22,35,0.0016260890565114,4.084507839234679e-07,True
M2_scalar_phi_massive,0.1,5.343777930616317,1.7782794100389228,9.5027302658354,7.943282347242816,7.943282347242805,2.588517582119861e+23,0.0001742901054344,1.485177586913446e+27,6.37,4.063606879309044e+22,35,0.0015648678221129,3.930728677615396e-07,True
M2_scalar_phi_massive,0.1,5.343777930616317,1.7782794100389228,9.5027302658354,8.912509381337454,8.912509381337445,2.3070187234400204e+23,0.0001742901054344,1.3236659176318208e+27,6.37,3.621693443390927e+22,35,0.0015059515288405,3.782739205104107e-07,True
M2_scalar_phi_massive,0.1,5.343777930616317,1.7782794100389228,9.5027302658354,10.0,9.999999999999986,2.0561326015580356e+23,0.0001742901054344,1.179718490865026e+27,6.37,3.2278376790550003e+22,35,0.0014492533971048,3.640321443532545e-07,True
M2_scalar_phi_massive,0.1,5.343777930616317,2.0535250264571463,10.973581716349988,0.1,0.0999999999999998,2.5515301441187e+25,0.0001917569349039,1.3306064499816227e+29,6.37,4.0055418275018834e+24,39,0.0080918443818441,2.7104595408173736e-06,True
M2_scalar_phi_massive,0.1,5.343777930616317,2.0535250264571463,10.973581716349988,0.11220184543019636,0.1122018454301961,2.274053634622322e+25,0.0001917569349039,1.185904246832934e+29,6.37,3.569942911495011e+24,39,0.0077871915095835,2.608412436932275e-06,True
M2_scalar_phi_massive,0.1,5.343777930616317,2.0535250264571463,10.973581716349988,0.12589254117941673,0.1258925411794165,2.0267524352235983e+25,0.0001917569349039,1.0569382725266453e+29,6.37,3.181714968953843e+24,39,0.0074940086271295,2.51020734258634e-06,True
M2_scalar_phi_massive,0.1,5.343777930616317,2.0535250264571463,10.973581716349988,0.14125375446227545,0.1412537544622752,1.8063450092578847e+25,0.0001917569349039,9.41997226938833e+28,6.37,2.835706450954294e+24,39,0.0072118638965508,2.4156996085270454e-06,True
M2_scalar_phi_massive,0.1,5.343777930616317,2.0535250264571463,10.973581716349988,0.15848931924611134,0.1584893192461111,1.6099066840942997e+25,0.0001917569349039,8.395559122286218e+28,6.37,2.527326034684929e+24,39,0.0069403417383434,2.32475003145562e-06,True
M2_scalar_phi_massive,0.1,5.343777930616317,2.0535250264571463,10.973581716349988,0.1778279410038923,0.177827941003892,1.434830842506832e+25,0.0001917569349039,7.482549943894916e+28,6.37,2.252481699382782e+24,39,0.0066790422193116,2.237224648990292e-06,True
M2_scalar_phi_massive,0.1,5.343777930616317,2.0535250264571463,10.973581716349988,0.19952623149688797,0.1995262314968876,1.2787943344474463e+25,0.0001917569349039,6.668829657128949e+28,6.37,2.0075264277039975e+24,39,0.0064275804634938,2.152994542349051e-06,True
M2_scalar_phi_massive,0.1,5.343777930616317,2.0535250264571463,10.973581716349988,0.22387211385683395,0.2238721138568336,1.1397266502564053e+25,0.0001917569349039,5.94360068817032e+28,6.37,1.7892098120194744e+24,39,0.0061855860852674,2.0719356464612754e-06,True
M2_scalar_phi_massive,0.1,5.343777930616317,2.0535250264571463,10.973581716349988,0.251188643150958,0.2511886431509575,1.0157824462570526e+25,0.0001917569349039,5.297239689224174e+28,6.37,1.5946349234804594e+24,39,0.0059527026437963,1.993928567228537e-06,True
M2_scalar_phi_massive,0.1,5.343777930616317,2.0535250264571463,10.973581716349988,0.28183829312644537,0.2818382931264451,9.053170581663892e+24,0.0001917569349039,4.721169842540356e+28,6.37,1.421219871532793e+24,39,0.005728587118019,1.918858405665426e-06,True
M2_scalar_phi_massive,0.1,5.343777930616317,2.0535250264571463,10.973581716349988,0.31622776601683794,0.3162277660168373,8.068646773992769e+24,0.0001917569349039,4.20774705125284e+28,6.37,1.266663543797923e+24,39,0.0055129094014016,1.84661458866136e-06,True
M2_scalar_phi_massive,0.1,5.343777930616317,2.0535250264571463,10.973581716349988,0.35481338923357547,0.3548133892335748,7.191189006790876e+24,0.0001917569349039,3.750158506858595e+28,6.37,1.1289150717097136e+24,39,0.0053053518157147,1.777090706114109e-06,True
M2_scalar_phi_massive,0.1,5.343777930616317,2.0535250264571463,10.973581716349988,0.3981071705534972,0.3981071705534968,6.409153948599445e+24,0.0001917569349039,3.3423322873879686e+28,6.37,1.0061466167346068e+24,39,0.0051056086431153,1.710184354195134e-06,True
M2_scalar_phi_massive,0.1,5.343777930616317,2.0535250264571463,10.973581716349988,0.44668359215096315,0.4466835921509626,5.712164469332855e+24,0.0001917569349039,2.9788567866892347e+28,6.37,8.967291160648124e+23,39,0.0049133856758455,1.6457969845158975e-06,True
M2_scalar_phi_massive,0.1,5.343777930616317,2.0535250264571463,10.973581716349988,0.5011872336272722,0.5011872336272718,5.090971942067156e+24,0.0001917569349039,2.6549089057028557e+28,6.37,7.992106659446084e+23,39,0.0047283997828853,1.5838337589729597e-06,True
M2_scalar_phi_massive,0.1,5.343777930616317,2.0535250264571463,10.973581716349988,0.5623413251903491,0.5623413251903482,4.5373335193799294e+24,0.0001917569349039,2.366190052867306e+28,6.37,7.122972557896278e+23,39,0.0045503784929203,1.524203410058067e-06,True
M2_scalar_phi_massive,0.1,5.343777930616317,2.0535250264571463,10.973581716349988,0.6309573444801932,0.6309573444801926,4.0439027557730505e+24,0.0001917569349039,2.108869104420723e+28,6.37,6.348355974525982e+23,39,0.0043790595930102,1.4668181064274837e-06,True
M2_scalar_phi_massive,0.1,5.343777930616317,2.0535250264571463,10.973581716349988,0.7079457843841379,0.7079457843841367,3.60413212480437e+24,0.0001917569349039,1.879531567716241e+28,6.37,5.6579782179032495e+23,39,0.0042141907423679,1.411593323532547e-06,True
M2_scalar_phi_massive,0.1,5.343777930616317,2.0535250264571463,10.973581716349988,0.7943282347242815,0.79432823472428,3.212186137389865e+24,0.0001917569349039,1.6751342729790895e+28,6.37,5.04267839464657e+23,39,0.0040555291006788,1.3584477191209063e-06,True
M2_scalar_phi_massive,0.1,5.343777930616317,2.0535250264571463,10.973581716349988,0.8912509381337456,0.8912509381337442,2.8628639084089293e+24,0.0001917569349039,1.492964992292603e+28,6.37,4.494291849935525e+23,39,0.0039028409704139,1.307303013425059e-06,True
M2_scalar_phi_massive,0.1,5.343777930616317,2.0535250264571463,10.973581716349988,1.0,0.9999999999999984,2.5515301441187e+24,0.0001917569349039,1.3306064499816228e+28,6.37,4.005541827501884e+23,39,0.0037559014526099,1.2580838738617145e-06,True
M2_scalar_phi_massive,0.1,5.343777930616317,2.0535250264571463,10.973581716349988,1.1220184543019633,1.1220184543019611,2.274053634622322e+24,0.0001917569349039,1.185904246832934e+28,6.37,3.5699429114950106e+23,39,0.0036144941156087,1.2107178040721544e-06,True
M2_scalar_phi_massive,0.1,5.343777930616317,2.0535250264571463,10.973581716349988,1.2589254117941673,1.258925411794166,2.0267524352235976e+24,0.0001917569349039,1.0569382725266453e+28,6.37,3.1817149689538426e+23,39,0.0034784106762682,1.165135037140156e-06,True
M2_scalar_phi_massive,0.1,5.343777930616317,2.0535250264571463,10.973581716349988,1.4125375446227544,1.4125375446227526,1.806345009257885e+24,0.0001917569349039,9.419972269388328e+27,6.37,2.8357064509542928e+23,39,0.0033474506931765,1.1212684328301895e-06,True
M2_scalar_phi_massive,0.1,5.343777930616317,2.0535250264571463,10.973581716349988,1.5848931924611136,1.5848931924611112,1.609906684094299e+24,0.0001917569349039,8.395559122286215e+27,6.37,2.527326034684928e+23,39,0.0032214212714151,1.079053378694536e-06,True
M2_scalar_phi_massive,0.1,5.343777930616317,2.0535250264571463,10.973581716349988,1.7782794100389228,1.77827941003892,1.434830842506832e+24,0.0001917569349039,7.482549943894918e+27,6.37,2.2524816993827814e+23,39,0.0031001367784385,1.0384276949036609e-06,True
M2_scalar_phi_massive,0.1,5.343777930616317,2.0535250264571463,10.973581716349988,1.9952623149688795,1.995262314968875,1.2787943344474466e+24,0.0001917569349039,6.668829657128949e+27,6.37,2.007526427703998e+23,39,0.00298341857065,9.993315426596612e-07,True
M2_scalar_phi_massive,0.1,5.343777930616317,2.0535250264571463,10.973581716349988,2.2387211385683394,2.2387211385683363,1.1397266502564054e+24,0.0001917569349039,5.943600688170321e+27,6.37,1.7892098120194746e+23,39,0.0028710947302727,9.61707336057893e-07,True
M2_scalar_phi_massive,0.1,5.343777930616317,2.0535250264571463,10.973581716349988,2.51188643150958,2.511886431509577,1.0157824462570524e+24,0.0001917569349039,5.297239689224173e+27,6.37,1.594634923480459e+23,39,0.0027629998121262,9.254996572669504e-07,True
M2_scalar_phi_massive,0.1,5.343777930616317,2.0535250264571463,10.973581716349988,2.8183829312644537,2.818382931264451,9.053170581663888e+23,0.0001917569349039,4.7211698425403536e+27,6.37,1.4212198715327924e+23,39,0.0026589745999375,8.90655174902066e-07,True
M2_scalar_phi_massive,0.1,5.343777930616317,2.0535250264571463,10.973581716349988,3.1622776601683795,3.1622776601683733,8.06864677399277e+23,0.0001917569349039,4.20774705125284e+27,6.37,1.266663543797923e+23,39,0.0025588658718264,8.571225654717024e-07,True
M2_scalar_phi_massive,0.1,5.343777930616317,2.0535250264571463,10.973581716349988,3.548133892335755,3.5481338923357493,7.191189006790875e+23,0.0001917569349039,3.750158506858594e+27,6.37,1.1289150717097135e+23,39,0.0024625261746208,8.248524377816296e-07,True
M2_scalar_phi_massive,0.1,5.343777930616317,2.0535250264571463,10.973581716349988,3.9810717055349722,3.981071705534966,6.409153948599445e+23,0.0001917569349039,3.3423322873879685e+27,6.37,1.0061466167346067e+23,39,0.0023698136066681,7.937972601851416e-07,True
M2_scalar_phi_massive,0.1,5.343777930616317,2.0535250264571463,10.973581716349988,4.466835921509632,4.466835921509624,5.712164469332854e+23,0.0001917569349039,2.978856786689234e+27,6.37,8.967291160648122e+22,39,0.0022805916088237,7.639112905722575e-07,True
M2_scalar_phi_massive,0.1,5.343777930616317,2.0535250264571463,10.973581716349988,5.011872336272722,5.011872336272719,5.090971942067154e+23,0.0001917569349039,2.6549089057028546e+27,6.37,7.992106659446081e+22,39,0.0021947287633097,7.351505089947842e-07,True
M2_scalar_phi_massive,0.1,5.343777930616317,2.0535250264571463,10.973581716349988,5.623413251903491,5.623413251903484,4.537333519379929e+23,0.0001917569349039,2.3661900528673052e+27,6.37,7.1229725578962775e+22,39,0.002112098600145,7.074725528280044e-07,True
M2_scalar_phi_massive,0.1,5.343777930616317,2.0535250264571463,10.973581716349988,6.309573444801933,6.309573444801923,4.043902755773051e+23,0.0001917569349039,2.1088691044207228e+27,6.37,6.348355974525982e+22,39,0.0020325794108641,6.808366543734848e-07,True
M2_scalar_phi_massive,0.1,5.343777930616317,2.0535250264571463,10.973581716349988,7.079457843841379,7.079457843841371,3.60413212480437e+23,0.0001917569349039,1.8795315677162409e+27,6.37,5.65797821790325e+22,39,0.0019560540692489,6.55203580811102e-07,True
M2_scalar_phi_massive,0.1,5.343777930616317,2.0535250264571463,10.973581716349988,7.943282347242816,7.943282347242802,3.212186137389864e+23,0.0001917569349039,1.675134272979089e+27,6.37,5.042678394646568e+22,39,0.0018824098588102,6.305355764118346e-07,True
M2_scalar_phi_massive,0.1,5.343777930616317,2.0535250264571463,10.973581716349988,8.912509381337454,8.91250938133744,2.8628639084089284e+23,0.0001917569349039,1.4929649922926026e+27,6.37,4.494291849935523e+22,39,0.0018115383067639,6.067963069262089e-07,True
M2_scalar_phi_massive,0.1,5.343777930616317,2.0535250264571463,10.973581716349988,10.0,9.999999999999986,2.5515301441187e+23,0.0001917569349039,1.3306064499816228e+27,6.37,4.005541827501883e+22,39,0.0017433350242584,5.839508060664841e-07,True
M2_scalar_phi_massive,0.1,5.343777930616317,2.371373705661655,12.672094473558586,0.1,0.0999999999999999,3.4548262322869364e+25,0.0002062792165632,1.6748300143108404e+29,6.37,5.42358906167494e+24,42,0.0097323193871371,4.347221407074052e-06,True
M2_scalar_phi_massive,0.1,5.343777930616317,2.371373705661655,12.672094473558586,0.11220184543019636,0.1122018454301962,3.079117120614805e+25,0.0002062792165632,1.4926938214690908e+29,6.37,4.83377883926971e+24,42,0.0093659036585177,4.183551244188895e-06,True
M2_scalar_phi_massive,0.1,5.343777930616317,2.371373705661655,12.672094473558586,0.12589254117941673,0.1258925411794165,2.7442660223716227e+25,0.0002062792165632,1.330364768730773e+29,6.37,4.308109925230177e+24,42,0.0090132832525586,4.026043160413686e-06,True
M2_scalar_phi_massive,0.1,5.343777930616317,2.371373705661655,12.672094473558586,0.14125375446227545,0.1412537544622752,2.4458296669272707e+25,0.0002062792165632,1.1856888481913847e+29,6.37,3.839607012444695e+24,42,0.0086739387840032,3.87446515732985e-06,True
M2_scalar_phi_massive,0.1,5.343777930616317,2.371373705661655,12.672094473558586,0.15848931924611134,0.1584893192461111,2.1798479851642767e+25,0.0002062792165632,1.056746298285292e+29,6.37,3.4220533519062426e+24,42,0.0083473704221241,3.7285939711139514e-06,True
M2_scalar_phi_massive,0.1,5.343777930616317,2.371373705661655,12.672094473558586,0.1778279410038923,0.1778279410038921,1.9427915617666164e+25,0.0002062792165632,9.418261297161291e+28,6.37,3.049908260230167e+24,42,0.008033097154508,3.5882147436856465e-06,True
M2_scalar_phi_massive,0.1,5.343777930616317,2.371373705661655,12.672094473558586,0.19952623149688797,0.1995262314968877,1.7315148020228216e+25,0.0002062792165632,8.39403421668375e+28,6.37,2.718233598151996e+24,42,0.0077306560785575,3.4531207062367397e-06,True
M2_scalar_phi_massive,0.1,5.343777930616317,2.371373705661655,12.672094473558586,0.22387211385683395,0.2238721138568337,1.5432141916953062e+25,0.0002062792165632,7.4811908703461505e+28,6.37,2.422628244419633e+24,42,0.007439601719668,3.323112874675136e-06,True
M2_scalar_phi_massive,0.1,5.343777930616317,2.371373705661655,12.672094473558586,0.251188643150958,0.2511886431509577,1.3753910960897515e+25,0.0002062792165632,6.66761838155362e+28,6.37,2.1591696955883072e+24,42,0.0071595053750748,3.197999756535169e-06,True
M2_scalar_phi_massive,0.1,5.343777930616317,2.371373705661655,12.672094473558586,0.28183829312644537,0.2818382931264451,1.225818604690792e+25,0.0002062792165632,5.94252113767747e+28,6.37,1.9243620167830328e+24,42,0.0068899544824037,3.077597068922556e-06,True
M2_scalar_phi_massive,0.1,5.343777930616317,2.371373705661655,12.672094473558586,0.31622776601683794,0.3162277660168376,1.092511981412467e+25,0.0002062792165632,5.296277538834658e+28,6.37,1.715089452766824e+24,42,0.0066305520119955,2.9617274670785426e-06,True
M2_scalar_phi_massive,0.1,5.343777930616317,2.371373705661655,12.672094473558586,0.35481338923357547,0.3548133892335751,9.737023283562184e+24,0.0002062792165632,4.720312325103074e+28,6.37,1.5285750837617242e+24,42,0.006380915882109,2.85022028316346e-06,True
M2_scalar_phi_massive,0.1,5.343777930616317,2.371373705661655,12.672094473558586,0.3981071705534972,0.3981071705534971,8.678131136104919e+24,0.0002062792165632,4.206982788032395e+28,6.37,1.3623439774105057e+24,42,0.0061406783961411,2.7429112748748928e-06,True
M2_scalar_phi_massive,0.1,5.343777930616317,2.371373705661655,12.672094473558586,0.44668359215096315,0.4466835921509627,7.734392516301177e+24,0.0002062792165632,3.749477356546393e+28,6.37,1.2141903479279714e+24,42,0.0059094857010356,2.639642383530233e-06,True
M2_scalar_phi_massive,0.1,5.343777930616317,2.371373705661655,12.672094473558586,0.5011872336272722,0.5011872336272717,6.893284586048045e+24,0.0002062792165632,3.3417252115332087e+28,6.37,1.0821482866637432e+24,42,0.0056869972660822,2.5402615012572634e-06,True
M2_scalar_phi_massive,0.1,5.343777930616317,2.371373705661655,12.672094473558586,0.5623413251903491,0.5623413251903483,6.143646354138208e+24,0.0002062792165632,2.978315729764162e+28,6.37,9.644656756888867e+23,42,0.0054728853813384,2.4446222469498766e-06,True
M2_scalar_phi_massive,0.1,5.343777930616317,2.371373705661655,12.672094473558586,0.6309573444801932,0.6309573444801928,5.475530576687642e+24,0.0002062792165632,2.6544266882108e+28,6.37,8.595809382555169e+23,42,0.0052668346749359,2.352583750658916e-06,True
M2_scalar_phi_massive,0.1,5.343777930616317,2.371373705661655,12.672094473558586,0.7079457843841379,0.7079457843841371,4.88007176325287e+24,0.0002062792165632,2.3657602760751266e+28,6.37,7.661023176221146e+23,42,0.0050685416485598,2.2640104461005727e-06,True
M2_scalar_phi_massive,0.1,5.343777930616317,2.371373705661655,12.672094473558586,0.7943282347242815,0.7943282347242806,4.349368537159123e+24,0.0002062792165632,2.1084860654515057e+28,6.37,6.827894092871465e+23,42,0.0048777142304163,2.1787718709767023e-06,True
M2_scalar_phi_massive,0.1,5.343777930616317,2.371373705661655,12.672094473558586,0.8912509381337456,0.8912509381337448,3.876378789032464e+24,0.0002062792165632,1.879190183875584e+28,6.37,6.08536701574955e+23,42,0.004694071345032,2.0967424748129647e-06,True
M2_scalar_phi_massive,0.1,5.343777930616317,2.371373705661655,12.672094473558586,1.0,0.9999999999999984,3.4548262322869366e+24,0.0002062792165632,1.6748300143108405e+28,6.37,5.4235890616749394e+23,42,0.0045173424992489,2.017801434031736e-06,True
M2_scalar_phi_massive,0.1,5.343777930616317,2.371373705661655,12.672094473558586,1.1220184543019633,1.1220184543019625,3.0791171206148054e+24,0.0002062792165632,1.4926938214690909e+28,6.37,4.83377883926971e+23,42,0.0043472673838068,1.941832473987402e-06,True
M2_scalar_phi_massive,0.1,5.343777930616317,2.371373705661655,12.672094473558586,1.2589254117941673,1.2589254117941653,2.744266022371622e+24,0.0002062792165632,1.3303647687307727e+28,6.37,4.308109925230176e+23,42,0.0041835954899265,1.8687236977019263e-06,True
M2_scalar_phi_massive,0.1,5.343777930616317,2.371373705661655,12.672094473558586,1.4125375446227544,1.412537544622753,2.44582966692727e+24,0.0002062792165632,1.1856888481913845e+28,6.37,3.839607012444694e+23,42,0.004026085740327,1.7983674210484013e-06,True
M2_scalar_phi_massive,0.1,5.343777930616317,2.371373705661655,12.672094473558586,1.5848931924611136,1.5848931924611125,2.179847985164276e+24,0.0002062792165632,1.0567462982852917e+28,6.37,3.422053351906242e+23,42,0.0038745061341361,1.730660014139844e-06,True
M2_scalar_phi_massive,0.1,5.343777930616317,2.371373705661655,12.672094473558586,1.7782794100389228,1.7782794100389203,1.9427915617666168e+24,0.0002062792165632,9.418261297161294e+27,6.37,3.0499082602301674e+23,42,0.0037286334051691,1.6655017486896038e-06,True
M2_scalar_phi_massive,0.1,5.343777930616317,2.371373705661655,12.672094473558586,1.9952623149688795,1.9952623149688768,1.7315148020228216e+24,0.0002062792165632,8.39403421668375e+27,6.37,2.718233598151996e+23,42,0.0035882526930733,1.6027966511185522e-06,True
M2_scalar_phi_massive,0.1,5.343777930616317,2.371373705661655,12.672094473558586,2.2387211385683394,2.238721138568338,1.5432141916953063e+24,0.0002062792165632,7.481190870346151e+27,6.37,2.422628244419633e+23,42,0.0034531572268537,1.5424523611926972e-06,True
M2_scalar_phi_massive,0.1,5.343777930616317,2.371373705661655,12.672094473558586,2.51188643150958,2.511886431509578,1.3753910960897514e+24,0.0002062792165632,6.667618381553618e+27,6.37,2.1591696955883065e+23,42,0.0033231480203138,1.484379995983003e-06,True
M2_scalar_phi_massive,0.1,5.343777930616317,2.371373705661655,12.672094473558586,2.8183829312644537,2.8183829312644524,1.2258186046907913e+24,0.0002062792165632,5.942521137677467e+27,6.37,1.924362016783032e+23,42,0.0031980335789625,1.428494018947035e-06,True
M2_scalar_phi_massive,0.1,5.343777930616317,2.371373705661655,12.672094473558586,3.1622776601683795,3.1622776601683764,1.092511981412467e+24,0.0002062792165632,5.296277538834657e+27,6.37,1.7150894527668243e+23,42,0.0030776296179567,1.3747121139396024e-06,True
M2_scalar_phi_massive,0.1,5.343777930616317,2.371373705661655,12.672094473558586,3.548133892335755,3.548133892335751,9.737023283562184e+23,0.0002062792165632,4.720312325103073e+27,6.37,1.5285750837617242e+23,42,0.0029617587906619,1.3229550639668168e-06,True
M2_scalar_phi_massive,0.1,5.343777930616317,2.371373705661655,12.672094473558586,3.9810717055349722,3.981071705534968,8.67813113610492e+23,0.0002062792165632,4.206982788032395e+27,6.37,1.3623439774105052e+23,42,0.0028502504274336,1.2731466345049895e-06,True
M2_scalar_phi_massive,0.1,5.343777930616317,2.371373705661655,12.672094473558586,4.466835921509632,4.466835921509626,7.734392516301175e+23,0.0002062792165632,3.749477356546392e+27,6.37,1.214190347927971e+23,42,0.0027429402842321,1.2252134612124951e-06,True
M2_scalar_phi_massive,0.1,5.343777930616317,2.371373705661655,12.672094473558586,5.011872336272722,5.01187233627272,6.893284586048043e+23,0.0002062792165632,3.341725211533208e+27,6.37,1.0821482866637427e+23,42,0.0026396703007033,1.1790849418692148e-06,True
M2_scalar_phi_massive,0.1,5.343777930616317,2.371373705661655,12.672094473558586,5.623413251903491,5.623413251903486,6.143646354138208e+23,0.0002062792165632,2.978315729764162e+27,6.37,9.644656756888869e+22,42,0.0025402883673663,1.1346931323843929e-06,True
M2_scalar_phi_massive,0.1,5.343777930616317,2.371373705661655,12.672094473558586,6.309573444801933,6.309573444801926,5.475530576687643e+23,0.0002062792165632,2.6544266882108e+27,6.37,8.59580938255517e+22,42,0.0024446481015667,1.0919726467197296e-06,True
M2_scalar_phi_massive,0.1,5.343777930616317,2.371373705661655,12.672094473558586,7.079457843841379,7.079457843841371,4.88007176325287e+23,0.0002062792165632,2.3657602760751267e+27,6.37,7.661023176221146e+22,42,0.0023526086318656,1.0508605605803106e-06,True
M2_scalar_phi_massive,0.1,5.343777930616317,2.371373705661655,12.672094473558586,7.943282347242816,7.943282347242805,4.3493685371591216e+23,0.0002062792165632,2.108486065451505e+27,6.37,6.827894092871462e+22,42,0.0022640343905454,1.0112963187315084e-06,True
M2_scalar_phi_massive,0.1,5.343777930616317,2.371373705661655,12.672094473558586,8.912509381337454,8.912509381337445,3.876378789032463e+23,0.0002062792165632,1.879190183875584e+27,6.37,6.08536701574955e+22,42,0.0021787949139282,9.732216458053482e-07,True
M2_scalar_phi_massive,0.1,5.343777930616317,2.371373705661655,12.672094473558586,10.0,9.999999999999988,3.454826232286937e+23,0.0002062792165632,1.6748300143108405e+27,6.37,5.42358906167494e+22,42,0.0020967646502118,9.365804604649556e-07,True
M2_scalar_phi_massive,0.0999999999999999,5.343777930616317,2.7384196342643614,14.6335064063483,0.1,0.0999999999999999,5.272157449933383e+25,0.0002167241659408,2.432657856610014e+29,6.37,8.276542307587728e+24,44,0.0117034649788087,6.971237307355516e-06,True
M2_scalar_phi_massive,0.0999999999999999,5.343777930616317,2.7384196342643614,14.6335064063483,0.11220184543019636,0.1122018454301962,4.698815273241944e+25,0.0002167241659408,2.168108596862101e+29,6.37,7.376476096141198e+24,44,0.0112628368533846,6.708774589503305e-06,True
M2_scalar_phi_massive,0.0999999999999999,5.343777930616317,2.7384196342643614,14.6335064063483,0.12589254117941673,0.1258925411794166,4.187823520394054e+25,0.0002167241659408,1.9323288209291863e+29,6.37,6.574291240806992e+24,44,0.0108387981008742,6.456193428572085e-06,True
M2_scalar_phi_massive,0.0999999999999999,5.343777930616317,2.7384196342643614,14.6335064063483,0.14125375446227545,0.1412537544622753,3.732401641289765e+25,0.0002167241659408,1.7221898744360118e+29,6.37,5.859343235933697e+24,44,0.0104307241417787,6.213121790133569e-06,True
M2_scalar_phi_massive,0.0999999999999999,5.343777930616317,2.7384196342643614,14.6335064063483,0.15848931924611134,0.1584893192461111,3.3265064642914354e+25,0.0002167241659408,1.5349033412355332e+29,6.37,5.222145155873525e+24,44,0.0100380139116264,5.979201646622655e-06,True
M2_scalar_phi_massive,0.0999999999999999,5.343777930616317,2.7384196342643614,14.6335064063483,0.1778279410038923,0.1778279410038921,2.9647520070077103e+25,0.0002167241659408,1.3679840428207894e+29,6.37,4.654241769242873e+24,44,0.0096600889756464,5.754088449987794e-06,True
M2_scalar_phi_massive,0.0999999999999999,5.343777930616317,2.7384196342643614,14.6335064063483,0.19952623149688797,0.1995262314968877,2.642338007579527e+25,0.0002167241659408,1.2192170615160223e+29,6.37,4.148097343138975e+24,44,0.0092963926767746,5.537450624195761e-06,True
M2_scalar_phi_massive,0.0999999999999999,5.343777930616317,2.7384196342643614,14.6335064063483,0.22387211385683395,0.2238721138568338,2.354986228121705e+25,0.0002167241659408,1.0866283498648235e+29,6.37,3.696995648542708e+24,44,0.0089463893157366,5.328969076843277e-06,True
M2_scalar_phi_massive,0.0999999999999999,5.343777930616317,2.7384196342643614,14.6335064063483,0.251188643150958,0.2511886431509578,2.0988836851055207e+25,0.0002167241659408,9.68458536219748e+28,6.37,3.294950840040064e+24,44,0.0086095633620003,5.128336729156171e-06,True
M2_scalar_phi_massive,0.0999999999999999,5.343777930616317,2.7384196342643614,14.6335064063483,0.28183829312644537,0.281838293126445,1.8706320533839084e+25,0.0002167241659408,8.631395789494844e+28,6.37,2.93662802729028e+24,44,0.008285418694435,4.935258063683767e-06,True
M2_scalar_phi_massive,0.0999999999999999,5.343777930616317,2.7384196342643614,14.6335064063483,0.31622776601683794,0.3162277660168375,1.6672025724814632e+25,0.0002167241659408,7.6927395947909404e+28,6.37,2.6172724842723124e+24,44,0.00797347787056,4.749448689022291e-06,True
M2_scalar_phi_massive,0.0999999999999999,5.343777930616317,2.7384196342643614,14.6335064063483,0.35481338923357547,0.3548133892335751,1.4858958567830978e+25,0.0002167241659408,6.856161380676035e+28,6.37,2.332646556959337e+24,44,0.0076732814233047,4.570634920926183e-06,True
M2_scalar_phi_massive,0.0999999999999999,5.343777930616317,2.7384196342643614,14.6335064063483,0.3981071705534972,0.3981071705534969,1.3243060763269813e+25,0.0002167241659408,6.110560262523871e+28,6.37,2.0789734322244604e+24,44,0.0073843871842461,4.3985533791902894e-06,True
M2_scalar_phi_massive,0.0999999999999999,5.343777930616317,2.7384196342643614,14.6335064063483,0.44668359215096315,0.4466835921509626,1.1802890329026418e+25,0.0002167241659408,5.446042566497187e+28,6.37,1.8528870218251835e+24,44,0.0071063696323252,4.232950599709204e-06,True
M2_scalar_phi_massive,0.0999999999999999,5.343777930616317,2.7384196342643614,14.6335064063483,0.5011872336272722,0.5011872336272719,1.0519337078434508e+25,0.0002167241659408,4.853790546506929e+28,6.37,1.6513872964575366e+24,44,0.0068388192670845,4.073582661142317e-06,True
M2_scalar_phi_massive,0.0999999999999999,5.343777930616317,2.7384196342643614,14.6335064063483,0.5623413251903491,0.5623413251903485,9.37536903969985e+24,0.0002167241659408,4.325945378079006e+28,6.37,1.4718004771899295e+24,44,0.0065813420055021,3.920214825634702e-06,True
M2_scalar_phi_massive,0.0999999999999999,5.343777930616317,2.7384196342643614,14.6335064063483,0.6309573444801932,0.6309573444801929,8.355806451982563e+24,0.0002167241659408,3.8555028765282543e+28,6.37,1.3117435560412187e+24,44,0.006333558601535,3.772621193064629e-06,True
M2_scalar_phi_massive,0.0999999999999999,5.343777930616317,2.7384196342643614,14.6335064063483,0.7079457843841379,0.7079457843841372,7.447120339193462e+24,0.0002167241659408,3.436220555683161e+28,6.37,1.1690926749126314e+24,44,0.0060951040875162,3.6305843683084505e-06,True
M2_scalar_phi_massive,0.0999999999999999,5.343777930616317,2.7384196342643614,14.6335064063483,0.7943282347242815,0.7943282347242805,6.637252988701072e+24,0.0002167241659408,3.062534793887078e+28,6.37,1.041954943281173e+24,44,0.0058656272365828,3.493895141032746e-06,True
M2_scalar_phi_massive,0.0999999999999999,5.343777930616317,2.7384196342643614,14.6335064063483,0.8912509381337456,0.8912509381337445,5.915457952810835e+24,0.0002167241659408,2.729487008119095e+28,6.37,9.286433206924389e+23,44,0.0056447900453431,3.362352177542101e-06,True
M2_scalar_phi_massive,0.0999999999999999,5.343777930616317,2.7384196342643614,14.6335064063483,1.0,0.9999999999999988,5.272157449933384e+24,0.0002167241659408,2.432657856610014e+28,6.37,8.27654230758773e+23,44,0.0054322672360216,3.235761724228618e-06,True
M2_scalar_phi_massive,0.0999999999999999,5.343777930616317,2.7384196342643614,14.6335064063483,1.1220184543019633,1.1220184543019622,4.698815273241944e+24,0.0002167241659408,2.1681085968621014e+28,6.37,7.376476096141198e+23,44,0.0052277457773472,3.1139373221863697e-06,True
M2_scalar_phi_massive,0.0999999999999999,5.343777930616317,2.7384196342643614,14.6335064063483,1.2589254117941673,1.2589254117941666,4.1878235203940537e+24,0.0002167241659408,1.9323288209291864e+28,6.37,6.574291240806992e+23,44,0.0050309244234801,2.996699532570439e-06,True
M2_scalar_phi_massive,0.0999999999999999,5.343777930616317,2.7384196342643614,14.6335064063483,1.4125375446227544,1.412537544622753,3.732401641289764e+24,0.0002167241659408,1.7221898744360115e+28,6.37,5.859343235933696e+23,44,0.0048415132702975,2.883875672296022e-06,True
M2_scalar_phi_massive,0.0999999999999999,5.343777930616317,2.7384196342643614,14.6335064063483,1.5848931924611136,1.5848931924611134,3.3265064642914344e+24,0.0002167241659408,1.5349033412355328e+28,6.37,5.222145155873523e+23,44,0.0046592333283854,2.775299559688285e-06,True
M2_scalar_phi_massive,0.0999999999999999,5.343777930616317,2.7384196342643614,14.6335064063483,1.7782794100389228,1.7782794100389208,2.964752007007711e+24,0.0002167241659408,1.3679840428207897e+28,6.37,4.654241769242874e+23,44,0.0044838161121066,2.670811269708361e-06,True
M2_scalar_phi_massive,0.0999999999999999,5.343777930616317,2.7384196342643614,14.6335064063483,1.9952623149688795,1.9952623149688768,2.6423380075795266e+24,0.0002167241659408,1.2192170615160223e+28,6.37,4.1480973431389743e+23,44,0.0043150032441396,2.570256898394916e-06,True
M2_scalar_phi_massive,0.0999999999999999,5.343777930616317,2.7384196342643614,14.6335064063483,2.2387211385683394,2.2387211385683385,2.354986228121705e+24,0.0002167241659408,1.0866283498648235e+28,6.37,3.696995648542708e+23,44,0.0041525460749075,2.473488336174355e-06,True
M2_scalar_phi_massive,0.0999999999999999,5.343777930616317,2.7384196342643614,14.6335064063483,2.51188643150958,2.511886431509577,2.09888368510552e+24,0.0002167241659408,9.684585362197476e+27,6.37,3.294950840040063e+23,44,0.0039962053163342,2.3803630497057565e-06,True
M2_scalar_phi_massive,0.0999999999999999,5.343777930616317,2.7384196342643614,14.6335064063483,2.8183829312644537,2.8183829312644524,1.8706320533839075e+24,0.0002167241659408,8.63139578949484e+27,6.37,2.9366280272902786e+23,44,0.0038457506893896,2.2907438719391994e-06,True
M2_scalar_phi_massive,0.0999999999999999,5.343777930616317,2.7384196342643614,14.6335064063483,3.1622776601683795,3.1622776601683764,1.667202572481463e+24,0.0002167241659408,7.69273959479094e+27,6.37,2.6172724842723123e+23,44,0.0037009605849049,2.2044988000782715e-06,True
M2_scalar_phi_massive,0.0999999999999999,5.343777930616317,2.7384196342643614,14.6335064063483,3.548133892335755,3.548133892335751,1.4858958567830978e+24,0.0002167241659408,6.856161380676033e+27,6.37,2.332646556959337e+23,44,0.0035616217371579,2.1215008011491597e-06,True
M2_scalar_phi_massive,0.0999999999999999,5.343777930616317,2.7384196342643614,14.6335064063483,3.9810717055349722,3.9810717055349687,1.3243060763269814e+24,0.0002167241659408,6.110560262523871e+27,6.37,2.0789734322244607e+23,44,0.003427528909747,2.04162762488994e-06,True
M2_scalar_phi_massive,0.0999999999999999,5.343777930616317,2.7384196342643614,14.6335064063483,4.466835921509632,4.466835921509629,1.1802890329026416e+24,0.0002167241659408,5.446042566497185e+27,6.37,1.852887021825183e+23,44,0.0032984845932925,1.9647616236844755e-06,True
M2_scalar_phi_massive,0.0999999999999999,5.343777930616317,2.7384196342643614,14.6335064063483,5.011872336272722,5.011872336272719,1.0519337078434505e+24,0.0002167241659408,4.853790546506928e+27,6.37,1.651387296457536e+23,44,0.0031742987145195,1.8907895792756808e-06,True
M2_scalar_phi_massive,0.0999999999999999,5.343777930616317,2.7384196342643614,14.6335064063483,5.623413251903491,5.623413251903484,9.375369039699848e+23,0.0002167241659408,4.325945378079006e+27,6.37,1.4718004771899292e+23,44,0.0030547883562925,1.8196025360029297e-06,True
M2_scalar_phi_massive,0.0999999999999999,5.343777930616317,2.7384196342643614,14.6335064063483,6.309573444801933,6.309573444801927,8.355806451982563e+23,0.0002167241659408,3.855502876528254e+27,6.37,1.3117435560412188e+23,44,0.0029397774881917,1.75109564031797e-06,True
M2_scalar_phi_massive,0.0999999999999999,5.343777930616317,2.7384196342643614,14.6335064063483,7.079457843841379,7.079457843841374,7.447120339193463e+23,0.0002167241659408,3.436220555683161e+27,6.37,1.1690926749126316e+23,44,0.0028290967072323,1.6851679863429606e-06,True
M2_scalar_phi_massive,0.0999999999999999,5.343777930616317,2.7384196342643614,14.6335064063483,7.943282347242816,7.94328234724281,6.63725298870107e+23,0.0002167241659408,3.062534793887077e+27,6.37,1.0419549432811726e+23,44,0.0027225829883457,1.6217224672431537e-06,True
M2_scalar_phi_massive,0.0999999999999999,5.343777930616317,2.7384196342643614,14.6335064063483,8.912509381337454,8.91250938133745,5.915457952810834e+23,0.0002167241659408,2.729487008119094e+27,6.37,9.286433206924386e+22,44,0.0026200794442553,1.5606656321953025e-06,True
M2_scalar_phi_massive,0.0999999999999999,5.343777930616317,2.7384196342643614,14.6335064063483,10.0,9.999999999999986,5.272157449933384e+23,0.0002167241659408,2.432657856610014e+27,6.37,8.27654230758773e+22,44,0.0025214350943918,1.5019075487411187e-06,True
M2_scalar_phi_massive,0.1,5.343777930616317,3.1622776601683795,16.89850957088879,0.1,0.0999999999999999,9.439583332667802e+25,0.0002278414129313,4.143049857011767e+29,6.37,1.481881213919592e+25,46,0.0140714421546648,1.1177225595066846e-05,True
M2_scalar_phi_massive,0.1,5.343777930616317,3.1622776601683795,16.89850957088879,0.11220184543019636,0.1122018454301962,8.413037500831847e+25,0.0002278414129313,3.692497071796617e+29,6.37,1.32072802210861e+25,46,0.0135416611718661,1.075641005280533e-05,True
M2_scalar_phi_massive,0.1,5.343777930616317,3.1622776601683795,16.89850957088879,0.12589254117941673,0.1258925411794166,7.498127565170765e+25,0.0002278414129313,3.290941479294844e+29,6.37,1.177100088723825e+25,46,0.013031826111216,1.0351437952111906e-05,True
M2_scalar_phi_massive,0.1,5.343777930616317,3.1622776601683795,16.89850957088879,0.14125375446227545,0.1412537544622754,6.682713226704941e+25,0.0002278414129313,2.933054680764786e+29,6.37,1.049091558352424e+25,46,0.0125411860212397,9.96171279733584e-06,True
M2_scalar_phi_massive,0.1,5.343777930616317,3.1622776601683795,16.89850957088879,0.15848931924611134,0.1584893192461113,5.95597443257957e+25,0.0002278414129313,2.6140877358291893e+29,6.37,9.350038355697912e+24,46,0.012069018223315,9.586660550514004e-06,True
M2_scalar_phi_massive,0.1,5.343777930616317,3.1622776601683795,16.89850957088879,0.1778279410038923,0.1778279410038921,5.308267800537144e+25,0.0002278414129313,2.3298081469216832e+29,6.37,8.333230456102266e+24,46,0.0116146272472171,9.225728785852993e-06,True
M2_scalar_phi_massive,0.1,5.343777930616317,3.1622776601683795,16.89850957088879,0.19952623149688797,0.1995262314968879,4.730998657093883e+25,0.0002278414129313,2.076443696615593e+29,6.37,7.426999461685844e+24,46,0.0111773438067397,8.878385876044507e-06,True
M2_scalar_phi_massive,0.1,5.343777930616317,3.1622776601683795,16.89850957088879,0.22387211385683395,0.2238721138568337,4.216506991444413e+25,0.0002278414129313,1.85063239259055e+29,6.37,6.619320237746331e+24,46,0.0107565238138827,8.544120209215374e-06,True
M2_scalar_phi_massive,0.1,5.343777930616317,3.1622776601683795,16.89850957088879,0.251188643150958,0.251188643150958,3.757965811772331e+25,0.0002278414129313,1.649377856037026e+29,6.37,5.899475371699107e+24,46,0.010351547430156,8.222439435358981e-06,True
M2_scalar_phi_massive,0.1,5.343777930616317,3.1622776601683795,16.89850957088879,0.28183829312644537,0.2818382931264452,3.3492905552166324e+25,0.0002278414129313,1.4700095615300256e+29,6.37,5.257912959523755e+24,46,0.0099618181536002,7.912869741138062e-06,True
M2_scalar_phi_massive,0.1,5.343777930616317,3.1622776601683795,16.89850957088879,0.31622776601683794,0.3162277660168376,2.985058349419317e+25,0.0002278414129313,1.310147400779211e+29,6.37,4.686119857801126e+24,46,0.009586761940181,7.614955151990697e-06,True
M2_scalar_phi_massive,0.1,5.343777930616317,3.1622776601683795,16.89850957088879,0.35481338923357547,0.3548133892335753,2.660436054303936e+25,0.0002278414129313,1.16767010003796e+29,6.37,4.176508719472427e+24,46,0.0092258263582625,7.328256860511599e-06,True
M2_scalar_phi_massive,0.1,5.343777930616317,3.1622776601683795,16.89850957088879,0.3981071705534972,0.3981071705534971,2.3711161292432237e+25,0.0002278414129313,1.0406870720895562e+29,6.37,3.7223173143535686e+24,46,0.0088784797749139,7.052352580119426e-06,True
M2_scalar_phi_massive,0.1,5.343777930616317,3.1622776601683795,16.89850957088879,0.44668359215096315,0.4466835921509631,2.1132594746120785e+25,0.0002278414129313,9.27513329303478e+28,6.37,3.3175187984491026e+24,46,0.0085442105728512,6.786835923058106e-06,True
M2_scalar_phi_massive,0.1,5.343777930616317,3.1622776601683795,16.89850957088879,0.5011872336272722,0.5011872336272721,1.8834444892680409e+25,0.0002278414129313,8.266471248732784e+28,6.37,2.956741741394099e+24,46,0.0082225263968605,6.531315801816019e-06,True
M2_scalar_phi_massive,0.1,5.343777930616317,3.1622776601683795,16.89850957088879,0.5623413251903491,0.5623413251903489,1.678621667982975e+25,0.0002278414129313,7.367500255488729e+28,6.37,2.6351988508366954e+24,46,0.0079129534285935,6.285415853081379e-06,True
M2_scalar_phi_massive,0.1,5.343777930616317,3.1622776601683795,16.89850957088879,0.6309573444801932,0.6309573444801932,1.4960731363614587e+25,0.0002278414129313,6.566291514404938e+28,6.37,2.3486234479771723e+24,46,0.0076150356886659,6.048773883385342e-06,True
M2_scalar_phi_massive,0.1,5.343777930616317,3.1622776601683795,16.89850957088879,0.7079457843841379,0.7079457843841377,1.333376586298845e+25,0.0002278414129313,5.852213472273054e+28,6.37,2.0932128513325668e+24,46,0.0073283343650314,5.821041335616283e-06,True
M2_scalar_phi_massive,0.1,5.343777930616317,3.1622776601683795,16.89850957088879,0.7943282347242815,0.7943282347242813,1.188373133424417e+25,0.0002278414129313,5.215790747322305e+28,6.37,1.8655779174637628e+24,46,0.0070524271666426,5.601882775619497e-06,True
M2_scalar_phi_massive,0.1,5.343777930616317,3.1622776601683795,16.89850957088879,0.8912509381337456,0.8912509381337451,1.0591386700174504e+25,0.0002278414129313,4.648578396660314e+28,6.37,1.6626980691011778e+24,46,0.0067869077014454,5.3909753981260856e-06,True
M2_scalar_phi_massive,0.1,5.343777930616317,3.1622776601683795,16.89850957088879,1.0,0.9999999999999992,9.439583332667804e+24,0.0002278414129313,4.143049857011767e+28,6.37,1.4818812139195922e+24,46,0.006531384877792,5.188008551283324e-06,True
M2_scalar_phi_massive,0.1,5.343777930616317,3.1622776601683795,16.89850957088879,1.1220184543019633,1.122018454301963,8.413037500831846e+24,0.0002278414129313,3.6924970717966177e+28,6.37,1.32072802210861e+24,46,0.0062854823283901,4.992683279086147e-06,True
M2_scalar_phi_massive,0.1,5.343777930616317,3.1622776601683795,16.89850957088879,1.2589254117941673,1.2589254117941673,7.498127565170764e+24,0.0002278414129313,3.2909414792948437e+28,6.37,1.1771000887238249e+24,46,0.0060488378559404,4.804711881035816e-06,True
M2_scalar_phi_massive,0.1,5.343777930616317,3.1622776601683795,16.89850957088879,1.4125375446227544,1.412537544622753,6.682713226704939e+24,0.0002278414129313,2.933054680764785e+28,6.37,1.0490915583524236e+24,46,0.0058211028996447,4.623817488377156e-06,True
M2_scalar_phi_massive,0.1,5.343777930616317,3.1622776601683795,16.89850957088879,1.5848931924611136,1.5848931924611138,5.955974432579567e+24,0.0002278414129313,2.6140877358291883e+28,6.37,9.350038355697908e+23,46,0.0056019420218008,4.449733656290193e-06,True
M2_scalar_phi_massive,0.1,5.343777930616317,3.1622776601683795,16.89850957088879,1.7782794100389228,1.7782794100389228,5.308267800537144e+24,0.0002278414129313,2.329808146921684e+28,6.37,8.333230456102267e+23,46,0.0053910324137257,4.282203971435524e-06,True
M2_scalar_phi_massive,0.1,5.343777930616317,3.1622776601683795,16.89850957088879,1.9952623149688795,1.995262314968877,4.730998657093883e+24,0.0002278414129313,2.0764436966155936e+28,6.37,7.426999461685845e+23,46,0.0051880634202814,4.12098167427536e-06,True
M2_scalar_phi_massive,0.1,5.343777930616317,3.1622776601683795,16.89850957088879,2.2387211385683394,2.2387211385683385,4.216506991444413e+24,0.0002278414129313,1.85063239259055e+28,6.37,6.619320237746332e+23,46,0.0049927360823008,3.965829295613935e-06,True
M2_scalar_phi_massive,0.1,5.343777930616317,3.1622776601683795,16.89850957088879,2.51188643150958,2.511886431509578,3.7579658117723294e+24,0.0002278414129313,1.6493778560370254e+28,6.37,5.899475371699104e+23,46,0.0048047626962425,3.8165183068219615e-06,True
M2_scalar_phi_massive,0.1,5.343777930616317,3.1622776601683795,16.89850957088879,2.8183829312644537,2.8183829312644564,3.349290555216631e+24,0.0002278414129313,1.470009561530025e+28,6.37,5.2579129595237536e+23,46,0.0046238663904231,3.672828783229888e-06,True
M2_scalar_phi_massive,0.1,5.343777930616317,3.1622776601683795,16.89850957088879,3.1622776601683795,3.162277660168378,2.985058349419317e+24,0.0002278414129313,1.310147400779211e+28,6.37,4.6861198578011256e+23,46,0.0044497807172048,3.534549080194212e-06,True
M2_scalar_phi_massive,0.1,5.343777930616317,3.1622776601683795,16.89850957088879,3.548133892335755,3.548133892335752,2.660436054303936e+24,0.0002278414129313,1.16767010003796e+28,6.37,4.1765087194724266e+23,46,0.0042822492605361,3.401475521359687e-06,True
M2_scalar_phi_massive,0.1,5.343777930616317,3.1622776601683795,16.89850957088879,3.9810717055349722,3.98107170553497,2.3711161292432236e+24,0.0002278414129313,1.0406870720895562e+28,6.37,3.722317314353569e+23,46,0.0041210252582697,3.27341209865826e-06,True
M2_scalar_phi_massive,0.1,5.343777930616317,3.1622776601683795,16.89850957088879,4.466835921509632,4.466835921509629,2.1132594746120775e+24,0.0002278414129313,9.275133293034778e+27,6.37,3.317518798449102e+23,46,0.0039658712386982,3.150170183602858e-06,True
M2_scalar_phi_massive,0.1,5.343777930616317,3.1622776601683795,16.89850957088879,5.011872336272722,5.011872336272723,1.8834444892680405e+24,0.0002278414129313,8.266471248732782e+27,6.37,2.956741741394098e+23,46,0.0038165586707754,3.0315682494507925e-06,True
M2_scalar_phi_massive,0.1,5.343777930616317,3.1622776601683795,16.89850957088879,5.623413251903491,5.623413251903489,1.6786216679829747e+24,0.0002278414129313,7.367500255488729e+27,6.37,2.635198850836695e+23,46,0.0036728676275057,2.917431603827528e-06,True
M2_scalar_phi_massive,0.1,5.343777930616317,3.1622776601683795,16.89850957088879,6.309573444801933,6.309573444801929,1.496073136361459e+24,0.0002278414129313,6.566291514404939e+27,6.37,2.3486234479771723e+23,46,0.0035345864620074,2.807592131417001e-06,True
M2_scalar_phi_massive,0.1,5.343777930616317,3.1622776601683795,16.89850957088879,7.079457843841379,7.0794578438413724,1.3333765862988452e+24,0.0002278414129313,5.852213472273054e+27,6.37,2.093212851332567e+23,46,0.003401511495771,2.7018880463394954e-06,True
M2_scalar_phi_massive,0.1,5.343777930616317,3.1622776601683795,16.89850957088879,7.943282347242816,7.94328234724281,1.1883731334244168e+24,0.0002278414129313,5.215790747322304e+27,6.37,1.8655779174637623e+23,46,0.0032734467186555,2.6001636538523213e-06,True
M2_scalar_phi_massive,0.1,5.343777930616317,3.1622776601683795,16.89850957088879,8.912509381337454,8.912509381337452,1.05913867001745e+24,0.0002278414129313,4.648578396660312e+27,6.37,1.6626980691011775e+23,46,0.0031502035001789,2.5022691210223247e-06,True
M2_scalar_phi_massive,0.1,5.343777930616317,3.1622776601683795,16.89850957088879,10.0,9.99999999999999,9.439583332667805e+23,0.0002278414129313,4.143049857011768e+27,6.37,1.4818812139195924e+23,46,0.0030316003116786,2.4080602560324288e-06,True
M2_scalar_phi_massive,0.1,5.343777930616317,3.651741272548377,19.51409442056476,0.1,0.0999999999999998,2.0993656243344338e+26,0.0002396901606979,8.758664178041472e+29,6.37,3.2957074165375724e+25,48,0.016915519558809,1.7917637606902387e-05,True
M2_scalar_phi_massive,0.1,5.343777930616317,3.651741272548377,19.51409442056476,0.11220184543019636,0.1122018454301962,1.8710615821738003e+26,0.0002396901606979,7.806167665477893e+29,6.37,2.937302326803454e+25,48,0.016278660843269,1.724304977457646e-05,True
M2_scalar_phi_massive,0.1,5.343777930616317,3.651741272548377,19.51409442056476,0.12589254117941673,0.1258925411794166,1.66758539041841e+26,0.0002396901606979,6.957254255086484e+29,6.37,2.617873454346012e+25,48,0.0156657794594419,1.6593859751577076e-05,True
M2_scalar_phi_massive,0.1,5.343777930616317,3.651741272548377,19.51409442056476,0.14125375446227545,0.1412537544622752,1.486237043628536e+26,0.0002396901606979,6.2006593816808206e+29,6.37,2.3331821721013125e+25,48,0.0150759726758083,1.5969111326292232e-05,True
M2_scalar_phi_massive,0.1,5.343777930616317,3.651741272548377,19.51409442056476,0.15848931924611134,0.1584893192461111,1.3246101594230574e+26,0.0002396901606979,5.5263434909708426e+29,6.37,2.079450799722225e+25,48,0.0145083717481246,1.536788428787814e-05,True
M2_scalar_phi_massive,0.1,5.343777930616317,3.651741272548377,19.51409442056476,0.1778279410038923,0.177827941003892,1.18056004724729e+26,0.0002396901606979,4.9253588207770815e+29,6.37,1.8533124760554003e+25,48,0.013962140639824,1.478929307085287e-05,True
M2_scalar_phi_massive,0.1,5.343777930616317,3.651741272548377,19.51409442056476,0.19952623149688797,0.1995262314968875,1.052175249632366e+26,0.0002396901606979,4.389730669662892e+29,6.37,1.6517664829393503e+25,48,0.0134364747905928,1.4232485450720174e-05,True
M2_scalar_phi_massive,0.1,5.343777930616317,3.651741272548377,19.51409442056476,0.22387211385683395,0.2238721138568337,9.37752178315954e+25,0.0002396901606979,3.912351577491528e+29,6.37,1.4721384274975732e+25,48,0.0129305999313091,1.3696641288702238e-05,True
M2_scalar_phi_massive,0.1,5.343777930616317,3.651741272548377,19.51409442056476,0.251188643150958,0.2511886431509576,8.357725086610577e+25,0.0002396901606979,3.486887013748364e+29,6.37,1.3120447545699493e+25,48,0.0124437709435984,1.3180971323732523e-05,True
M2_scalar_phi_massive,0.1,5.343777930616317,3.651741272548377,19.51409442056476,0.28183829312644537,0.2818382931264448,7.448830324105616e+25,0.0002396901606979,3.107691322169604e+29,6.37,1.1693611183839272e+25,48,0.0119752707623263,1.2684716009929238e-05,True
M2_scalar_phi_massive,0.1,5.343777930616317,3.651741272548377,19.51409442056476,0.31622776601683794,0.3162277660168375,6.638777014358222e+25,0.0002396901606979,2.769732806313759e+29,6.37,1.042194193776801e+25,48,0.0115244093194114,1.2207144397837265e-05,True
M2_scalar_phi_massive,0.1,5.343777930616317,3.651741272548377,19.51409442056476,0.35481338923357547,0.3548133892335749,5.916816242107511e+25,0.0002396901606979,2.468526962006949e+29,6.37,9.288565529211164e+24,48,0.0110905225274035,1.1747553057790607e-05,True
M2_scalar_phi_massive,0.1,5.343777930616317,3.651741272548377,19.51409442056476,0.3981071705534972,0.3981071705534968,5.273368026543302e+25,0.0002396901606979,2.200076970697138e+29,6.37,8.27844274182622e+24,48,0.0106729713013289,1.1305265043809572e-05,True
M2_scalar_phi_massive,0.1,5.343777930616317,3.651741272548377,19.51409442056476,0.44668359215096315,0.4466835921509628,4.699894200781216e+25,0.0002396901606979,1.960820664100273e+29,6.37,7.378169859939115e+24,48,0.0102711406173627,1.0879628896506558e-05,True
M2_scalar_phi_massive,0.1,5.343777930616317,3.651741272548377,19.51409442056476,0.5011872336272722,0.5011872336272716,4.188785115575609e+25,0.0002396901606979,1.7475832563914025e+29,6.37,6.575800809380862e+24,48,0.0098844386069418,1.0470017683531834e-05,True
M2_scalar_phi_massive,0.1,5.343777930616317,3.651741272548377,19.51409442056476,0.5623413251903491,0.562341325190348,3.733258663897432e+25,0.0002396901606979,1.5575352167256637e+29,6.37,5.860688640341337e+24,48,0.0095122956849839,1.0075828076145923e-05,True
M2_scalar_phi_massive,0.1,5.343777930616317,3.651741272548377,19.51409442056476,0.6309573444801932,0.6309573444801924,3.3272702864945187e+25,0.0002396901606979,1.3881547230830945e+29,6.37,5.223344248814001e+24,48,0.0091541637109281,9.696479460558477e-06,True
M2_scalar_phi_massive,0.1,5.343777930616317,3.651741272548377,19.51409442056476,0.7079457843841379,0.7079457843841371,2.9654327642627765e+25,0.0002396901606979,1.2371941992225975e+29,6.37,4.655310461950984e+24,48,0.0088095151813623,9.33141308272465e-06,True
M2_scalar_phi_massive,0.1,5.343777930616317,3.651741272548377,19.51409442056476,0.7943282347242815,0.7943282347242802,2.642944733121746e+25,0.0002396901606979,1.1026504907107685e+29,6.37,4.149049816517654e+24,48,0.0084778424530475,8.980091225339386e-06,True
M2_scalar_phi_massive,0.1,5.343777930616317,3.651741272548377,19.51409442056476,0.8912509381337456,0.8912509381337443,2.3555269728303974e+25,0.0002396901606979,9.82738284279607e+28,6.37,3.697844541335004e+24,48,0.0081586569951946,8.641996415817337e-06,True
M2_scalar_phi_massive,0.1,5.343777930616317,3.651741272548377,19.51409442056476,1.0,0.9999999999999984,2.099365624334434e+25,0.0002396901606979,8.758664178041473e+28,6.37,3.2957074165375727e+24,48,0.0078514886698926,8.31663066409185e-06,True
M2_scalar_phi_massive,0.1,5.343777930616317,3.651741272548377,19.51409442056476,1.1220184543019633,1.1220184543019616,1.8710615821738005e+25,0.0002396901606979,7.806167665477893e+28,6.37,2.937302326803454e+24,48,0.0075558850396287,8.003514729110346e-06,True
M2_scalar_phi_massive,0.1,5.343777930616317,3.651741272548377,19.51409442056476,1.2589254117941673,1.2589254117941662,1.6675853904184097e+25,0.0002396901606979,6.957254255086482e+28,6.37,2.617873454346012e+24,48,0.0072714107008786,7.702187412945668e-06,True
M2_scalar_phi_massive,0.1,5.343777930616317,3.651741272548377,19.51409442056476,1.4125375446227544,1.4125375446227524,1.4862370436285356e+25,0.0002396901606979,6.200659381680819e+28,6.37,2.333182172101312e+24,48,0.0069976466427883,7.412204881483736e-06,True
M2_scalar_phi_massive,0.1,5.343777930616317,3.651741272548377,19.51409442056476,1.5848931924611136,1.5848931924611114,1.324610159423057e+25,0.0002396901606979,5.526343490970841e+28,6.37,2.0794507997222243e+24,48,0.0067341896299998,7.133140010686844e-06,True
M2_scalar_phi_massive,0.1,5.343777930616317,3.651741272548377,19.51409442056476,1.7782794100389228,1.7782794100389194,1.18056004724729e+25,0.0002396901606979,4.925358820777082e+28,6.37,1.8533124760554005e+24,48,0.0064806516087138,6.8645817574697536e-06,True
M2_scalar_phi_massive,0.1,5.343777930616317,3.651741272548377,19.51409442056476,1.9952623149688795,1.9952623149688764,1.052175249632366e+25,0.0002396901606979,4.389730669662892e+28,6.37,1.6517664829393502e+24,48,0.0062366591351135,6.6061345542619084e-06,True
M2_scalar_phi_massive,0.1,5.343777930616317,3.651741272548377,19.51409442056476,2.2387211385683394,2.238721138568337,9.377521783159542e+24,0.0002396901606979,3.9123515774915273e+28,6.37,1.4721384274975734e+24,48,0.0060018528253078,6.357417726364004e-06,True
M2_scalar_phi_massive,0.1,5.343777930616317,3.651741272548377,19.51409442056476,2.51188643150958,2.5118864315095766,8.357725086610574e+24,0.0002396901606979,3.4868870137483624e+28,6.37,1.3120447545699487e+24,48,0.0057758868259841,6.118064931240713e-06,True
M2_scalar_phi_massive,0.1,5.343777930616317,3.651741272548377,19.51409442056476,2.8183829312644537,2.818382931264451,7.448830324105613e+24,0.0002396901606979,3.107691322169602e+28,6.37,1.1693611183839269e+24,48,0.0055584283049903,5.887723618923679e-06,True
M2_scalar_phi_massive,0.1,5.343777930616317,3.651741272548377,19.51409442056476,3.1622776601683795,3.162277660168375,6.638777014358222e+24,0.0002396901606979,2.7697328063137587e+28,6.37,1.0421941937768008e+24,48,0.0053491569610963,5.666054512730025e-06,True
M2_scalar_phi_massive,0.1,5.343777930616317,3.651741272548377,19.51409442056476,3.548133892335755,3.5481338923357475,5.916816242107511e+24,0.0002396901606979,2.468526962006949e+28,6.37,9.288565529211164e+23,48,0.0051477645522127,5.452731109531455e-06,True
M2_scalar_phi_massive,0.1,5.343777930616317,3.651741272548377,19.51409442056476,3.9810717055349722,3.981071705534968,5.273368026543302e+24,0.0002396901606979,2.2000769706971383e+28,6.37,8.27844274182622e+23,48,0.0049539544413718,5.24743919883794e-06,True
M2_scalar_phi_massive,0.1,5.343777930616317,3.651741272548377,19.51409442056476,4.466835921509632,4.466835921509625,4.699894200781215e+24,0.0002396901606979,1.960820664100273e+28,6.37,7.378169859939112e+23,48,0.0047674411598017,5.049876399987575e-06,True
M2_scalar_phi_massive,0.1,5.343777930616317,3.651741272548377,19.51409442056476,5.011872336272722,5.011872336272716,4.188785115575608e+24,0.0002396901606979,1.7475832563914025e+28,6.37,6.57580080938086e+23,48,0.0045879499864512,4.859751716760968e-06,True
M2_scalar_phi_massive,0.1,5.343777930616317,3.651741272548377,19.51409442056476,5.623413251903491,5.62341325190348,3.733258663897432e+24,0.0002396901606979,1.5575352167256636e+28,6.37,5.860688640341337e+23,48,0.0044152165433444,4.676785108764105e-06,True
M2_scalar_phi_massive,0.1,5.343777930616317,3.651741272548377,19.51409442056476,6.309573444801933,6.3095734448019245,3.32727028649452e+24,0.0002396901606979,1.3881547230830945e+28,6.37,5.223344248814002e+23,48,0.0042489864061707,4.5007070789483885e-06,True
M2_scalar_phi_massive,0.1,5.343777930616317,3.651741272548377,19.51409442056476,7.079457843841379,7.079457843841368,2.965432764262776e+24,0.0002396901606979,1.2371941992225974e+28,6.37,4.655310461950983e+23,48,0.0040890147295353,4.331258276660294e-06,True
M2_scalar_phi_massive,0.1,5.343777930616317,3.651741272548377,19.51409442056476,7.943282347242816,7.943282347242808,2.642944733121745e+24,0.0002396901606979,1.102650490710768e+28,6.37,4.149049816517653e+23,48,0.0039350658863193,4.1681891156359385e-06,True
M2_scalar_phi_massive,0.1,5.343777930616317,3.651741272548377,19.51409442056476,8.912509381337454,8.912509381337445,2.3555269728303968e+24,0.0002396901606979,9.827382842796066e+27,6.37,3.697844541335003e+23,48,0.0037869131206172,4.0112594063779405e-06,True
M2_scalar_phi_massive,0.1,5.343777930616317,3.651741272548377,19.51409442056476,10.0,9.999999999999986,2.099365624334434e+24,0.0002396901606979,8.758664178041473e+27,6.37,3.2957074165375726e+23,48,0.0036443382137411,3.860238002373037e-06,True
M2_scalar_phi_massive,0.1,5.343777930616317,4.216965034285822,22.53452468439725,0.1,0.0999999999999998,5.459164012043968e+26,0.0004437156420638,1.2303294034556476e+30,6.37,8.57011618845207e+25,70,0.020330635138064,2.871748171902532e-05,True
M2_scalar_phi_massive,0.1,5.343777930616317,4.216965034285822,22.53452468439725,0.11220184543019636,0.1122018454301962,4.865485047160168e+26,0.0004437156420638,1.0965322350433772e+30,6.37,7.638124092873105e+25,70,0.0195651994601868,2.7636286520879672e-05,True
M2_scalar_phi_massive,0.1,5.343777930616317,4.216965034285822,22.53452468439725,0.12589254117941673,0.1258925411794165,4.3363681127572114e+26,0.0004437156420638,9.772853831763028e+29,6.37,6.80748526335512e+25,70,0.0188285819561143,2.6595797644685608e-05,True
M2_scalar_phi_massive,0.1,5.343777930616317,4.216965034285822,22.53452468439725,0.14125375446227545,0.1412537544622752,3.864792148588124e+26,0.0004437156420638,8.710065145802767e+29,6.37,6.067177627296898e+25,70,0.0181196976396544,2.559448252292e-05,True
M2_scalar_phi_massive,0.1,5.343777930616317,4.216965034285822,22.53452468439725,0.15848931924611134,0.1584893192461111,3.4444996281211e+26,0.0004437156420638,7.762853732402757e+29,6.37,5.407377752152433e+25,70,0.0174375023736654,2.4630866288267e-05,True
M2_scalar_phi_massive,0.1,5.343777930616317,4.216965034285822,22.53452468439725,0.1778279410038923,0.177827941003892,3.069913524964268e+26,0.0004437156420638,6.918650671599004e+29,6.37,4.8193304944494e+25,70,0.016780991332115,2.3703529601241303e-05,True
M2_scalar_phi_massive,0.1,5.343777930616317,4.216965034285822,22.53452468439725,0.19952623149688797,0.1995262314968878,2.736063309113877e+26,0.0004437156420638,6.166253901682281e+29,6.37,4.295232824354595e+25,70,0.0161491975200418,2.2811106559600206e-05,True
M2_scalar_phi_massive,0.1,5.343777930616317,4.216965034285822,22.53452468439725,0.22387211385683395,0.2238721138568337,2.438518991041063e+26,0.0004437156420638,5.495679574645201e+29,6.37,3.82813028420889e+25,70,0.0155411903492387,2.1952282686464805e-05,True
M2_scalar_phi_massive,0.1,5.343777930616317,4.216965034285822,22.53452468439725,0.251188643150958,0.2511886431509577,2.1733323384223026e+26,0.0004437156420638,4.898029576585e+29,6.37,3.4118247070993754e+25,70,0.0149560742675618,2.112579299418732e-05,True
M2_scalar_phi_massive,0.1,5.343777930616317,4.216965034285822,22.53452468439725,0.28183829312644537,0.2818382931264449,1.936984485495284e+26,0.0004437156420638,4.365373455138214e+29,6.37,3.0407919709502103e+25,70,0.0143929874398444,2.033042012111252e-05,True
M2_scalar_phi_massive,0.1,5.343777930616317,4.216965034285822,22.53452468439725,0.31622776601683794,0.3162277660168375,1.726339239848182e+26,0.0004437156420638,3.890643187196083e+29,6.37,2.710108696778936e+25,70,0.0138511004784741,1.956499253848894e-05,True
M2_scalar_phi_massive,0.1,5.343777930616317,4.216965034285822,22.53452468439725,0.35481338923357547,0.354813389233575,1.5386014670517895e+26,0.0004437156420638,3.467539390532175e+29,6.37,2.415386918448649e+25,70,0.0133296152217624,1.882838282488876e-05,True
M2_scalar_phi_massive,0.1,5.343777930616317,4.216965034285822,22.53452468439725,0.3981071705534972,0.3981071705534966,1.3712800009238644e+26,0.0004437156420638,3.0904477348275165e+29,6.37,2.152715857023335e+25,70,0.0128277635583085,1.811950600559471e-05,True
M2_scalar_phi_massive,0.1,5.343777930616317,4.216965034285822,22.53452468439725,0.44668359215096315,0.4466835921509625,1.2221545872674376e+26,0.0004437156420638,2.754364442918333e+29,6.37,1.9186100271074372e+25,70,0.0123448062956248,1.7437317954507997e-05,True
M2_scalar_phi_massive,0.1,5.343777930616317,4.216965034285822,22.53452468439725,0.5011872336272722,0.5011872336272716,1.0892464224465643e+26,0.0004437156420638,2.454829893713196e+29,6.37,1.7099629865723144e+25,70,0.0118800320713576,1.678081385622341e-05,True
M2_scalar_phi_massive,0.1,5.343777930616317,4.216965034285822,22.53452468439725,0.5623413251903491,0.5623413251903485,9.707918958643269e+25,0.0004437156420638,2.1878694457306488e+29,6.37,1.5240061159565568e+25,70,0.0114327563055003,1.6149026726006324e-05,True
M2_scalar_phi_massive,0.1,5.343777930616317,4.216965034285822,22.53452468439725,0.6309573444801932,0.6309573444801923,8.652191879217184e+25,0.0004437156420638,1.949940696021598e+29,6.37,1.3582718805678468e+25,70,0.0110023201920549,1.5541025985491657e-05,True
M2_scalar_phi_massive,0.1,5.343777930616317,4.216965034285822,22.53452468439725,0.7079457843841379,0.7079457843841371,7.7112741292654895e+25,0.0004437156420638,1.7378864746344182e+29,6.37,1.21056108779678e+25,70,0.0105880897286564,1.4955916092006873e-05,True
M2_scalar_phi_massive,0.1,5.343777930616317,4.216965034285822,22.53452468439725,0.7943282347242815,0.7943282347242805,6.872680301914351e+25,0.0004437156420638,1.5488929508878731e+29,6.37,1.078913705167088e+25,70,0.0101894547827317,1.4392835219500063e-05,True
M2_scalar_phi_massive,0.1,5.343777930616317,4.216965034285822,22.53452468439725,0.8912509381337456,0.8912509381337442,6.125282766574477e+25,0.0004437156420638,1.3804522955475622e+29,6.37,9.615828518955224e+24,70,0.0098058281928168,1.3850953989130356e-05,True
M2_scalar_phi_massive,0.1,5.343777930616317,4.216965034285822,22.53452468439725,1.0,0.999999999999998,5.459164012043968e+25,0.0004437156420638,1.2303294034556476e+29,6.37,8.57011618845207e+24,70,0.0094366449037093,1.3329474247650705e-05,True
M2_scalar_phi_massive,0.1,5.343777930616317,4.216965034285822,22.53452468439725,1.1220184543019633,1.1220184543019618,4.865485047160168e+25,0.0004437156420638,1.0965322350433771e+29,6.37,7.638124092873106e+24,70,0.009081361134181,1.2827627891783844e-05,True
M2_scalar_phi_massive,0.1,5.343777930616317,4.216965034285822,22.53452468439725,1.2589254117941673,1.258925411794165,4.33636811275721e+25,0.0004437156420638,9.772853831763028e+28,6.37,6.807485263355118e+24,70,0.0087394535760263,1.2344675736859776e-05,True
M2_scalar_phi_massive,0.1,5.343777930616317,4.216965034285822,22.53452468439725,1.4125375446227544,1.4125375446227526,3.864792148588123e+25,0.0004437156420638,8.710065145802765e+28,6.37,6.067177627296896e+24,70,0.0084104186232659,1.187990642804829e-05,True
M2_scalar_phi_massive,0.1,5.343777930616317,4.216965034285822,22.53452468439725,1.5848931924611136,1.5848931924611125,3.4444996281210988e+25,0.0004437156420638,7.762853732402754e+28,6.37,5.407377752152431e+24,70,0.0080937716303701,1.1432635392582953e-05,True
M2_scalar_phi_massive,0.1,5.343777930616317,4.216965034285822,22.53452468439725,1.7782794100389228,1.7782794100389197,3.069913524964268e+25,0.0004437156420638,6.9186506715990055e+28,6.37,4.8193304944494e+24,70,0.0077890461984098,1.1002203831433165e-05,True
M2_scalar_phi_massive,0.1,5.343777930616317,4.216965034285822,22.53452468439725,1.9952623149688795,1.9952623149688764,2.736063309113877e+25,0.0004437156420638,6.166253901682281e+28,6.37,4.295232824354595e+24,70,0.0074957934880833,1.0587977748939154e-05,True
M2_scalar_phi_massive,0.1,5.343777930616317,4.216965034285822,22.53452468439725,2.2387211385683394,2.238721138568336,2.4385189910410632e+25,0.0004437156420638,5.495679574645201e+28,6.37,3.8281302842088906e+24,70,0.0072135815586077,1.018934701898062e-05,True
M2_scalar_phi_massive,0.1,5.343777930616317,4.216965034285822,22.53452468439725,2.51188643150958,2.511886431509577,2.1733323384223016e+25,0.0004437156420638,4.898029576584999e+28,6.37,3.4118247070993747e+24,70,0.0069419947314998,9.805724486303493e-06,True
M2_scalar_phi_massive,0.1,5.343777930616317,4.216965034285822,22.53452468439725,2.8183829312644537,2.8183829312644506,1.9369844854952837e+25,0.0004437156420638,4.365373455138212e+28,6.37,3.040791970950209e+24,70,0.006680632978311,9.436545101681243e-06,True
M2_scalar_phi_massive,0.1,5.343777930616317,4.216965034285822,22.53452468439725,3.1622776601683795,3.162277660168374,1.726339239848182e+25,0.0004437156420638,3.890643187196083e+28,6.37,2.710108696778936e+24,70,0.0064291113314134,9.081265089636758e-06,True
M2_scalar_phi_massive,0.1,5.343777930616317,4.216965034285822,22.53452468439725,3.548133892335755,3.5481338923357493,1.5386014670517894e+25,0.0004437156420638,3.4675393905321743e+28,6.37,2.4153869184486489e+24,70,0.0061870593169687,8.739361147499029e-06,True
M2_scalar_phi_massive,0.1,5.343777930616317,4.216965034285822,22.53452468439725,3.9810717055349722,3.981071705534966,1.3712800009238642e+25,0.0004437156420638,3.0904477348275164e+28,6.37,2.1527158570233348e+24,70,0.0059541204092469,8.410329674614811e-06,True
M2_scalar_phi_massive,0.1,5.343777930616317,4.216965034285822,22.53452468439725,4.466835921509632,4.466835921509626,1.2221545872674373e+25,0.0004437156420638,2.7543644429183325e+28,6.37,1.9186100271074367e+24,70,0.0057299515054884,8.093686030579995e-06,True
M2_scalar_phi_massive,0.1,5.343777930616317,4.216965034285822,22.53452468439725,5.011872336272722,5.011872336272715,1.089246422446564e+25,0.0004437156420638,2.454829893713195e+28,6.37,1.709962986572314e+24,70,0.0055142224205375,7.788963821398117e-06,True
M2_scalar_phi_massive,0.1,5.343777930616317,4.216965034285822,22.53452468439725,5.623413251903491,5.623413251903482,9.707918958643266e+24,0.0004437156420638,2.1878694457306485e+28,6.37,1.5240061159565568e+24,70,0.0053066154005026,7.495714212514528e-06,True
M2_scalar_phi_massive,0.1,5.343777930616317,4.216965034285822,22.53452468439725,6.309573444801933,6.309573444801925,8.652191879217184e+24,0.0004437156420638,1.9499406960215985e+28,6.37,1.3582718805678467e+24,70,0.0051068246547274,7.213505267714411e-06,True
M2_scalar_phi_massive,0.1,5.343777930616317,4.216965034285822,22.53452468439725,7.079457843841379,7.079457843841369,7.71127412926549e+24,0.0004437156420638,1.7378864746344182e+28,6.37,1.21056108779678e+24,70,0.0049145559053821,6.941921312910875e-06,True
M2_scalar_phi_massive,0.1,5.343777930616317,4.216965034285822,22.53452468439725,7.943282347242816,7.943282347242802,6.872680301914348e+24,0.0004437156420638,1.5488929508878727e+28,6.37,1.0789137051670876e+24,70,0.0047295259540129,6.680562323886023e-06,True
M2_scalar_phi_massive,0.1,5.343777930616317,4.216965034285822,22.53452468439725,8.912509381337454,8.912509381337449,6.125282766574476e+24,0.0004437156420638,1.380452295547562e+28,6.37,9.61582851895522e+23,70,0.0045514622644104,6.429043337083184e-06,True
M2_scalar_phi_massive,0.1,5.343777930616317,4.216965034285822,22.53452468439725,10.0,9.99999999999998,5.459164012043969e+24,0.0004437156420638,1.2303294034556477e+28,6.37,8.57011618845207e+23,70,0.0043801025611826,6.186993882582462e-06,True
M2_scalar_phi_massive,0.1,5.343777930616317,4.869675251658631,26.02246313908185,0.1,0.0999999999999999,1.509646729568339e+27,0.0004723839351563,3.1958045505269174e+30,6.37,2.369932071535854e+26,72,0.024430448589365,4.601790555031927e-05,True
M2_scalar_phi_massive,0.1,5.343777930616317,4.869675251658631,26.02246313908185,0.11220184543019636,0.1122018454301962,1.3454740639783228e+27,0.0004723839351563,2.848263803749208e+30,6.37,2.112204182069581e+26,72,0.0235106575031617,4.428536023187783e-05,True
M2_scalar_phi_massive,0.1,5.343777930616317,4.869675251658631,26.02246313908185,0.12589254117941673,0.1258925411794166,1.1991550217553036e+27,0.0004723839351563,2.5385177871438724e+30,6.37,1.8825039587995345e+26,72,0.0226254959751985,4.261804415941263e-05,True
M2_scalar_phi_massive,0.1,5.343777930616317,4.869675251658631,26.02246313908185,0.14125375446227545,0.1412537544622753,1.0687480381072062e+27,0.0004723839351563,2.262456359261176e+30,6.37,1.6777834193205748e+26,72,0.0217736602242998,4.101350149267214e-05,True
M2_scalar_phi_massive,0.1,5.343777930616317,4.869675251658631,26.02246313908185,0.15848931924611134,0.1584893192461112,9.525226915916475e+26,0.0004723839351563,2.0164163526781816e+30,6.37,1.4953260464547058e+26,72,0.020953895555834,3.9469368852251976e-05,True
M2_scalar_phi_massive,0.1,5.343777930616317,4.869675251658631,26.02246313908185,0.1778279410038923,0.1778279410038921,8.489367424747363e+26,0.0004723839351563,1.7971329659926548e+30,6.37,1.3327107417185813e+26,72,0.020164994513637,3.7983371838501896e-05,True
M2_scalar_phi_massive,0.1,5.343777930616317,4.869675251658631,26.02246313908185,0.19952623149688797,0.1995262314968877,7.566156681468146e+26,0.0004723839351563,1.601696441892034e+30,6.37,1.1877796988176054e+26,72,0.0194057951015126,3.655332168149383e-05,True
M2_scalar_phi_massive,0.1,5.343777930616317,4.869675251658631,26.02246313908185,0.22387211385683395,0.2238721138568339,6.743344240425392e+26,0.0004723839351563,1.4275134564417575e+30,6.37,1.0586097708674085e+26,72,0.0186751790716936,3.5177112017116413e-05,True
M2_scalar_phi_massive,0.1,5.343777930616317,4.869675251658631,26.02246313908185,0.251188643150958,0.2511886431509577,6.010011880437921e+26,0.0004723839351563,1.272272707252262e+30,6.37,9.434869514031274e+25,72,0.0179720702777408,3.385271578454771e-05,True
M2_scalar_phi_massive,0.1,5.343777930616317,4.869675251658631,26.02246313908185,0.28183829312644537,0.2818382931264451,5.3564287266352535e+26,0.0004723839351563,1.133914243900539e+30,6.37,8.408836305549849e+25,72,0.0172954330894543,3.257818224053595e-05,True
M2_scalar_phi_massive,0.1,5.343777930616317,4.869675251658631,26.02246313908185,0.31622776601683794,0.3162277660168376,4.773922127660213e+26,0.0004723839351563,1.010602133639572e+30,6.37,7.4943832459344e+25,72,0.0166442708674626,3.1351634086090856e-05,True
M2_scalar_phi_massive,0.1,5.343777930616317,4.869675251658631,26.02246313908185,0.35481338923357547,0.3548133892335749,4.254762574854612e+26,0.0004723839351563,9.007000996862335e+29,6.37,6.67937609867286e+25,72,0.0160176244952421,3.017126470135321e-05,True
M2_scalar_phi_massive,0.1,5.343777930616317,4.869675251658631,26.02246313908185,0.3981071705534972,0.3981071705534968,3.792061136375523e+26,0.0004723839351563,8.027498088225136e+29,6.37,5.953000214090302e+25,72,0.0154145709664056,2.903533548456979e-05,True
M2_scalar_phi_massive,0.1,5.343777930616317,4.869675251658631,26.02246313908185,0.44668359215096315,0.4466835921509627,3.379678045255202e+26,0.0004723839351563,7.154515201997502e+29,6.37,5.30561702551837e+25,72,0.0148342220251782,2.794217329125439e-05,True
M2_scalar_phi_massive,0.1,5.343777930616317,4.869675251658631,26.02246313908185,0.5011872336272722,0.5011872336272718,3.012141228423722e+26,0.0004723839351563,6.376468385672417e+29,6.37,4.72863615137162e+25,72,0.0142757228580586,2.68901679697626e-05,True
M2_scalar_phi_massive,0.1,5.343777930616317,4.869675251658631,26.02246313908185,0.5623413251903491,0.5623413251903486,2.6845736956239757e+26,0.0004723839351563,5.6830334307107126e+29,6.37,4.214401406003101e+25,72,0.0137382508347382,2.587776998965086e-05,True
M2_scalar_phi_massive,0.1,5.343777930616317,4.869675251658631,26.02246313908185,0.6309573444801932,0.6309573444801934,2.392628824714044e+26,0.0004723839351563,5.06500887656636e+29,6.37,3.756089206772439e+25,72,0.0132210142964243,2.490348815932616e-05,True
M2_scalar_phi_massive,0.1,5.343777930616317,4.869675251658631,26.02246313908185,0.7079457843841379,0.7079457843841376,2.1324326846322323e+26,0.0004723839351563,4.514193912895517e+29,6.37,3.347618029249972e+25,72,0.012723251389782,2.3965887429624918e-05,True
M2_scalar_phi_massive,0.1,5.343777930616317,4.869675251658631,26.02246313908185,0.7943282347242815,0.794328234724281,1.900532630685539e+26,0.0004723839351563,4.023279559785773e+29,6.37,2.983567709082479e+25,72,0.0122442289447771,2.3063586780085617e-05,True
M2_scalar_phi_massive,0.1,5.343777930616317,4.869675251658631,26.02246313908185,0.8912509381337456,0.8912509381337448,1.6938514900522816e+26,0.0004723839351563,3.585751682033393e+29,6.37,2.6591075197053085e+25,72,0.0117832413947678,2.2195257184802067e-05,True
M2_scalar_phi_massive,0.1,5.343777930616317,4.869675251658631,26.02246313908185,1.0,0.9999999999999988,1.509646729568339e+26,0.0004723839351563,3.195804550526918e+29,6.37,2.369932071535854e+25,72,0.0113396097372547,2.1359619654860945e-05,True
M2_scalar_phi_massive,0.1,5.343777930616317,4.869675251658631,26.02246313908185,1.1220184543019633,1.122018454301963,1.3454740639783229e+26,0.0004723839351563,2.848263803749208e+29,6.37,2.1122041820695807e+25,72,0.0109126805337569,2.0555443354480355e-05,True
M2_scalar_phi_massive,0.1,5.343777930616317,4.869675251658631,26.02246313908185,1.2589254117941673,1.2589254117941664,1.1991550217553032e+26,0.0004723839351563,2.538517787143872e+29,6.37,1.882503958799534e+25,72,0.0105018249473432,1.97815437880746e-05,True
M2_scalar_phi_massive,0.1,5.343777930616317,4.869675251658631,26.02246313908185,1.4125375446227544,1.412537544622753,1.0687480381072058e+26,0.0004723839351563,2.2624563592611752e+29,6.37,1.6777834193205745e+25,72,0.0101064378163988,1.903678105557481e-05,True
M2_scalar_phi_massive,0.1,5.343777930616317,4.869675251658631,26.02246313908185,1.5848931924611136,1.584893192461113,9.525226915916472e+25,0.0004723839351563,2.016416352678181e+29,6.37,1.4953260464547051e+25,72,0.0097259367632647,1.832005817343568e-05,True
M2_scalar_phi_massive,0.1,5.343777930616317,4.869675251658631,26.02246313908185,1.7782794100389228,1.7782794100389214,8.489367424747364e+25,0.0004723839351563,1.7971329659926548e+29,6.37,1.3327107417185814e+25,72,0.009359761336436,1.7630319458855252e-05,True
M2_scalar_phi_massive,0.1,5.343777930616317,4.869675251658631,26.02246313908185,1.9952623149688795,1.995262314968878,7.566156681468146e+25,0.0004723839351563,1.601696441892034e+29,6.37,1.1877796988176055e+25,72,0.0090073721850558,1.696654897482776e-05,True
M2_scalar_phi_massive,0.1,5.343777930616317,4.869675251658631,26.02246313908185,2.2387211385683394,2.238721138568337,6.743344240425392e+25,0.0004723839351563,1.4275134564417575e+29,6.37,1.0586097708674084e+25,72,0.0086682502644892,1.6327769033739343e-05,True
M2_scalar_phi_massive,0.1,5.343777930616317,4.869675251658631,26.02246313908185,2.51188643150958,2.5118864315095784,6.010011880437919e+25,0.0004723839351563,1.2722727072522618e+29,6.37,9.43486951403127e+24,72,0.0083418960718065,1.571303875730237e-05,True
M2_scalar_phi_massive,0.1,5.343777930616317,4.869675251658631,26.02246313908185,2.8183829312644537,2.8183829312644524,5.356428726635251e+25,0.0004723839351563,1.1339142439005383e+29,6.37,8.408836305549845e+24,72,0.0080278289100508,1.5121452690707378e-05,True
M2_scalar_phi_massive,0.1,5.343777930616317,4.869675251658631,26.02246313908185,3.1622776601683795,3.162277660168376,4.773922127660213e+25,0.0004723839351563,1.010602133639572e+29,6.37,7.494383245934401e+24,72,0.0077255861802041,1.4552139468951312e-05,True
M2_scalar_phi_massive,0.1,5.343777930616317,4.869675251658631,26.02246313908185,3.548133892335755,3.548133892335751,4.254762574854611e+25,0.0004723839351563,9.007000996862334e+28,6.37,6.67937609867286e+24,72,0.0074347226998118,1.4004260533377644e-05,True
M2_scalar_phi_massive,0.1,5.343777930616317,4.869675251658631,26.02246313908185,3.9810717055349722,3.9810717055349714,3.7920611363755225e+25,0.0004723839351563,8.027498088225136e+28,6.37,5.953000214090302e+24,72,0.00715481004726,1.3477008896538005e-05,True
M2_scalar_phi_massive,0.1,5.343777930616317,4.869675251658631,26.02246313908185,4.466835921509632,4.46683592150963,3.379678045255201e+25,0.0004723839351563,7.1545152019975e+28,6.37,5.305617025518369e+24,72,0.00688543593074,1.296960795355596e-05,True
M2_scalar_phi_massive,0.1,5.343777930616317,4.869675251658631,26.02246313908185,5.011872336272722,5.011872336272719,3.0121412284237214e+25,0.0004723839351563,6.376468385672415e+28,6.37,4.728636151371619e+24,72,0.0066262035809715,1.248131033824221e-05,True
M2_scalar_phi_massive,0.1,5.343777930616317,4.869675251658631,26.02246313908185,5.623413251903491,5.623413251903485,2.684573695623975e+25,0.0004723839351563,5.683033430710712e+28,6.37,4.214401406003101e+24,72,0.0063767311667892,1.2011396822276331e-05,True
M2_scalar_phi_massive,0.1,5.343777930616317,4.869675251658631,26.02246313908185,6.309573444801933,6.309573444801929,2.392628824714044e+25,0.0004723839351563,5.06500887656636e+28,6.37,3.756089206772439e+24,72,0.0061366512327318,1.1559175255833636e-05,True
M2_scalar_phi_massive,0.1,5.343777930616317,4.869675251658631,26.02246313908185,7.079457843841379,7.079457843841374,2.1324326846322326e+25,0.0004723839351563,4.514193912895517e+28,6.37,3.347618029249973e+24,72,0.005905610157806,1.1123979548096788e-05,True
M2_scalar_phi_massive,0.1,5.343777930616317,4.869675251658631,26.02246313908185,7.943282347242816,7.943282347242809,1.9005326306855384e+25,0.0004723839351563,4.0232795597857725e+28,6.37,2.9835677090824776e+24,72,0.0056832676346275,1.070516868615047e-05,True
M2_scalar_phi_massive,0.1,5.343777930616317,4.869675251658631,26.02246313908185,8.912509381337454,8.912509381337449,1.6938514900522813e+25,0.0004723839351563,3.5857516820333915e+28,6.37,2.6591075197053083e+24,72,0.0054692961681718,1.0302125790814108e-05,True
M2_scalar_phi_massive,0.1,5.343777930616317,4.869675251658631,26.02246313908185,10.0,9.999999999999991,1.509646729568339e+25,0.0004723839351563,3.1958045505269177e+28,6.37,2.369932071535854e+24,72,0.0052633805933968,9.91425720802186e-06,True
M2_scalar_phi_massive,0.1,5.343777930616317,5.623413251903491,30.05027163025721,0.1,0.0999999999999998,5.457909005217773e+27,0.0004876467817721,1.1192340868903274e+31,6.37,8.568146005051449e+26,73,0.0293509757703191,7.372553805893477e-05,True
M2_scalar_phi_massive,0.1,5.343777930616317,5.623413251903491,30.05027163025721,0.11220184543019636,0.1122018454301961,4.8643665211489575e+27,0.0004876467817721,9.9751842993227e+30,6.37,7.636368165069007e+26,73,0.0282459299179617,7.094981773255197e-05,True
M2_scalar_phi_massive,0.1,5.343777930616317,5.623413251903491,30.05027163025721,0.12589254117941673,0.1258925411794165,4.335371225400393e+27,0.0004876467817721,8.890392364828368e+30,6.37,6.805920291052422e+26,73,0.0271824883497469,6.827860153775162e-05,True
M2_scalar_phi_massive,0.1,5.343777930616317,5.623413251903491,30.05027163025721,0.14125375446227545,0.1412537544622752,3.863903671796146e+27,0.0004876467817721,7.923570535530371e+30,6.37,6.065782844263965e+26,73,0.0261590846904377,6.570795495944076e-05,True
M2_scalar_phi_massive,0.1,5.343777930616317,5.623413251903491,30.05027163025721,0.15848931924611134,0.1584893192461111,3.44370777234674e+27,0.0004876467817721,7.061889673160348e+30,6.37,5.406134650465839e+26,73,0.0251742115378434,6.32340916145552e-05,True
M2_scalar_phi_massive,0.1,5.343777930616317,5.623413251903491,30.05027163025721,0.1778279410038923,0.177827941003892,3.0692077827625025e+27,0.0004876467817721,6.293915796201169e+30,6.37,4.818222578905027e+26,73,0.0242264182425216,6.085336767498133e-05,True
M2_scalar_phi_massive,0.1,5.343777930616317,5.623413251903491,30.05027163025721,0.19952623149688797,0.1995262314968877,2.7354343157144734e+27,0.0004876467817721,5.609458357899092e+30,6.37,4.294245393586301e+26,73,0.0233143087710727,5.856227650045147e-05,True
M2_scalar_phi_massive,0.1,5.343777930616317,5.623413251903491,30.05027163025721,0.22387211385683395,0.2238721138568337,2.4379584000837643e+27,0.0004876467817721,4.999435023899745e+30,6.37,3.827250235610305e+26,73,0.0224365396498803,5.635744347350754e-05,True
M2_scalar_phi_massive,0.1,5.343777930616317,5.623413251903491,30.05027163025721,0.251188643150958,0.2511886431509578,2.1728327112057008e+27,0.0004876467817721,4.455751155189353e+30,6.37,3.411040362960283e+26,73,0.0215918179862678,5.423562102892485e-05,True
M2_scalar_phi_massive,0.1,5.343777930616317,5.623413251903491,30.05027163025721,0.28183829312644537,0.2818382931264451,1.9365391922697705e+27,0.0004876467817721,3.971192397153032e+30,6.37,3.0400929235004245e+26,73,0.0207788995641584,5.219368387027519e-05,True
M2_scalar_phi_massive,0.1,5.343777930616317,5.623413251903491,30.05027163025721,0.31622776601683794,0.3162277660168373,1.7259423718431985e+27,0.0004876467817721,3.539328949472237e+30,6.37,2.7094856700835143e+26,73,0.0199965870114308,5.0228624366583135e-05,True
M2_scalar_phi_massive,0.1,5.343777930616317,5.623413251903491,30.05027163025721,0.35481338923357547,0.3548133892335748,1.5382477580700326e+27,0.0004876467817721,3.154430246581055e+30,6.37,2.414831645321872e+26,73,0.0192437280362743,4.833754812229557e-05,True
M2_scalar_phi_massive,0.1,5.343777930616317,5.623413251903491,30.05027163025721,0.3981071705534972,0.3981071705534967,1.3709647574620472e+27,0.0004876467817721,2.811388916542827e+30,6.37,2.1522209693281745e+26,73,0.018519213729943,4.651766971403889e-05,True
M2_scalar_phi_massive,0.1,5.343777930616317,5.623413251903491,30.05027163025721,0.44668359215096315,0.4466835921509625,1.2218736262363526e+27,0.0004876467817721,2.505653009327609e+30,6.37,1.918168957984855e+26,73,0.0178219769334107,4.476630858788472e-05,True
M2_scalar_phi_massive,0.1,5.343777930616317,5.623413251903491,30.05027163025721,0.5011872336272722,0.5011872336272715,1.0889960156640308e+27,0.0004876467817721,2.2331655952008745e+30,6.37,1.709569883303031e+26,73,0.0171509906655201,4.3080885111081e-05,True
M2_scalar_phi_massive,0.1,5.343777930616317,5.623413251903491,30.05027163025721,0.5623413251903491,0.5623413251903483,9.705687205844786e+26,0.0004876467817721,1.990310931730784e+30,6.37,1.5236557622990244e+26,73,0.016505266610311,4.1458916772432886e-05,True
M2_scalar_phi_massive,0.1,5.343777930616317,5.623413251903491,30.05027163025721,0.6309573444801932,0.6309573444801925,8.650202827441856e+26,0.0004876467817721,1.77386648508291e+30,6.37,1.3579596275418926e+26,73,0.0158838536613003,3.989801452573701e-05,True
M2_scalar_phi_massive,0.1,5.343777930616317,5.623413251903491,30.05027163025721,0.7079457843841379,0.707945784384137,7.709501385004732e+26,0.0004876467817721,1.5809601689541532e+30,6.37,1.2102827919944634e+26,73,0.0152858365205679,3.8395879270883046e-05,True
M2_scalar_phi_massive,0.1,5.343777930616317,5.623413251903491,30.05027163025721,0.7943282347242815,0.7943282347242804,6.871100341928879e+26,0.0004876467817721,1.409032233732474e+30,6.37,1.0786656737721945e+26,73,0.0147103343505873,3.695029846743969e-05,True
M2_scalar_phi_massive,0.1,5.343777930616317,5.623413251903491,30.05027163025721,0.8912509381337456,0.8912509381337445,6.123874625755212e+26,0.0004876467817721,1.2558013001747544e+30,6.37,9.613617936821368e+25,73,0.014156499476813,3.555914287573691e-05,True
M2_scalar_phi_massive,0.1,5.343777930616317,5.623413251903491,30.05027163025721,1.0,0.9999999999999982,5.457909005217773e+26,0.0004876467817721,1.1192340868903274e+30,6.37,8.56814600505145e+25,73,0.0136235161391152,3.422036342064456e-05,True
M2_scalar_phi_massive,0.1,5.343777930616317,5.623413251903491,30.05027163025721,1.1220184543019633,1.122018454301962,4.8643665211489575e+26,0.0004876467817721,9.975184299322702e+29,6.37,7.636368165069007e+25,73,0.013110599290222,3.293198817342752e-05,True
M2_scalar_phi_massive,0.1,5.343777930616317,5.623413251903491,30.05027163025721,1.2589254117941673,1.2589254117941655,4.335371225400392e+26,0.0004876467817721,8.890392364828366e+29,6.37,6.805920291052421e+25,73,0.0126169934393995,3.169211944723242e-05,True
M2_scalar_phi_massive,0.1,5.343777930616317,5.623413251903491,30.05027163025721,1.4125375446227544,1.4125375446227535,3.863903671796145e+26,0.0004876467817721,7.923570535530368e+29,6.37,6.065782844263964e+25,73,0.0121419715396666,3.0498931001927164e-05,True
M2_scalar_phi_massive,0.1,5.343777930616317,5.623413251903491,30.05027163025721,1.5848931924611136,1.5848931924611116,3.4437077723467384e+26,0.0004876467817721,7.061889673160346e+29,6.37,5.406134650465837e+25,73,0.011684833916906,2.9350665354176687e-05,True
M2_scalar_phi_massive,0.1,5.343777930616317,5.623413251903491,30.05027163025721,1.7782794100389228,1.77827941003892,3.0692077827625025e+26,0.0004876467817721,6.29391579620117e+29,6.37,4.818222578905028e+25,73,0.0112449072392921,2.824563118879262e-05,True
M2_scalar_phi_massive,0.1,5.343777930616317,5.623413251903491,30.05027163025721,1.9952623149688795,1.9952623149688764,2.735434315714473e+26,0.0004876467817721,5.609458357899093e+29,6.37,4.2942453935863e+25,73,0.0108215435255211,2.7182200867543964e-05,True
M2_scalar_phi_massive,0.1,5.343777930616317,5.623413251903491,30.05027163025721,2.2387211385683394,2.238721138568336,2.4379584000837643e+26,0.0004876467817721,4.9994350238997455e+29,6.37,3.827250235610305e+25,73,0.0104141191903794,2.61588080317596e-05,True
M2_scalar_phi_massive,0.1,5.343777930616317,5.623413251903491,30.05027163025721,2.51188643150958,2.5118864315095766,2.1728327112057e+26,0.0004876467817721,4.455751155189352e+29,6.37,3.411040362960282e+25,73,0.010022034126246,2.51739452951912e-05,True
M2_scalar_phi_massive,0.1,5.343777930616317,5.623413251903491,30.05027163025721,2.8183829312644537,2.818382931264451,1.9365391922697697e+26,0.0004876467817721,3.97119239715303e+29,6.37,3.0400929235004237e+25,73,0.0096447108191759,2.4226162023738466e-05,True
M2_scalar_phi_massive,0.1,5.343777930616317,5.623413251903491,30.05027163025721,3.1622776601683795,3.162277660168376,1.7259423718431986e+26,0.0004876467817721,3.539328949472237e+29,6.37,2.7094856700835144e+25,73,0.0092815934982623,2.3314062198766303e-05,True
M2_scalar_phi_massive,0.1,5.343777930616317,5.623413251903491,30.05027163025721,3.548133892335755,3.54813389233575,1.5382477580700323e+26,0.0004876467817721,3.154430246581055e+29,6.37,2.414831645321872e+25,73,0.0089321473170252,2.243630236086675e-05,True
M2_scalar_phi_massive,0.1,5.343777930616317,5.623413251903491,30.05027163025721,3.9810717055349722,3.981071705534965,1.3709647574620472e+26,0.0004876467817721,2.8113889165428277e+29,6.37,2.1522209693281746e+25,73,0.0085958575656192,2.159158963103703e-05,True
M2_scalar_phi_massive,0.1,5.343777930616317,5.623413251903491,30.05027163025721,4.466835921509632,4.466835921509628,1.2218736262363523e+26,0.0004876467817721,2.5056530093276088e+29,6.37,1.9181689579848544e+25,73,0.0082722289127023,2.077867980635896e-05,True
M2_scalar_phi_massive,0.1,5.343777930616317,5.623413251903491,30.05027163025721,5.011872336272722,5.011872336272716,1.0889960156640304e+26,0.0004876467817721,2.233165595200874e+29,6.37,1.7095698833030306e+25,73,0.0079607846758475,1.9996375527374855e-05,True
M2_scalar_phi_massive,0.1,5.343777930616317,5.623413251903491,30.05027163025721,5.623413251903491,5.623413251903481,9.705687205844784e+25,0.0004876467817721,1.990310931730784e+29,6.37,1.5236557622990242e+25,73,0.0076610661194221,1.9243524514460604e-05,True
M2_scalar_phi_massive,0.1,5.343777930616317,5.623413251903491,30.05027163025721,6.309573444801933,6.309573444801922,8.650202827441855e+25,0.0004876467817721,1.77386648508291e+29,6.37,1.3579596275418923e+25,73,0.0073726317789031,1.851901787059814e-05,True
M2_scalar_phi_massive,0.1,5.343777930616317,5.623413251903491,30.05027163025721,7.079457843841379,7.079457843841371,7.7095013850047315e+25,0.0004876467817721,1.5809601689541532e+29,6.37,1.2102827919944633e+25,73,0.0070950568106298,1.782178844804751e-05,True
M2_scalar_phi_massive,0.1,5.343777930616317,5.623413251903491,30.05027163025721,7.943282347242816,7.943282347242809,6.8711003419288765e+25,0.0004876467817721,1.4090322337324737e+29,6.37,1.078665673772194e+25,73,0.0068279323660396,1.7150809276512743e-05,True
M2_scalar_phi_massive,0.1,5.343777930616317,5.623413251903491,30.05027163025721,8.912509381337454,8.912509381337445,6.12387462575521e+25,0.0004876467817721,1.255801300174754e+29,6.37,9.613617936821366e+24,73,0.006570864989462,1.6505092050486186e-05,True
M2_scalar_phi_massive,0.1,5.343777930616317,5.623413251903491,30.05027163025721,10.0,9.999999999999982,5.457909005217773e+25,0.0004876467817721,1.1192340868903272e+29,6.37,8.568146005051449e+24,73,0.006323476038586,1.5883685673543497e-05,True
M2_scalar_phi_massive,0.1,5.343777930616317,6.493816315762113,34.701512313645736,0.1,0.0999999999999999,2.8949189134877383e+28,0.0004876467817721,5.936507779190624e+31,6.37,4.544613678944644e+27,73,0.0352549123096961,0.0001180905229034,True
M2_scalar_phi_massive,0.1,5.343777930616317,6.493816315762113,34.701512313645736,0.11220184543019636,0.1122018454301962,2.5800991974670697e+28,0.0004876467817721,5.290918127441922e+31,6.37,4.050391204814866e+27,73,0.0339275869448457,0.0001136444886877,True
M2_scalar_phi_massive,0.1,5.343777930616317,6.493816315762113,34.701512313645736,0.12589254117941673,0.1258925411794165,2.29951583022065e+28,0.0004876467817721,4.7155357446714535e+31,6.37,3.6099149610999216e+27,73,0.0326502345485479,0.0001093658448753,True
M2_scalar_phi_massive,0.1,5.343777930616317,6.493816315762113,34.701512313645736,0.14125375446227545,0.1412537544622753,2.049445640937553e+28,0.0004876467817721,4.202725656241643e+31,6.37,3.2173400956633484e+27,73,0.0314209736698396,0.0001052482893223,True
M2_scalar_phi_massive,0.1,5.343777930616317,6.493816315762113,34.701512313645736,0.15848931924611134,0.1584893192461112,1.8265703501397095e+28,0.0004876467817721,3.745683183844126e+31,6.37,2.867457378555274e+27,73,0.0302379936932079,0.0001012857571567,True
M2_scalar_phi_massive,0.1,5.343777930616317,6.493816315762113,34.701512313645736,0.1778279410038923,0.1778279410038921,1.6279325381293002e+28,0.0004876467817721,3.338343651552872e+31,6.37,2.5556240786959186e+27,73,0.0290995521716801,9.747241184495982e-05,True
M2_scalar_phi_massive,0.1,5.343777930616317,6.493816315762113,34.701512313645736,0.19952623149688797,0.1995262314968877,1.4508964018261883e+28,0.0004876467817721,2.975301911259331e+31,6.37,2.2777023576549263e+27,73,0.0280039722603202,9.380263659552954e-05,True
M2_scalar_phi_massive,0.1,5.343777930616317,6.493816315762113,34.701512313645736,0.22387211385683395,0.2238721138568337,1.293112779262466e+28,0.0004876467817721,2.651740619641004e+31,6.37,2.030004363049397e+27,73,0.0269496402463539,9.027102608550012e-05,True
M2_scalar_phi_massive,0.1,5.343777930616317,6.493816315762113,34.701512313645736,0.251188643150958,0.2511886431509579,1.152487977630408e+28,0.0004876467817721,2.3633663149424053e+31,6.37,1.809243292983372e+27,73,0.0259350031722818,8.687237849897923e-05,True
M2_scalar_phi_massive,0.1,5.343777930616317,6.493816315762113,34.701512313645736,0.28183829312644537,0.2818382931264452,1.0271559912509642e+28,0.0004876467817721,2.106352445346112e+31,6.37,1.6124897821836173e+27,73,0.0249585665484818,8.360168786518452e-05,True
M2_scalar_phi_massive,0.1,5.343777930616317,6.493816315762113,34.701512313645736,0.31622776601683794,0.3162277660168376,9.154537408121192e+27,0.0004876467817721,1.877288592955031e+31,6.37,1.437133031102228e+27,73,0.0240188921519298,8.04541366849978e-05,True
M2_scalar_phi_massive,0.1,5.343777930616317,6.493816315762113,34.701512313645736,0.35481338923357547,0.354813389233575,8.158990053168479e+27,0.0004876467817721,1.6731352196189505e+31,6.37,1.2808461621928538e+27,73,0.0231145959077978,7.742508883512509e-05,True
M2_scalar_phi_massive,0.1,5.343777930616317,6.493816315762113,34.701512313645736,0.3981071705534972,0.398107170553497,7.271707539110304e+27,0.0004876467817721,1.4911833341099995e+31,6.37,1.1415553436593883e+27,73,0.0222443458508079,7.451008273941027e-05,True
M2_scalar_phi_massive,0.1,5.343777930616317,6.493816315762113,34.701512313645736,0.44668359215096315,0.4466835921509625,6.48091616606629e+27,0.0004876467817721,1.329018545454944e+31,6.37,1.0174122709680204e+27,73,0.0214068601633407,7.17048247972449e-05,True
M2_scalar_phi_massive,0.1,5.343777930616317,6.493816315762113,34.701512313645736,0.5011872336272722,0.5011872336272719,5.776122612972738e+27,0.0004876467817721,1.1844890254338647e+31,6.37,9.067696409690326e+26,73,0.0206009052874072,6.90051830593938e-05,True
M2_scalar_phi_massive,0.1,5.343777930616317,6.493816315762113,34.701512313645736,0.5623413251903491,0.5623413251903484,5.147974697587495e+27,0.0004876467817721,1.055676955127058e+31,6.37,8.0815929318485e+26,73,0.019825294107704,6.640718114192241e-05,True
M2_scalar_phi_massive,0.1,5.343777930616317,6.493816315762113,34.701512313645736,0.6309573444801932,0.6309573444801928,4.588137278713639e+27,0.0004876467817721,9.408730766231662e+30,6.37,7.202727282125021e+26,73,0.0190788842030753,6.390699236926037e-05,True
M2_scalar_phi_massive,0.1,5.343777930616317,6.493816315762113,34.701512313645736,0.7079457843841379,0.7079457843841372,4.089181653939941e+27,0.0004876467817721,8.385540122051803e+30,6.37,6.419437447315448e+26,73,0.0183605761638061,6.150093413777559e-05,True
M2_scalar_phi_massive,0.1,5.343777930616317,6.493816315762113,34.701512313645736,0.7943282347242815,0.7943282347242809,3.644486985273274e+27,0.0004876467817721,7.473620500536834e+30,6.37,5.721329647210792e+26,73,0.0176693119722686,5.9185462491555913e-05,True
M2_scalar_phi_massive,0.1,5.343777930616317,6.493816315762113,34.701512313645736,0.8912509381337456,0.8912509381337446,3.248152444641031e+27,0.0004876467817721,6.660871282359045e+30,6.37,5.099140415449028e+26,73,0.017004073444536,5.695716690240942e-05,True
M2_scalar_phi_massive,0.1,5.343777930616317,6.493816315762113,34.701512313645736,1.0,0.9999999999999988,2.8949189134877383e+27,0.0004876467817721,5.936507779190625e+30,6.37,4.544613678944644e+26,73,0.0163638807306683,5.481276524639418e-05,True
M2_scalar_phi_massive,0.1,5.343777930616317,6.493816315762113,34.701512313645736,1.1220184543019633,1.122018454301963,2.5800991974670697e+27,0.0004876467817721,5.290918127441922e+30,6.37,4.050391204814866e+26,73,0.0157477908714622,5.274909896947882e-05,True
M2_scalar_phi_massive,0.1,5.343777930616317,6.493816315762113,34.701512313645736,1.2589254117941673,1.2589254117941664,2.2995158302206497e+27,0.0004876467817721,4.7155357446714526e+30,6.37,3.609914961099921e+26,73,0.0151548964095378,5.076312843521271e-05,True
M2_scalar_phi_massive,0.1,5.343777930616317,6.493816315762113,34.701512313645736,1.4125375446227544,1.412537544622754,2.0494456409375524e+27,0.0004876467817721,4.2027256562416416e+30,6.37,3.2173400956633475e+26,73,0.0145843240527168,4.885192844755356e-05,True
M2_scalar_phi_massive,0.1,5.343777930616317,6.493816315762113,34.701512313645736,1.5848931924611136,1.5848931924611125,1.826570350139709e+27,0.0004876467817721,3.745683183844125e+30,6.37,2.867457378555273e+26,73,0.0140352333877247,4.701268394225778e-05,True
M2_scalar_phi_massive,0.1,5.343777930616317,6.493816315762113,34.701512313645736,1.7782794100389228,1.7782794100389212,1.6279325381293005e+27,0.0004876467817721,3.338343651552872e+30,6.37,2.555624078695919e+26,73,0.0135068156423203,4.524268584048714e-05,True
M2_scalar_phi_massive,0.1,5.343777930616317,6.493816315762113,34.701512313645736,1.9952623149688795,1.9952623149688775,1.4508964018261883e+27,0.0004876467817721,2.9753019112593306e+30,6.37,2.2777023576549267e+26,73,0.0129982924940304,4.353932705852474e-05,True
M2_scalar_phi_massive,0.1,5.343777930616317,6.493816315762113,34.701512313645736,2.2387211385683394,2.238721138568338,1.293112779262466e+27,0.0004876467817721,2.651740619641004e+30,6.37,2.030004363049397e+26,73,0.0125089149237357,4.190009866772253e-05,True
M2_scalar_phi_massive,0.1,5.343777930616317,6.493816315762113,34.701512313645736,2.51188643150958,2.51188643150958,1.1524879776304076e+27,0.0004876467817721,2.3633663149424044e+30,6.37,1.8092432929833716e+26,73,0.0120379621124175,4.0322586199024486e-05,True
M2_scalar_phi_massive,0.1,5.343777930616317,6.493816315762113,34.701512313645736,2.8183829312644537,2.818382931264452,1.0271559912509636e+27,0.0004876467817721,2.1063524453461107e+30,6.37,1.6124897821836164e+26,73,0.0115847403794414,3.880446608662214e-05,True
M2_scalar_phi_massive,0.1,5.343777930616317,6.493816315762113,34.701512313645736,3.1622776601683795,3.162277660168375,9.154537408121192e+26,0.0004876467817721,1.877288592955031e+30,6.37,1.437133031102228e+26,73,0.0111485821608147,3.734350224550421e-05,True
M2_scalar_phi_massive,0.1,5.343777930616317,6.493816315762113,34.701512313645736,3.548133892335755,3.5481338923357524,8.158990053168479e+26,0.0004876467817721,1.6731352196189503e+30,6.37,1.2808461621928538e+26,73,0.0107288450259106,3.59375427778594e-05,True
M2_scalar_phi_massive,0.1,5.343777930616317,6.493816315762113,34.701512313645736,3.9810717055349722,3.981071705534966,7.271707539110304e+26,0.0004876467817721,1.4911833341099998e+30,6.37,1.1415553436593885e+26,73,0.010324910731213,3.458451680348109e-05,True
M2_scalar_phi_massive,0.1,5.343777930616317,6.493816315762113,34.701512313645736,4.466835921509632,4.466835921509629,6.480916166066287e+26,0.0004876467817721,1.3290185454549435e+30,6.37,1.01741227096802e+26,73,0.0099361843096872,3.328243140950525e-05,True
M2_scalar_phi_massive,0.1,5.343777930616317,6.493816315762113,34.701512313645736,5.011872336272722,5.01187233627272,5.776122612972736e+26,0.0004876467817721,1.1844890254338644e+30,6.37,9.067696409690324e+25,73,0.0095620931944343,3.20293687149888e-05,True
M2_scalar_phi_massive,0.1,5.343777930616317,6.493816315762113,34.701512313645736,5.623413251903491,5.623413251903484,5.147974697587495e+26,0.0004876467817721,1.055676955127058e+30,6.37,8.0815929318485e+25,73,0.0092020863753408,3.082348304600482e-05,True
M2_scalar_phi_massive,0.1,5.343777930616317,6.493816315762113,34.701512313645736,6.309573444801933,6.309573444801928,4.588137278713639e+26,0.0004876467817721,9.408730766231662e+29,6.37,7.202727282125022e+25,73,0.0088556335874785,2.9662998217093597e-05,True
M2_scalar_phi_massive,0.1,5.343777930616317,6.493816315762113,34.701512313645736,7.079457843841379,7.07945784384137,4.0891816539399405e+26,0.0004876467817721,8.385540122051804e+29,6.37,6.419437447315448e+25,73,0.0085222245300619,2.854620491506541e-05,True
M2_scalar_phi_massive,0.1,5.343777930616317,6.493816315762113,34.701512313645736,7.943282347242816,7.94328234724281,3.644486985273273e+26,0.0004876467817721,7.473620500536832e+29,6.37,5.72132964721079e+25,73,0.0082013681148102,2.7471458181301383e-05,True
M2_scalar_phi_massive,0.1,5.343777930616317,6.493816315762113,34.701512313645736,8.912509381337454,8.912509381337447,3.24815244464103e+26,0.0004876467817721,6.660871282359043e+29,6.37,5.099140415449026e+25,73,0.0078925917426089,2.6437174988844285e-05,True
M2_scalar_phi_massive,0.1,5.343777930616317,6.493816315762113,34.701512313645736,10.0,9.999999999999991,2.8949189134877383e+26,0.0004876467817721,5.936507779190624e+29,6.37,4.544613678944644e+25,73,0.0075954406074041,2.5441831910710183e-05,True
M2_scalar_phi_massive,0.1,5.343777930616317,7.498942093324558,40.072681261277495,0.1,0.0999999999999999,2.6964327975760933e+29,0.0005035731389931,5.354600134088512e+32,6.37,4.233018520527619e+28,74,0.0423367722664674,0.0001891094151168,True
M2_scalar_phi_massive,0.1,5.343777930616317,7.498942093324558,40.072681261277495,0.11220184543019636,0.1122018454301962,2.4031982604542928e+29,0.0005035731389931,4.7722923928374656e+32,6.37,3.7726817275577593e+28,74,0.0407428193103081,0.0001819895640954,True
M2_scalar_phi_massive,0.1,5.343777930616317,7.498942093324558,40.072681261277495,0.12589254117941673,0.1258925411794166,2.141852704151274e+29,0.0005035731389931,4.253310072164929e+32,6.37,3.3624061289658933e+28,74,0.0392088776844991,0.0001751377710052,True
M2_scalar_phi_massive,0.1,5.343777930616317,7.498942093324558,40.072681261277495,0.14125375446227545,0.1412537544622753,1.9089282319191224e+29,0.0005035731389931,3.790766591990702e+32,6.37,2.996747616827508e+28,74,0.0377326880000438,0.0001685439436328,True
M2_scalar_phi_massive,0.1,5.343777930616317,7.498942093324558,40.072681261277495,0.15848931924611134,0.1584893192461111,1.7013340775279103e+29,0.0005035731389931,3.378524281357774e+32,6.37,2.670854124847583e+28,74,0.0363120759325258,0.0001621983697306,True
M2_scalar_phi_massive,0.1,5.343777930616317,7.498942093324558,40.072681261277495,0.1778279410038923,0.1778279410038921,1.5163155926756604e+29,0.0005035731389931,3.011112935267755e+32,6.37,2.380401244388792e+28,74,0.0349449490194811,0.000156091702711,True
M2_scalar_phi_massive,0.1,5.343777930616317,7.498942093324558,40.072681261277495,0.19952623149688797,0.1995262314968878,1.3514176944790088e+29,0.0005035731389931,2.6836572283840427e+32,6.37,2.121534842196246e+28,74,0.0336292935783469,0.0001502149478795,True
M2_scalar_phi_massive,0.1,5.343777930616317,7.498942093324558,40.072681261277495,0.22387211385683395,0.2238721138568337,1.20445228801496e+29,0.0005035731389931,2.391812022426685e+32,6.37,1.890819918390832e+28,74,0.0323631717404474,0.0001445594491862,True
M2_scalar_phi_massive,0.1,5.343777930616317,7.498942093324558,40.072681261277495,0.251188643150958,0.2511886431509577,1.0734692316306696e+29,0.0005035731389931,2.1317047088273547e+32,6.37,1.6851950261078016e+28,74,0.0311447185966485,0.0001391168764761,True
M2_scalar_phi_massive,0.1,5.343777930616317,7.498942093324558,40.072681261277495,0.28183829312644537,0.2818382931264451,9.567304597485452e+28,0.0005035731389931,1.899883821566503e+32,6.37,1.5019316479569e+28,74,0.0299721394504768,0.0001338792132193,True
M2_scalar_phi_massive,0.1,5.343777930616317,7.498942093324558,40.072681261277495,0.31622776601683794,0.3162277660168376,8.526869197920205e+28,0.0005035731389931,1.693273238316271e+32,6.37,1.3385979902543494e+28,74,0.0288437071746573,0.0001288387447033,True
M2_scalar_phi_massive,0.1,5.343777930616317,7.498942093324558,40.072681261277495,0.35481338923357547,0.3548133892335749,7.599580171990122e+28,0.0005035731389931,1.509131362166142e+32,6.37,1.1930267145981353e+28,74,0.0277577596671745,0.0001239880466695,True
M2_scalar_phi_massive,0.1,5.343777930616317,7.498942093324558,40.072681261277495,0.3981071705534972,0.3981071705534968,6.773132957708806e+28,0.0005035731389931,1.345014742297631e+32,6.37,1.063286178604208e+28,74,0.0267126974031129,0.0001193199743783,True
M2_scalar_phi_massive,0.1,5.343777930616317,7.498942093324558,40.072681261277495,0.44668359215096315,0.4466835921509628,6.036561102662565e+28,0.0005035731389931,1.1987456508764818e+32,6.37,9.47654804185646e+27,74,0.0257069810786683,0.0001148276520848,True
M2_scalar_phi_massive,0.1,5.343777930616317,7.498942093324558,40.072681261277495,0.5011872336272722,0.5011872336272721,5.380090745849688e+28,0.0005035731389931,1.0683831859274115e+32,6.37,8.445982332574078e+27,74,0.0247391293438603,0.0001105044629116,True
M2_scalar_phi_massive,0.1,5.343777930616317,7.498942093324558,40.072681261277495,0.5623413251903491,0.5623413251903485,4.7950109244832175e+28,0.0005035731389931,9.521975167441255e+31,6.37,7.527489677367688e+27,74,0.0238077166206073,0.0001063440391027,True
M2_scalar_phi_massive,0.1,5.343777930616317,7.498942093324558,40.072681261277495,0.6309573444801932,0.630957344480193,4.273557984807225e+28,0.0005035731389931,8.486469300868248e+31,6.37,6.708882236746036e+27,74,0.0229113710029496,0.0001023402526442,True
M2_scalar_phi_massive,0.1,5.343777930616317,7.498942093324558,40.072681261277495,0.7079457843841379,0.7079457843841369,3.8088125631283994e+28,0.0005035731389931,7.563573725842057e+31,6.37,5.979297587328726e+27,74,0.0220487722363275,9.848720623795576e-05,True
M2_scalar_phi_massive,0.1,5.343777930616317,7.498942093324558,40.072681261277495,0.7943282347242815,0.7943282347242807,3.3946077700637816e+28,0.0005035731389931,6.741042178800483e+31,6.37,5.329054584087569e+27,74,0.0212186497729386,9.477922461529449e-05,True
M2_scalar_phi_massive,0.1,5.343777930616317,7.498942093324558,40.072681261277495,0.8912509381337456,0.8912509381337448,3.025447359665447e+28,0.0005035731389931,6.007960165855078e+31,6.37,4.749524897433983e+27,74,0.0204197809003091,9.121084617805376e-05,True
M2_scalar_phi_massive,0.1,5.343777930616317,7.498942093324558,40.072681261277495,1.0,0.9999999999999998,2.6964327975760934e+28,0.0005035731389931,5.354600134088512e+31,6.37,4.233018520527619e+27,74,0.0196509889403242,8.777681495374974e-05,True
M2_scalar_phi_massive,0.1,5.343777930616317,7.498942093324558,40.072681261277495,1.1220184543019633,1.1220184543019625,2.403198260454293e+28,0.0005035731389931,4.772292392837466e+31,6.37,3.77268172755776e+27,74,0.0189111415160629,8.447207285397017e-05,True
M2_scalar_phi_massive,0.1,5.343777930616317,7.498942093324558,40.072681261277495,1.2589254117941673,1.258925411794166,2.141852704151273e+28,0.0005035731389931,4.253310072164928e+31,6.37,3.3624061289658925e+27,74,0.018199148883886,8.129175222416317e-05,True
M2_scalar_phi_massive,0.1,5.343777930616317,7.498942093324558,40.072681261277495,1.4125375446227544,1.412537544622753,1.9089282319191224e+28,0.0005035731389931,3.7907665919907e+31,6.37,2.996747616827507e+27,74,0.0175139623283198,7.823116867392164e-05,True
M2_scalar_phi_massive,0.1,5.343777930616317,7.498942093324558,40.072681261277495,1.5848931924611136,1.5848931924611125,1.7013340775279097e+28,0.0005035731389931,3.3785242813577733e+31,6.37,2.6708541248475816e+27,74,0.0168545726173711,7.528581417720301e-05,True
M2_scalar_phi_massive,0.1,5.343777930616317,7.498942093324558,40.072681261277495,1.7782794100389228,1.7782794100389216,1.5163155926756607e+28,0.0005035731389931,3.011112935267755e+31,6.37,2.3804012443887924e+27,74,0.0162200085159991,7.245135043232141e-05,True
M2_scalar_phi_massive,0.1,5.343777930616317,7.498942093324558,40.072681261277495,1.9952623149688795,1.9952623149688775,1.3514176944790088e+28,0.0005035731389931,2.683657228384043e+31,6.37,2.121534842196246e+27,74,0.0156093353555541,6.972360247193196e-05,True
M2_scalar_phi_massive,0.1,5.343777930616317,7.498942093324558,40.072681261277495,2.2387211385683394,2.2387211385683377,1.20445228801496e+28,0.0005035731389931,2.391812022426685e+31,6.37,1.8908199183908323e+27,74,0.0150216536570753,6.709855251359503e-05,True
M2_scalar_phi_massive,0.1,5.343777930616317,7.498942093324558,40.072681261277495,2.51188643150958,2.511886431509579,1.073469231630669e+28,0.0005035731389931,2.131704708827354e+31,6.37,1.6851950261078007e+27,74,0.0144560978064215,6.457233404186321e-05,True
M2_scalar_phi_massive,0.1,5.343777930616317,7.498942093324558,40.072681261277495,2.8183829312644537,2.8183829312644533,9.567304597485448e+27,0.0005035731389931,1.899883821566502e+31,6.37,1.5019316479568993e+27,74,0.0139118347792818,6.214122611317368e-05,True
M2_scalar_phi_massive,0.1,5.343777930616317,7.498942093324558,40.072681261277495,3.1622776601683795,3.162277660168376,8.526869197920205e+27,0.0005035731389931,1.693273238316271e+31,6.37,1.3385979902543493e+27,74,0.0133880629141886,5.980164787515797e-05,True
M2_scalar_phi_massive,0.1,5.343777930616317,7.498942093324558,40.072681261277495,3.548133892335755,3.5481338923357515,7.59958017199012e+27,0.0005035731389931,1.5091313621661416e+31,6.37,1.193026714598135e+27,74,0.0128840107317264,5.755015329229619e-05,True
M2_scalar_phi_massive,0.1,5.343777930616317,7.498942093324558,40.072681261277495,3.9810717055349722,3.9810717055349687,6.773132957708806e+27,0.0005035731389931,1.3450147422976311e+31,6.37,1.0632861786042082e+27,74,0.0123989357981966,5.538342607014727e-05,True
M2_scalar_phi_massive,0.1,5.343777930616317,7.498942093324558,40.072681261277495,4.466835921509632,4.466835921509627,6.036561102662562e+27,0.0005035731389931,1.1987456508764815e+31,6.37,9.476548041856457e+26,74,0.0119321236320642,5.329827477067844e-05,True
M2_scalar_phi_massive,0.1,5.343777930616317,7.498942093324558,40.072681261277495,5.011872336272722,5.011872336272717,5.380090745849687e+27,0.0005035731389931,1.0683831859274117e+31,6.37,8.445982332574076e+26,74,0.0114828866515764,5.129162811149985e-05,True
M2_scalar_phi_massive,0.1,5.343777930616317,7.498942093324558,40.072681261277495,5.623413251903491,5.623413251903483,4.795010924483217e+27,0.0005035731389931,9.521975167441256e+30,6.37,7.527489677367688e+26,74,0.0110505631620028,4.936053044207969e-05,True
M2_scalar_phi_massive,0.1,5.343777930616317,7.498942093324558,40.072681261277495,6.309573444801933,6.309573444801929,4.273557984807225e+27,0.0005035731389931,8.486469300868248e+30,6.37,6.708882236746037e+26,74,0.010634516381005,4.750213739027731e-05,True
M2_scalar_phi_massive,0.1,5.343777930616317,7.498942093324558,40.072681261277495,7.079457843841379,7.079457843841374,3.8088125631283983e+27,0.0005035731389931,7.563573725842057e+30,6.37,5.979297587328726e+26,74,0.0102341335007009,4.571371167278143e-05,True
M2_scalar_phi_massive,0.1,5.343777930616317,7.498942093324558,40.072681261277495,7.943282347242816,7.943282347242812,3.3946077700637805e+27,0.0005035731389931,6.741042178800481e+30,6.37,5.329054584087567e+26,74,0.0098488247850412,4.399261906328282e-05,True
M2_scalar_phi_massive,0.1,5.343777930616317,7.498942093324558,40.072681261277495,8.912509381337454,8.912509381337452,3.025447359665446e+27,0.0005035731389931,6.007960165855076e+30,6.37,4.749524897433981e+26,74,0.0094780227011694,4.233632451244271e-05,True
M2_scalar_phi_massive,0.1,5.343777930616317,7.498942093324558,40.072681261277495,10.0,9.999999999999988,2.696432797576093e+27,0.0005035731389931,5.354600134088513e+30,6.37,4.233018520527619e+26,74,0.0091211810834857,4.074238841394201e-05,True
M2_scalar_phi_massive,0.1,5.343777930616317,8.659643233600654,46.275210398726095,0.1,0.0999999999999999,5.620095513187466e+30,0.0005035731389931,1.116043545218546e+34,6.37,8.822755907672631e+29,74,0.050828989148596,0.0003027658442089,True
M2_scalar_phi_massive,0.1,5.343777930616317,8.659643233600654,46.275210398726095,0.11220184543019636,0.1122018454301962,5.0089153985295824e+30,0.0005035731389931,9.946748566741404e+33,6.37,7.863289479638277e+29,74,0.048915309546333,0.0002913668998264,True
M2_scalar_phi_massive,0.1,5.343777930616317,8.659643233600654,46.275210398726095,0.12589254117941673,0.1258925411794167,4.464200547972055e+30,0.0005035731389931,8.865048991488765e+33,6.37,7.008164125544826e+29,74,0.04707367878237,0.0002803971185596,True
M2_scalar_phi_massive,0.1,5.343777930616317,8.659643233600654,46.275210398726095,0.14125375446227545,0.1412537544622753,3.9787229263972746e+30,0.0005035731389931,7.900983230265975e+33,6.37,6.246032851487087e+29,74,0.0453013842630762,0.000269840342686,True
M2_scalar_phi_massive,0.1,5.343777930616317,8.659643233600654,46.275210398726095,0.15848931924611134,0.1584893192461112,3.546040540725813e+30,0.0005035731389931,7.041758716153543e+33,6.37,5.566782638502061e+29,74,0.0435958155222719,0.0002596810228114,True
M2_scalar_phi_massive,0.1,5.343777930616317,8.659643233600654,46.275210398726095,0.1778279410038923,0.1778279410038922,3.1604119585821746e+30,0.0005035731389931,6.275974061883324e+33,6.37,4.961400248951608e+29,74,0.0419544603761938,0.0002499041949662,True
M2_scalar_phi_massive,0.1,5.343777930616317,8.659643233600654,46.275210398726095,0.19952623149688797,0.1995262314968878,2.816720122975472e+30,0.0005035731389931,5.593467770356566e+33,6.37,4.42185262633512e+29,74,0.0403749012232239,0.0002404954585652,True
M2_scalar_phi_massive,0.1,5.343777930616317,8.659643233600654,46.275210398726095,0.22387211385683395,0.2238721138568339,2.510404452062088e+30,0.0005035731389931,4.985183397751159e+33,6.37,3.940980301510341e+29,74,0.0388548114829305,0.0002314409551961,True
M2_scalar_phi_massive,0.1,5.343777930616317,8.659643233600654,46.275210398726095,0.251188643150958,0.2511886431509577,2.2374003229954677e+30,0.0005035731389931,4.443049380014494e+33,6.37,3.512402390887704e+29,74,0.0373919521691778,0.0002227273482072,True
M2_scalar_phi_massive,0.1,5.343777930616317,8.659643233600654,46.275210398726095,0.28183829312644537,0.2818382931264452,1.9940851368504555e+30,0.0005035731389931,3.9598719281124745e+33,6.37,3.1304319259818765e+29,74,0.0359841685922556,0.0002143418030632,True
M2_scalar_phi_massive,0.1,5.343777930616317,8.659643233600654,46.275210398726095,0.31622776601683794,0.3162277660168377,1.7772302489365267e+30,0.0005035731389931,3.5292395708197266e+33,6.37,2.7900003907951757e+29,74,0.0346293871851716,0.0002062719684411,True
M2_scalar_phi_massive,0.1,5.343777930616317,8.659643233600654,46.275210398726095,0.35481338923357547,0.3548133892335753,1.5839581266443496e+30,0.0005035731389931,3.1454380783918185e+33,6.37,2.486590465689717e+29,74,0.0333256124494319,0.0001985059580377,True
M2_scalar_phi_massive,0.1,5.343777930616317,8.659643233600654,46.275210398726095,0.3981071705534972,0.398107170553497,1.4117041663363465e+30,0.0005035731389931,2.803374638208314e+33,6.37,2.216176085300387e+29,74,0.0320709240158107,0.0001910323330613,True
M2_scalar_phi_massive,0.1,5.343777930616317,8.659643233600654,46.275210398726095,0.44668359215096315,0.4466835921509628,1.258182662614586e+30,0.0005035731389931,2.4985102762435093e+33,6.37,1.9751690150935417e+29,74,0.0308634738157809,0.0001838400853838,True
M2_scalar_phi_massive,0.1,5.343777930616317,8.659643233600654,46.275210398726095,0.5011872336272722,0.5011872336272721,1.1213564783988636e+30,0.0005035731389931,2.2267996276388312e+33,6.37,1.760371237674825e+29,74,0.0297014833594378,0.0001769186213262,True
M2_scalar_phi_massive,0.1,5.343777930616317,8.659643233600654,46.275210398726095,0.5623413251903491,0.5623413251903487,9.994100133553404e+29,0.0005035731389931,1.984637257168984e+33,6.37,1.5689325170413508e+29,74,0.0285832411159073,0.0001702577460548,True
M2_scalar_phi_massive,0.1,5.343777930616317,8.659643233600654,46.275210398726095,0.6309573444801932,0.630957344480193,8.907251119832062e+29,0.0005035731389931,1.7688098173070403e+33,6.37,1.3983125776816423e+29,74,0.027507099992381,0.0001638476485649,True
M2_scalar_phi_massive,0.1,5.343777930616317,8.659643233600654,46.275210398726095,0.7079457843841379,0.7079457843841372,7.93859591674318e+29,0.0005035731389931,1.5764534090550787e+33,6.37,1.2462473966629796e+29,74,0.0264714749080627,0.0001576788872303,True
M2_scalar_phi_massive,0.1,5.343777930616317,8.659643233600654,46.275210398726095,0.7943282347242815,0.7943282347242807,7.075281058262083e+29,0.0005035731389931,1.4050155797444802e+33,6.37,1.110719161422619e+29,74,0.0254748404594555,0.0001517423758958,True
M2_scalar_phi_massive,0.1,5.343777930616317,8.659643233600654,46.275210398726095,0.8912509381337456,0.8912509381337452,6.305850880736e+29,0.0005035731389931,1.2522214535397964e+33,6.37,9.89929494621036e+28,74,0.0245157286735483,0.0001460293704945,True
M2_scalar_phi_massive,0.1,5.343777930616317,8.659643233600654,46.275210398726095,1.0,0.9999999999999988,5.620095513187466e+29,0.0005035731389931,1.116043545218546e+33,6.37,8.822755907672632e+28,74,0.0235927268455948,0.0001405314561679,True
M2_scalar_phi_massive,0.1,5.343777930616317,8.659643233600654,46.275210398726095,1.1220184543019633,1.122018454301963,5.0089153985295824e+29,0.0005035731389931,9.946748566741404e+32,6.37,7.863289479638275e+28,74,0.0227044754582972,0.0001352405348718,True
M2_scalar_phi_massive,0.1,5.343777930616317,8.659643233600654,46.275210398726095,1.2589254117941673,1.2589254117941662,4.464200547972054e+29,0.0005035731389931,8.865048991488763e+32,6.37,7.008164125544826e+28,74,0.0218496661793323,0.0001301488134483,True
M2_scalar_phi_massive,0.1,5.343777930616317,8.659643233600654,46.275210398726095,1.4125375446227544,1.4125375446227535,3.9787229263972736e+29,0.0005035731389931,7.900983230265973e+32,6.37,6.246032851487085e+28,74,0.0210270399342696,0.0001252487921469,True
M2_scalar_phi_massive,0.1,5.343777930616317,8.659643233600654,46.275210398726095,1.5848931924611136,1.5848931924611125,3.5460405407258114e+29,0.0005035731389931,7.04175871615354e+32,6.37,5.566782638502059e+28,74,0.020235385052042,0.0001205332535782,True
M2_scalar_phi_massive,0.1,5.343777930616317,8.659643233600654,46.275210398726095,1.7782794100389228,1.7782794100389212,3.160411958582175e+29,0.0005035731389931,6.275974061883324e+32,6.37,4.961400248951609e+28,74,0.0194735354802391,0.0001159952520828,True
M2_scalar_phi_massive,0.1,5.343777930616317,8.659643233600654,46.275210398726095,1.9952623149688795,1.9952623149688784,2.8167201229754717e+29,0.0005035731389931,5.5934677703565656e+32,6.37,4.42185262633512e+28,74,0.0187403690675935,0.0001116281035011,True
M2_scalar_phi_massive,0.1,5.343777930616317,8.659643233600654,46.275210398726095,2.2387211385683394,2.238721138568338,2.510404452062088e+29,0.0005035731389931,4.985183397751159e+32,6.37,3.940980301510341e+28,74,0.01803480591113,0.0001074253753279,True
M2_scalar_phi_massive,0.1,5.343777930616317,8.659643233600654,46.275210398726095,2.51188643150958,2.5118864315095784,2.2374003229954664e+29,0.0005035731389931,4.443049380014493e+32,6.37,3.512402390887702e+28,74,0.0173558067655439,0.0001033808772378,True
M2_scalar_phi_massive,0.1,5.343777930616317,8.659643233600654,46.275210398726095,2.8183829312644537,2.818382931264452,1.9940851368504546e+29,0.0005035731389931,3.959871928112473e+32,6.37,3.130431925981875e+28,74,0.0167023715124653,9.948865196746388e-05,True
M2_scalar_phi_massive,0.1,5.343777930616317,8.659643233600654,46.275210398726095,3.1622776601683795,3.162277660168377,1.7772302489365266e+29,0.0005035731389931,3.529239570819726e+32,6.37,2.7900003907951757e+28,74,0.0160735376873546,9.57429665403903e-05,True
M2_scalar_phi_massive,0.1,5.343777930616317,8.659643233600654,46.275210398726095,3.548133892335755,3.548133892335752,1.5839581266443494e+29,0.0005035731389931,3.1454380783918183e+32,6.37,2.486590465689716e+28,74,0.015468379061859,9.213830382335584e-05,True
M2_scalar_phi_massive,0.1,5.343777930616317,8.659643233600654,46.275210398726095,3.9810717055349722,3.9810717055349696,1.4117041663363464e+29,0.0005035731389931,2.8033746382083137e+32,6.37,2.2161760853003867e+28,74,0.0148860042795431,8.86693543996639e-05,True
M2_scalar_phi_massive,0.1,5.343777930616317,8.659643233600654,46.275210398726095,4.466835921509632,4.46683592150963,1.2581826626145856e+29,0.0005035731389931,2.4985102762435087e+32,6.37,1.9751690150935407e+28,74,0.0143255555429829,8.533100874883065e-05,True
M2_scalar_phi_massive,0.1,5.343777930616317,8.659643233600654,46.275210398726095,5.011872336272722,5.01187233627272,1.1213564783988633e+29,0.0005035731389931,2.2267996276388306e+32,6.37,1.7603712376748246e+28,74,0.0137862073502902,8.211834972061795e-05,True
M2_scalar_phi_massive,0.1,5.343777930616317,8.659643233600654,46.275210398726095,5.623413251903491,5.623413251903488,9.994100133553405e+28,0.0005035731389931,1.984637257168984e+32,6.37,1.5689325170413508e+28,74,0.0132671652792057,7.9026645292414e-05,True
M2_scalar_phi_massive,0.1,5.343777930616317,8.659643233600654,46.275210398726095,6.309573444801933,6.309573444801926,8.907251119832061e+28,0.0005035731389931,1.7688098173070403e+32,6.37,1.3983125776816425e+28,74,0.0127676648169706,7.605134159929417e-05,True
M2_scalar_phi_massive,0.1,5.343777930616317,8.659643233600654,46.275210398726095,7.079457843841379,7.0794578438413724,7.93859591674318e+28,0.0005035731389931,1.5764534090550783e+32,6.37,1.2462473966629796e+28,74,0.0122869702342525,7.318805622649577e-05,True
M2_scalar_phi_massive,0.1,5.343777930616317,8.659643233600654,46.275210398726095,7.943282347242816,7.943282347242808,7.07528105826208e+28,0.0005035731389931,1.4050155797444798e+32,6.37,1.1107191614226186e+28,74,0.0118243735014675,7.043257175442673e-05,True
M2_scalar_phi_massive,0.1,5.343777930616317,8.659643233600654,46.275210398726095,8.912509381337454,8.91250938133745,6.305850880735998e+28,0.0005035731389931,1.2522214535397958e+32,6.37,9.899294946210358e+27,74,0.0113791932459022,6.778082954670087e-05,True
M2_scalar_phi_massive,0.1,5.343777930616317,8.659643233600654,46.275210398726095,10.0,9.999999999999991,5.620095513187466e+28,0.0005035731389931,1.116043545218546e+32,6.37,8.822755907672631e+27,74,0.0109507737480989,6.522892377204965e-05,True
M2_scalar_phi_massive,0.1,5.343777930616317,10.0,53.437779306163165,0.1,0.0999999999999998,3.278361576893507e+32,0.0005035731389931,6.510199458708823e+35,6.37,5.146564484919163e+31,74,0.0610091512148191,0.000484607788595,True
M2_scalar_phi_massive,0.1,5.343777930616317,10.0,53.437779306163165,0.11220184543019636,0.1122018454301962,2.9218428309479635e+32,0.0005035731389931,5.80222137501204e+35,6.37,4.586880425350021e+31,74,0.0587121948875969,0.0004663626089118,True
M2_scalar_phi_massive,0.1,5.343777930616317,10.0,53.437779306163165,0.12589254117941673,0.1258925411794166,2.604095164161732e+32,0.0005035731389931,5.171235243739152e+35,6.37,4.08806148220052e+31,74,0.0565017175272855,0.0004488043488149,True
M2_scalar_phi_massive,0.1,5.343777930616317,10.0,53.437779306163165,0.14125375446227545,0.1412537544622754,2.320902258048693e+32,0.0005035731389931,4.608868262292808e+35,6.37,3.643488631159644e+31,74,0.0543744632549511,0.0004319071462122,True
M2_scalar_phi_massive,0.1,5.343777930616317,10.0,53.437779306163165,0.15848931924611134,0.1584893192461113,2.0685063148026263e+32,0.0005035731389931,4.107658162503311e+35,6.37,3.247262660600669e+31,74,0.052327298773462,0.0004156461127032,True
M2_scalar_phi_massive,0.1,5.343777930616317,10.0,53.437779306163165,0.1778279410038923,0.1778279410038923,1.843558193603417e+32,0.0005035731389931,3.6609541908638125e+35,6.37,2.894125892627029e+31,74,0.0503572087523611,0.0003999972969198,True
M2_scalar_phi_massive,0.1,5.343777930616317,10.0,53.437779306163165,0.19952623149688797,0.1995262314968879,1.643072969553199e+32,0.0005035731389931,3.2628288570720404e+35,6.37,2.579392416881003e+31,74,0.048461291386494,0.0003849376492483,True
M2_scalar_phi_massive,0.1,5.343777930616317,10.0,53.437779306163165,0.22387211385683395,0.2238721138568338,1.4643903255364875e+32,0.0005035731389931,2.9079992798353124e+35,6.37,2.298885911360263e+31,74,0.0466367541218528,0.0003704449878783,True
M2_scalar_phi_massive,0.1,5.343777930616317,10.0,53.437779306163165,0.251188643150958,0.2511886431509579,1.3051392514283758e+32,0.0005035731389931,2.591757086245479e+35,6.37,2.048884225162285e+31,74,0.0448809095423387,0.0003564979661307,True
M2_scalar_phi_massive,0.1,5.343777930616317,10.0,53.437779306163165,0.28183829312644537,0.2818382931264451,1.1632065822307144e+32,0.0005035731389931,2.309905934531066e+35,6.37,1.8260699878033192e+31,74,0.0431911714113856,0.0003430760410156,True
M2_scalar_phi_massive,0.1,5.343777930616317,10.0,53.437779306163165,0.31622776601683794,0.3162277660168377,1.036708957656472e+32,0.0005035731389931,2.0587058311515185e+35,6.37,1.627486589727585e+31,74,0.0415650508626141,0.0003301594429735,True
M2_scalar_phi_massive,0.1,5.343777930616317,10.0,53.437779306163165,0.35481338923357547,0.3548133892335752,9.23967831082988e+31,0.0005035731389931,1.8348235033552036e+35,6.37,1.4504989498948005e+31,74,0.0400001527339051,0.0003177291467568,True
M2_scalar_phi_massive,0.1,5.343777930616317,10.0,53.437779306163165,0.3981071705534972,0.3981071705534972,8.23487196258115e+31,0.0005035731389931,1.6352881686751702e+35,6.37,1.2927585498557536e+31,74,0.0384941720394928,0.0003057668434063,True
M2_scalar_phi_massive,0.1,5.343777930616317,10.0,53.437779306163165,0.44668359215096315,0.4466835921509626,7.3393373620617295e+31,0.0005035731389931,1.4574521144507603e+35,6.37,1.152172270339361e+31,74,0.0370448905748817,0.0002942549132838,True
M2_scalar_phi_massive,0.1,5.343777930616317,10.0,53.437779306163165,0.5011872336272722,0.501187233627272,6.541191309217565e+31,0.0005035731389931,1.2989555642892511e+35,6.37,1.026874616831643e+31,74,0.0356501736495861,0.0002831764001194,True
M2_scalar_phi_massive,0.1,5.343777930616317,10.0,53.437779306163165,0.5623413251903491,0.562341325190349,5.829842890852459e+31,0.0005035731389931,1.157695365266844e+35,6.37,9.152029655969324e+30,74,0.0343079669428798,0.0002725149860361,True
M2_scalar_phi_massive,0.1,5.343777930616317,10.0,53.437779306163165,0.6309573444801932,0.6309573444801932,5.1958529456446e+31,0.0005035731389931,1.0317970803671638e+35,6.37,8.156755016710519e+30,74,0.0330162934779253,0.0002622549675147,True
M2_scalar_phi_massive,0.1,5.343777930616317,10.0,53.437779306163165,0.7079457843841379,0.7079457843841372,4.630808812210735e+31,0.0005035731389931,9.195901158408944e+34,6.37,7.269715560770385e+30,74,0.0317732507098245,0.0002523812322638,True
M2_scalar_phi_massive,0.1,5.343777930616317,10.0,53.437779306163165,0.7943282347242815,0.7943282347242812,4.127212698200835e+31,0.0005035731389931,8.195855534417169e+34,6.37,6.479140813502095e+30,74,0.0305770077233031,0.0002428792369602,True
M2_scalar_phi_massive,0.1,5.343777930616317,10.0,53.437779306163165,0.8912509381337456,0.8912509381337448,3.678382189149e+31,0.0005035731389931,7.304563933857952e+34,6.37,5.77454032833438e+30,74,0.0294258025358999,0.0002337349858277,True
M2_scalar_phi_massive,0.1,5.343777930616317,10.0,53.437779306163165,1.0,0.9999999999999992,3.2783615768935074e+31,0.0005035731389931,6.510199458708823e+34,6.37,5.146564484919164e+30,74,0.0283179395026898,0.0002249350100224,True
M2_scalar_phi_massive,0.1,5.343777930616317,10.0,53.437779306163165,1.1220184543019633,1.122018454301963,2.9218428309479635e+31,0.0005035731389931,5.8022213750120405e+34,6.37,4.586880425350021e+30,74,0.0272517868187167,0.0002164663477939,True
M2_scalar_phi_massive,0.1,5.343777930616317,10.0,53.437779306163165,1.2589254117941673,1.2589254117941664,2.604095164161731e+31,0.0005035731389931,5.171235243739151e+34,6.37,4.08806148220052e+30,74,0.0262257741154592,0.0002083165253936,True
M2_scalar_phi_massive,0.1,5.343777930616317,10.0,53.437779306163165,1.4125375446227544,1.4125375446227535,2.3209022580486925e+31,0.0005035731389931,4.608868262292806e+34,6.37,3.643488631159643e+30,74,0.0252383901477869,0.0002004735387016,True
M2_scalar_phi_massive,0.1,5.343777930616317,10.0,53.437779306163165,1.5848931924611136,1.5848931924611138,2.0685063148026254e+31,0.0005035731389931,4.107658162503309e+34,6.37,3.2472626606006675e+30,74,0.0242881805680021,0.0001929258355457,True
M2_scalar_phi_massive,0.1,5.343777930616317,10.0,53.437779306163165,1.7782794100389228,1.7782794100389216,1.8435581936034172e+31,0.0005035731389931,3.660954190863813e+34,6.37,2.894125892627029e+30,74,0.0233737457836867,0.0001856622986858,True
M2_scalar_phi_massive,0.1,5.343777930616317,10.0,53.437779306163165,1.9952623149688795,1.9952623149688773,1.643072969553199e+31,0.0005035731389931,3.2628288570720403e+34,6.37,2.579392416881003e+30,74,0.0224937388962006,0.0001786722294388,True
M2_scalar_phi_massive,0.1,5.343777930616317,10.0,53.437779306163165,2.2387211385683394,2.238721138568338,1.4643903255364877e+31,0.0005035731389931,2.9079992798353124e+34,6.37,2.2988859113602632e+30,74,0.0216468637167937,0.0001719453319204,True
M2_scalar_phi_massive,0.1,5.343777930616317,10.0,53.437779306163165,2.51188643150958,2.5118864315095792,1.305139251428375e+31,0.0005035731389931,2.591757086245478e+34,6.37,2.048884225162285e+30,74,0.0208318728574104,0.0001654716978798,True
M2_scalar_phi_massive,0.1,5.343777930616317,10.0,53.437779306163165,2.8183829312644537,2.8183829312644533,1.163206582230714e+31,0.0005035731389931,2.309905934531065e+34,6.37,1.8260699878033184e+30,74,0.0200475658933743,0.0001592417921058,True
M2_scalar_phi_massive,0.1,5.343777930616317,10.0,53.437779306163165,3.1622776601683795,3.162277660168377,1.0367089576564718e+31,0.0005035731389931,2.0587058311515183e+34,6.37,1.6274865897275853e+30,74,0.0192927875952457,0.0001532464383817,True
M2_scalar_phi_massive,0.1,5.343777930616317,10.0,53.437779306163165,3.548133892335755,3.548133892335752,9.23967831082988e+30,0.0005035731389931,1.8348235033552032e+34,6.37,1.4504989498948005e+30,74,0.0185664262272499,0.0001474768059699,True
M2_scalar_phi_massive,0.1,5.343777930616317,10.0,53.437779306163165,3.9810717055349722,3.981071705534972,8.23487196258115e+30,0.0005035731389931,1.6352881686751704e+34,6.37,1.2927585498557536e+30,74,0.0178674119097679,0.0001419243966044,True
M2_scalar_phi_massive,0.1,5.343777930616317,10.0,53.437779306163165,4.466835921509632,4.466835921509633,7.339337362061728e+30,0.0005035731389931,1.45745211445076e+34,6.37,1.1521722703393609e+30,74,0.0171947150434778,0.0001365810319734,True
M2_scalar_phi_massive,0.1,5.343777930616317,10.0,53.437779306163165,5.011872336272722,5.011872336272722,6.541191309217564e+30,0.0005035731389931,1.2989555642892508e+34,6.37,1.0268746168316428e+30,74,0.0165473447928275,0.0001314388416737,True
M2_scalar_phi_massive,0.1,5.343777930616317,10.0,53.437779306163165,5.623413251903491,5.62341325190349,5.829842890852458e+30,0.0005035731389931,1.157695365266844e+34,6.37,9.152029655969324e+29,74,0.0159243476266027,0.0001264902516177,True
M2_scalar_phi_massive,0.1,5.343777930616317,10.0,53.437779306163165,6.309573444801933,6.309573444801927,5.1958529456446e+30,0.0005035731389931,1.0317970803671638e+34,6.37,8.156755016710519e+29,74,0.015324805913442,0.0001217279728775,True
M2_scalar_phi_massive,0.1,5.343777930616317,10.0,53.437779306163165,7.079457843841379,7.079457843841372,4.630808812210735e+30,0.0005035731389931,9.195901158408944e+33,6.37,7.269715560770385e+29,74,0.01474783657023,0.0001171449909489,True
M2_scalar_phi_massive,0.1,5.343777930616317,10.0,53.437779306163165,7.943282347242816,7.943282347242815,4.127212698200833e+30,0.0005035731389931,8.195855534417167e+33,6.37,6.479140813502093e+29,74,0.0141925897613775,0.000112734555419,True
M2_scalar_phi_massive,0.1,5.343777930616317,10.0,53.437779306163165,8.912509381337454,8.912509381337456,3.678382189148999e+30,0.0005035731389931,7.304563933857949e+33,6.37,5.774540328334378e+29,74,0.0136582476470728,0.0001084901700242,True
M2_scalar_phi_massive,0.1,5.343777930616317,10.0,53.437779306163165,10.0,9.999999999999998,3.2783615768935074e+30,0.0005035731389931,6.510199458708823e+33,6.37,5.146564484919164e+29,74,0.0131440231786607,0.0001044055830808,True
M2_scalar_phi_massive,0.1,5.343777930616317,11.547819846894582,61.70898484456836,0.1,0.0999999999999999,8.121898640551477e+34,0.0005035731389931,1.6128538263161727e+38,6.37,1.2750233344664797e+34,74,0.073208571015409,0.0007754563143111,True
M2_scalar_phi_massive,0.1,5.343777930616317,11.547819846894582,61.70898484456836,0.11220184543019636,0.1122018454301962,7.238649782818695e+34,0.0005035731389931,1.4374574857768898e+38,6.37,1.1363657429856665e+34,74,0.0704523141743878,0.0007462608698217,True
M2_scalar_phi_massive,0.1,5.343777930616317,11.547819846894582,61.70898484456836,0.12589254117941673,0.1258925411794166,6.451453409758796e+34,0.0005035731389931,1.2811353327260282e+38,6.37,1.012787034499026e+34,74,0.067799828676917,0.0007181646155293,True
M2_scalar_phi_massive,0.1,5.343777930616317,11.547819846894582,61.70898484456836,0.14125375446227545,0.1412537544622753,5.749863903773678e+34,0.0005035731389931,1.1418130671683609e+38,6.37,9.02647394626951e+33,74,0.0652472075969142,0.0006911261676115,True
M2_scalar_phi_massive,0.1,5.343777930616317,11.547819846894582,61.70898484456836,0.15848931924611134,0.1584893192461113,5.124571598379651e+34,0.0005035731389931,1.0176419672871713e+38,6.37,8.044853372652513e+33,74,0.0627906911016165,0.0006651057003211,True
M2_scalar_phi_massive,0.1,5.343777930616317,11.547819846894582,61.70898484456836,0.1778279410038923,0.1778279410038922,4.567279244589412e+34,0.0005035731389931,9.069743580289616e+37,6.37,7.16998311552498e+33,74,0.0604266609136095,0.0006400648873249,True
M2_scalar_phi_massive,0.1,5.343777930616317,11.547819846894582,61.70898484456836,0.19952623149688797,0.1995262314968878,4.070591911459098e+34,0.0005035731389931,8.083417474565636e+37,6.37,6.390254178114754e+33,74,0.058151634981357,0.0006159668452525,True
M2_scalar_phi_massive,0.1,5.343777930616317,11.547819846894582,61.70898484456836,0.22387211385683395,0.2238721138568337,3.627918859847557e+34,0.0005035731389931,7.204353407533334e+37,6.37,5.69532003115786e+33,74,0.0559622623503819,0.0005927760793692,True
M2_scalar_phi_massive,0.1,5.343777930616317,11.547819846894582,61.70898484456836,0.251188643150958,0.2511886431509578,3.233386087312244e+34,0.0005035731389931,6.420886733111132e+37,6.37,5.075959320741357e+33,74,0.0538553182275442,0.0005704584312948,True
M2_scalar_phi_massive,0.1,5.343777930616317,11.547819846894582,61.70898484456836,0.28183829312644537,0.2818382931264451,2.8817583836656384e+34,0.0005035731389931,5.722621324535817e+37,6.37,4.523953506539464e+33,74,0.0518276992311456,0.0005489810286906,True
M2_scalar_phi_massive,0.1,5.343777930616317,11.547819846894582,61.70898484456836,0.31622776601683794,0.3162277660168378,2.5683698629167864e+34,0.0005035731389931,5.100291624076724e+37,6.37,4.031977806776745e+33,74,0.0498764188198647,0.0005283122368411,True
M2_scalar_phi_massive,0.1,5.343777930616317,11.547819846894582,61.70898484456836,0.35481338923357547,0.3548133892335751,2.289062049799025e+34,0.0005035731389931,4.545639694714065e+37,6.37,3.5935040028242154e+33,74,0.0479986028937902,0.0005084216120578,True
M2_scalar_phi_massive,0.1,5.343777930616317,11.547819846894582,61.70898484456836,0.3981071705534972,0.3981071705534971,2.0401286993297355e+34,0.0005035731389931,4.0513056423319024e+37,6.37,3.2027138137044513e+33,74,0.0461914855610721,0.0004892798568381,True
M2_scalar_phi_massive,0.1,5.343777930616317,11.547819846894582,61.70898484456836,0.44668359215096315,0.4466835921509627,1.818266617191205e+34,0.0005035731389931,3.610729954394845e+37,6.37,2.854421691037998e+33,74,0.044452405063956,0.0004708587767121,True
M2_scalar_phi_massive,0.1,5.343777930616317,11.547819846894582,61.70898484456836,0.5011872336272722,0.5011872336272718,1.6205318283489333e+34,0.0005035731389931,3.218066459202022e+37,6.37,2.544006009966928e+33,74,0.0427787998581996,0.000453131238714,True
M2_scalar_phi_massive,0.1,5.343777930616317,11.547819846894582,61.70898484456836,0.5623413251903491,0.5623413251903486,1.444300512291581e+34,0.0005035731389931,2.868104750740543e+37,6.37,2.267347743000912e+33,74,0.0411682048400968,0.0004360711314169,True
M2_scalar_phi_massive,0.1,5.343777930616317,11.547819846894582,61.70898484456836,0.6309573444801932,0.6309573444801927,1.2872341865269205e+34,0.0005035731389931,2.556201049763361e+37,6.37,2.020775803024993e+33,74,0.039618247715552,0.0004196533264732,True
M2_scalar_phi_massive,0.1,5.343777930616317,11.547819846894582,61.70898484456836,0.7079457843841379,0.7079457843841374,1.147248676339947e+34,0.0005035731389931,2.2782165836600606e+37,6.37,1.8010183302039978e+33,74,0.0381266455058561,0.0004038536416015,True
M2_scalar_phi_massive,0.1,5.343777930616317,11.547819846894582,61.70898484456836,0.7943282347242815,0.7943282347242807,1.0224864590606756e+34,0.0005035731389931,2.030462667458886e+37,6.37,1.6051592763903852e+33,74,0.0366912011850185,0.0003886488049684,True
M2_scalar_phi_massive,0.1,5.343777930616317,11.547819846894582,61.70898484456836,0.8912509381337456,0.8912509381337452,9.112920158668784e+33,0.0005035731389931,1.8096517572182792e+37,6.37,1.4305997109370146e+33,74,0.0353098004437009,0.0003740164209102,True
M2_scalar_phi_massive,0.1,5.343777930616317,11.547819846894582,61.70898484456836,1.0,0.9999999999999988,8.121898640551477e+33,0.0005035731389931,1.6128538263161727e+37,6.37,1.2750233344664798e+33,74,0.033980408574987,0.0003599349369461,True
M2_scalar_phi_massive,0.1,5.343777930616317,11.547819846894582,61.70898484456836,1.1220184543019633,1.122018454301963,7.238649782818695e+33,0.0005035731389931,1.43745748577689e+37,6.37,1.1363657429856664e+33,74,0.0327010674774017,0.0003463836120326,True
M2_scalar_phi_massive,0.1,5.343777930616317,11.547819846894582,61.70898484456836,1.2589254117941673,1.2589254117941666,6.451453409758794e+33,0.0005035731389931,1.281135332726028e+37,6.37,1.0127870344990258e+33,74,0.0314698927707637,0.0003333424860136,True
M2_scalar_phi_massive,0.1,5.343777930616317,11.547819846894582,61.70898484456836,1.4125375446227544,1.4125375446227533,5.749863903773677e+33,0.0005035731389931,1.1418130671683605e+37,6.37,9.026473946269508e+32,74,0.0302850710206251,0.0003207923502203,True
M2_scalar_phi_massive,0.1,5.343777930616317,11.547819846894582,61.70898484456836,1.5848931924611136,1.5848931924611125,5.1245715983796496e+33,0.0005035731389931,1.0176419672871708e+37,6.37,8.04485337265251e+32,74,0.0291448570672092,0.0003087147191782,True
M2_scalar_phi_massive,0.1,5.343777930616317,11.547819846894582,61.70898484456836,1.7782794100389228,1.778279410038921,4.567279244589412e+33,0.0005035731389931,9.069743580289616e+36,6.37,7.16998311552498e+32,74,0.0280475714549115,0.0002970918033795,True
M2_scalar_phi_massive,0.1,5.343777930616317,11.547819846894582,61.70898484456836,1.9952623149688795,1.9952623149688784,4.070591911459098e+33,0.0005035731389931,8.083417474565636e+36,6.37,6.390254178114754e+32,74,0.0269915979585793,0.00028590648308,True
M2_scalar_phi_massive,0.1,5.343777930616317,11.547819846894582,61.70898484456836,2.2387211385683394,2.2387211385683377,3.627918859847557e+33,0.0005035731389931,7.204353407533335e+36,6.37,5.69532003115786e+32,74,0.0259753812029241,0.0002751422830833,True
M2_scalar_phi_massive,0.1,5.343777930616317,11.547819846894582,61.70898484456836,2.51188643150958,2.5118864315095792,3.233386087312243e+33,0.0005035731389931,6.420886733111129e+36,6.37,5.075959320741354e+32,74,0.0249974243715632,0.0002647833484738,True
M2_scalar_phi_massive,0.1,5.343777930616317,11.547819846894582,61.70898484456836,2.8183829312644537,2.8183829312644524,2.881758383665637e+33,0.0005035731389931,5.722621324535815e+36,6.37,4.523953506539462e+32,74,0.0240562870023127,0.0002548144212635,True
M2_scalar_phi_massive,0.1,5.343777930616317,11.547819846894582,61.70898484456836,3.1622776601683795,3.1622776601683773,2.5683698629167863e+33,0.0005035731389931,5.100291624076724e+36,6.37,4.0319778067767446e+32,74,0.0231505828654878,0.0002452208179182,True
M2_scalar_phi_massive,0.1,5.343777930616317,11.547819846894582,61.70898484456836,3.548133892335755,3.5481338923357515,2.289062049799025e+33,0.0005035731389931,4.545639694714064e+36,6.37,3.593504002824215e+32,74,0.022278977922083,0.0002359884077295,True
M2_scalar_phi_massive,0.1,5.343777930616317,11.547819846894582,61.70898484456836,3.9810717055349722,3.9810717055349696,2.040128699329736e+33,0.0005035731389931,4.051305642331903e+36,6.37,3.202713813704452e+32,74,0.0214401883588258,0.0002271035920011,True
M2_scalar_phi_massive,0.1,5.343777930616317,11.547819846894582,61.70898484456836,4.466835921509632,4.466835921509627,1.818266617191205e+33,0.0005035731389931,3.610729954394844e+36,6.37,2.8544216910379974e+32,74,0.020632978697209,0.0002185532840195,True
M2_scalar_phi_massive,0.1,5.343777930616317,11.547819846894582,61.70898484456836,5.011872336272722,5.011872336272718,1.620531828348933e+33,0.0005035731389931,3.218066459202021e+36,6.37,2.544006009966928e+32,74,0.0198561599737175,0.0002103248897776,True
M2_scalar_phi_massive,0.1,5.343777930616317,11.547819846894582,61.70898484456836,5.623413251903491,5.623413251903486,1.444300512291581e+33,0.0005035731389931,2.868104750740543e+36,6.37,2.267347743000912e+32,74,0.0191085879885677,0.0002024062894245,True
M2_scalar_phi_massive,0.1,5.343777930616317,11.547819846894582,61.70898484456836,6.309573444801933,6.309573444801929,1.2872341865269204e+33,0.0005035731389931,2.556201049763361e+36,6.37,2.020775803024993e+32,74,0.0183891616203811,0.0001947858194146,True
M2_scalar_phi_massive,0.1,5.343777930616317,11.547819846894582,61.70898484456836,7.079457843841379,7.079457843841373,1.1472486763399468e+33,0.0005035731389931,2.2782165836600604e+36,6.37,1.801018330203998e+32,74,0.0176968212043094,0.0001874522553271,True
M2_scalar_phi_massive,0.1,5.343777930616317,11.547819846894582,61.70898484456836,7.943282347242816,7.94328234724281,1.0224864590606752e+33,0.0005035731389931,2.0304626674588853e+36,6.37,1.605159276390385e+32,74,0.0170305469712222,0.0001803947953338,True
M2_scalar_phi_massive,0.1,5.343777930616317,11.547819846894582,61.70898484456836,8.912509381337454,8.912509381337452,9.11292015866878e+32,0.0005035731389931,1.8096517572182788e+36,6.37,1.4305997109370142e+32,74,0.0163893575456577,0.0001736030442884,True
M2_scalar_phi_massive,0.1,5.343777930616317,11.547819846894582,61.70898484456836,10.0,9.999999999999991,8.121898640551477e+32,0.0005035731389931,1.6128538263161728e+36,6.37,1.27502333446648e+32,74,0.0157723085003259,0.0001670669984156,True
M2_scalar_phi_massive,0.1,5.343777930616317,13.33521432163324,71.26042399198235,0.1,0.0999999999999999,1.7011032769338e+38,0.0005035731389931,3.3780659554935884e+41,6.37,2.670491800524019e+37,74,0.08782242079028,0.001240511546461,True
M2_scalar_phi_massive,0.1,5.343777930616317,13.33521432163324,71.26042399198235,0.11220184543019636,0.1122018454301962,1.516109891429638e+38,0.0005035731389931,3.0107044519113277e+41,6.37,2.380078322495507e+37,74,0.0845159616593225,0.0011938070637908,True
M2_scalar_phi_massive,0.1,5.343777930616317,13.33521432163324,71.26042399198235,0.12589254117941673,0.1258925411794166,1.351234363050516e+38,0.0005035731389931,2.683293167209415e+41,6.37,2.121247037755912e+37,74,0.0813339886434858,0.0011488609756375,True
M2_scalar_phi_massive,0.1,5.343777930616317,13.33521432163324,71.26042399198235,0.14125375446227545,0.1412537544622752,1.2042888937073263e+38,0.0005035731389931,2.3914875525632602e+41,6.37,1.890563412413385e+37,74,0.0782718149185136,0.0011056070795491,True
M2_scalar_phi_massive,0.1,5.343777930616317,13.33521432163324,71.26042399198235,0.15848931924611134,0.1584893192461113,1.0733236063007054e+38,0.0005035731389931,2.1314155247571812e+41,6.37,1.6849664149147651e+37,74,0.0753249301161468,0.0010639816655542,True
M2_scalar_phi_massive,0.1,5.343777930616317,13.33521432163324,71.26042399198235,0.1778279410038923,0.1778279410038921,9.566006710365984e+37,0.0005035731389931,1.899626085992667e+41,6.37,1.501727898016638e+37,74,0.0724889936806661,0.0010239234223222,True
M2_scalar_phi_massive,0.1,5.343777930616317,13.33521432163324,71.26042399198235,0.19952623149688797,0.1995262314968878,8.525712454807389e+37,0.0005035731389931,1.6930435312442998e+41,6.37,1.3384163979289465e+37,74,0.0697598284755561,0.0009853733468554,True
M2_scalar_phi_massive,0.1,5.343777930616317,13.33521432163324,71.26042399198235,0.22387211385683395,0.2238721138568338,7.598549223605643e+37,0.0005035731389931,1.508926635522751e+41,6.37,1.1928648702677617e+37,74,0.0671334146308747,0.0009482746575823,True
M2_scalar_phi_massive,0.1,5.343777930616317,13.33521432163324,71.26042399198235,0.251188643150958,0.2511886431509577,6.772214123993975e+37,0.0005035731389931,1.3448322794846484e+41,6.37,1.0631419346929315e+37,74,0.0646058836222649,0.0009125727107217,True
M2_scalar_phi_massive,0.1,5.343777930616317,13.33521432163324,71.26042399198235,0.28183829312644537,0.2818382931264451,6.035742191252231e+37,0.0005035731389931,1.1985830307232366e+41,6.37,9.475262466644004e+36,74,0.0621735125728886,0.0008782149197969,True
M2_scalar_phi_massive,0.1,5.343777930616317,13.33521432163324,71.26042399198235,0.31622776601683794,0.3162277660168376,5.37936089028698e+37,0.0005035731389931,1.0682382505632725e+41,6.37,8.444836562459937e+36,74,0.0598327187698888,0.0008451506781787,True
M2_scalar_phi_massive,0.1,5.343777930616317,13.33521432163324,71.26042399198235,0.35481338923357547,0.3548133892335752,4.794360440028252e+37,0.0005035731389931,9.520683429648677e+40,6.37,7.526468508678574e+36,74,0.0575800543873031,0.000813331284546,True
M2_scalar_phi_massive,0.1,5.343777930616317,13.33521432163324,71.26042399198235,0.3981071705534972,0.3981071705534969,4.272978239926496e+37,0.0005035731389931,8.485318038348788e+40,6.37,6.707972119193872e+36,74,0.0554122014076572,0.000782709871152,True
M2_scalar_phi_massive,0.1,5.343777930616317,13.33521432163324,71.26042399198235,0.44668359215096315,0.446683592150963,3.8082958649595705e+37,0.0005035731389931,7.562547662041552e+40,6.37,5.978486444206547e+36,74,0.0533259667347559,0.0007532413347911,True
M2_scalar_phi_massive,0.1,5.343777930616317,13.33521432163324,71.26042399198235,0.5011872336272722,0.5011872336272718,3.3941472623360805e+37,0.0005035731389931,6.740127698475695e+40,6.37,5.328331652018965e+36,74,0.051318277490476,0.0007248822703651,True
M2_scalar_phi_massive,0.1,5.343777930616317,13.33521432163324,71.26042399198235,0.5623413251903491,0.5623413251903489,3.0250369317211163e+37,0.0005035731389931,6.007145134407707e+40,6.37,4.748880583549633e+36,74,0.0493861764886305,0.0006975909069508,True
M2_scalar_phi_massive,0.1,5.343777930616317,13.33521432163324,71.26042399198235,0.6309573444801932,0.630957344480193,2.696067003285672e+37,0.0005035731389931,5.353873736546433e+40,6.37,4.232444275173739e+36,74,0.0475268178792401,0.0006713270462737,True
M2_scalar_phi_massive,0.1,5.343777930616317,13.33521432163324,71.26042399198235,0.7079457843841379,0.7079457843841374,2.402872245949791e+37,0.0005035731389931,4.77164499034663e+40,6.37,3.772169930847396e+36,74,0.0457374629567946,0.0006460520034994,True
M2_scalar_phi_massive,0.1,5.343777930616317,13.33521432163324,71.26042399198235,0.7943282347242815,0.794328234724281,2.141562143418292e+37,0.0005035731389931,4.2527330740876225e+40,6.37,3.361949989667648e+36,74,0.0440154761263307,0.0006217285502534,True
M2_scalar_phi_massive,0.1,5.343777930616317,13.33521432163324,71.26042399198235,0.8912509381337456,0.891250938133745,1.908669269393267e+37,0.0005035731389931,3.7902523419129997e+40,6.37,2.9963410822500266e+36,74,0.0423583210213844,0.000598320859786,True
M2_scalar_phi_massive,0.1,5.343777930616317,13.33521432163324,71.26042399198235,1.0,0.9999999999999988,1.7011032769338e+37,0.0005035731389931,3.3780659554935884e+40,6.37,2.670491800524019e+36,74,0.0407635567681006,0.0005757944542021,True
M2_scalar_phi_massive,0.1,5.343777930616317,13.33521432163324,71.26042399198235,1.1220184543019633,1.1220184543019625,1.516109891429638e+37,0.0005035731389931,3.0107044519113273e+40,6.37,2.380078322495507e+36,74,0.0392288343899957,0.0005541161536779,True
M2_scalar_phi_massive,0.1,5.343777930616317,13.33521432163324,71.26042399198235,1.2589254117941673,1.2589254117941668,1.3512343630505155e+37,0.0005035731389931,2.6832931672094145e+40,6.37,2.121247037755912e+36,74,0.0377518933480792,0.0005332540275892,True
M2_scalar_phi_massive,0.1,5.343777930616317,13.33521432163324,71.26042399198235,1.4125375446227544,1.4125375446227533,1.204288893707326e+37,0.0005035731389931,2.3914875525632595e+40,6.37,1.890563412413385e+36,74,0.0363305582112379,0.0005131773474798,True
M2_scalar_phi_massive,0.1,5.343777930616317,13.33521432163324,71.26042399198235,1.5848931924611136,1.5848931924611127,1.073323606300705e+37,0.0005035731389931,2.13141552475718e+40,6.37,1.6849664149147645e+36,74,0.034962735451977,0.0004938565418005,True
M2_scalar_phi_massive,0.1,5.343777930616317,13.33521432163324,71.26042399198235,1.7782794100389228,1.778279410038922,9.566006710365986e+36,0.0005035731389931,1.899626085992667e+40,6.37,1.5017278980166383e+36,74,0.0336464103628007,0.0004752631523525,True
M2_scalar_phi_massive,0.1,5.343777930616317,13.33521432163324,71.26042399198235,1.9952623149688795,1.9952623149688773,8.52571245480739e+36,0.0005035731389931,1.6930435312442996e+40,6.37,1.3384163979289465e+36,74,0.0323796440886884,0.0004573697923703,True
M2_scalar_phi_massive,0.1,5.343777930616317,13.33521432163324,71.26042399198235,2.2387211385683394,2.238721138568338,7.598549223605644e+36,0.0005035731389931,1.508926635522751e+40,6.37,1.192864870267762e+36,74,0.0311605707712964,0.0004401501061832,True
M2_scalar_phi_massive,0.1,5.343777930616317,13.33521432163324,71.26042399198235,2.51188643150958,2.511886431509579,6.772214123993972e+36,0.0005035731389931,1.3448322794846482e+40,6.37,1.0631419346929312e+36,74,0.0299873948006791,0.0004235787303945,True
M2_scalar_phi_massive,0.1,5.343777930616317,13.33521432163324,71.26042399198235,2.8183829312644537,2.818382931264453,6.035742191252228e+36,0.0005035731389931,1.1985830307232358e+40,6.37,9.475262466644e+35,74,0.0288583881704803,0.0004076312565241,True
M2_scalar_phi_massive,0.1,5.343777930616317,13.33521432163324,71.26042399198235,3.1622776601683795,3.162277660168375,5.379360890286979e+36,0.0005035731389931,1.0682382505632724e+40,6.37,8.444836562459936e+35,74,0.0277718879327009,0.0003922841950554,True
M2_scalar_phi_massive,0.1,5.343777930616317,13.33521432163324,71.26042399198235,3.548133892335755,3.5481338923357515,4.794360440028251e+36,0.0005035731389931,9.520683429648676e+39,6.37,7.526468508678573e+35,74,0.0267262937482922,0.0003775149408376,True
M2_scalar_phi_massive,0.1,5.343777930616317,13.33521432163324,71.26042399198235,3.9810717055349722,3.9810717055349714,4.272978239926496e+36,0.0005035731389931,8.485318038348787e+39,6.37,6.70797211919387e+35,74,0.0257200655299684,0.0003633017397897,True
M2_scalar_phi_massive,0.1,5.343777930616317,13.33521432163324,71.26042399198235,4.466835921509632,4.466835921509628,3.8082958649595694e+36,0.0005035731389931,7.562547662041549e+39,6.37,5.9784864442065456e+35,74,0.0247517211737649,0.0003496236568582,True
M2_scalar_phi_massive,0.1,5.343777930616317,13.33521432163324,71.26042399198235,5.011872336272722,5.011872336272719,3.39414726233608e+36,0.0005035731389931,6.740127698475694e+39,6.37,5.328331652018963e+35,74,0.0238198343760035,0.000336460545181,True
M2_scalar_phi_massive,0.1,5.343777930616317,13.33521432163324,71.26042399198235,5.623413251903491,5.623413251903484,3.0250369317211165e+36,0.0005035731389931,6.007145134407707e+39,6.37,4.748880583549633e+35,74,0.0229230325324457,0.0003237930164132,True
M2_scalar_phi_massive,0.1,5.343777930616317,13.33521432163324,71.26042399198235,6.309573444801933,6.309573444801924,2.696067003285672e+36,0.0005035731389931,5.353873736546433e+39,6.37,4.232444275173739e+35,74,0.0220599947165429,0.0003116024121686,True
M2_scalar_phi_massive,0.1,5.343777930616317,13.33521432163324,71.26042399198235,7.079457843841379,7.079457843841374,2.402872245949791e+36,0.0005035731389931,4.77164499034663e+39,6.37,3.772169930847396e+35,74,0.0212294497338036,0.0002998707765376,True
M2_scalar_phi_massive,0.1,5.343777930616317,13.33521432163324,71.26042399198235,7.943282347242816,7.943282347242811,2.1415621434182908e+36,0.0005035731389931,4.2527330740876207e+39,6.37,3.3619499896676466e+35,74,0.0204301742494126,0.0002885808296394,True
M2_scalar_phi_massive,0.1,5.343777930616317,13.33521432163324,71.26042399198235,8.912509381337454,8.912509381337456,1.9086692693932663e+36,0.0005035731389931,3.790252341912999e+39,6.37,2.996341082250025e+35,74,0.0196609909863443,0.00027771594217,True
M2_scalar_phi_massive,0.1,5.343777930616317,13.33521432163324,71.26042399198235,10.0,9.99999999999999,1.7011032769337998e+36,0.0005035731389931,3.378065955493588e+39,6.37,2.670491800524019e+35,74,0.0189207669913156,0.000267260110908,True
M2_scalar_phi_massive,0.1,5.343777930616317,15.39926526059492,82.29025384727366,0.1,0.0999999999999999,inf,,inf,6.37,inf,-1,0.1053217007289879,0.0019838702751677,True
M2_scalar_phi_massive,0.1,5.343777930616317,15.39926526059492,82.29025384727366,0.11220184543019636,0.1122018454301963,inf,,inf,6.37,inf,-1,0.1013564046698535,0.0019091788020002,True
M2_scalar_phi_massive,0.1,5.343777930616317,15.39926526059492,82.29025384727366,0.12589254117941673,0.1258925411794166,inf,,inf,6.37,inf,-1,0.0975403995234917,0.0018372994160108,True
M2_scalar_phi_massive,0.1,5.343777930616317,15.39926526059492,82.29025384727366,0.14125375446227545,0.1412537544622753,inf,,inf,6.37,inf,-1,0.0938680645805521,0.0017681262438789,True
M2_scalar_phi_massive,0.1,5.343777930616317,15.39926526059492,82.29025384727366,0.15848931924611134,0.1584893192461112,inf,,inf,6.37,inf,-1,0.0903339907478705,0.0017015573983477,True
M2_scalar_phi_massive,0.1,5.343777930616317,15.39926526059492,82.29025384727366,0.1778279410038923,0.1778279410038922,inf,,inf,6.37,inf,-1,0.0869329725812523,0.0016374948281522,True
M2_scalar_phi_massive,0.1,5.343777930616317,15.39926526059492,82.29025384727366,0.19952623149688797,0.1995262314968877,inf,,inf,6.37,inf,-1,0.083660000618216,0.0015758441735959,True
M2_scalar_phi_massive,0.1,5.343777930616317,15.39926526059492,82.29025384727366,0.22387211385683395,0.2238721138568337,inf,,inf,6.37,inf,-1,0.0805102539994047,0.0015165146275658,True
M2_scalar_phi_massive,0.1,5.343777930616317,15.39926526059492,82.29025384727366,0.251188643150958,0.2511886431509577,inf,,inf,6.37,inf,-1,0.0774790933677963,0.0014594188017798,True
M2_scalar_phi_massive,0.1,5.343777930616317,15.39926526059492,82.29025384727366,0.28183829312644537,0.2818382931264451,inf,,inf,6.37,inf,-1,0.0745620540352548,0.00140447259807,True
M2_scalar_phi_massive,0.1,5.343777930616317,15.39926526059492,82.29025384727366,0.31622776601683794,0.3162277660168376,inf,,inf,6.37,inf,-1,0.0717548394063555,0.0013515950845116,True
M2_scalar_phi_massive,0.1,5.343777930616317,15.39926526059492,82.29025384727366,0.35481338923357547,0.3548133892335751,inf,,inf,6.37,inf,-1,0.0690533146498005,0.0013007083762163,True
M2_scalar_phi_massive,0.1,5.343777930616317,15.39926526059492,82.29025384727366,0.3981071705534972,0.3981071705534971,inf,,inf,6.37,inf,-1,0.0664535006080998,0.001251737520613,True
M2_scalar_phi_massive,0.1,5.343777930616317,15.39926526059492,82.29025384727366,0.44668359215096315,0.4466835921509627,inf,,inf,6.37,inf,-1,0.0639515679365506,0.0012046103870479,True
M2_scalar_phi_massive,0.1,5.343777930616317,15.39926526059492,82.29025384727366,0.5011872336272722,0.5011872336272718,inf,,inf,6.37,inf,-1,0.0615438314628794,0.0011592575605412,True
M2_scalar_phi_massive,0.1,5.343777930616317,15.39926526059492,82.29025384727366,0.5623413251903491,0.5623413251903489,inf,,inf,6.37,inf,-1,0.0592267447592404,0.0011156122395435,True
M2_scalar_phi_massive,0.1,5.343777930616317,15.39926526059492,82.29025384727366,0.6309573444801932,0.630957344480193,inf,,inf,6.37,inf,-1,0.0569968949185747,0.0010736101375421,True
M2_scalar_phi_massive,0.1,5.343777930616317,15.39926526059492,82.29025384727366,0.7079457843841379,0.7079457843841376,inf,,inf,6.37,inf,-1,0.0548509975276364,0.001033189388371,True
M2_scalar_phi_massive,0.1,5.343777930616317,15.39926526059492,82.29025384727366,0.7943282347242815,0.7943282347242808,inf,,inf,6.37,inf,-1,0.0527858918292809,0.0009942904550867,True
M2_scalar_phi_massive,0.1,5.343777930616317,15.39926526059492,82.29025384727366,0.8912509381337456,0.8912509381337453,inf,,inf,6.37,inf,-1,0.0507985360668902,0.0009568560422743,True
M2_scalar_phi_massive,0.1,5.343777930616317,15.39926526059492,82.29025384727366,1.0,0.999999999999999,inf,,inf,6.37,inf,-1,0.0488860030040777,0.0009208310116555,True
M2_scalar_phi_massive,0.1,5.343777930616317,15.39926526059492,82.29025384727366,1.1220184543019633,1.1220184543019631,inf,,inf,6.37,inf,-1,0.047045475613073,0.0008861623008734,True
M2_scalar_phi_massive,0.1,5.343777930616317,15.39926526059492,82.29025384727366,1.2589254117941673,1.2589254117941668,inf,,inf,6.37,inf,-1,0.0452742429254368,0.0008527988453359,True
M2_scalar_phi_massive,0.1,5.343777930616317,15.39926526059492,82.29025384727366,1.4125375446227544,1.4125375446227544,inf,,inf,6.37,inf,-1,0.0435696960389933,0.0008206915030006,True
M2_scalar_phi_massive,0.1,5.343777930616317,15.39926526059492,82.29025384727366,1.5848931924611136,1.5848931924611125,inf,,inf,6.37,inf,-1,0.0419293242750996,0.0007897929819922,True
M2_scalar_phi_massive,0.1,5.343777930616317,15.39926526059492,82.29025384727366,1.7782794100389228,1.7782794100389223,inf,,inf,6.37,inf,-1,0.0403507114805906,0.000760057770945,True
M2_scalar_phi_massive,0.1,5.343777930616317,15.39926526059492,82.29025384727366,1.9952623149688795,1.9952623149688784,inf,,inf,6.37,inf,-1,0.0388315324689549,0.0007314420719676,True
M2_scalar_phi_massive,0.1,5.343777930616317,15.39926526059492,82.29025384727366,2.2387211385683394,2.238721138568338,inf,,inf,6.37,inf,-1,0.0373695495954965,0.000703903736132,True
M2_scalar_phi_massive,0.1,5.343777930616317,15.39926526059492,82.29025384727366,2.51188643150958,2.51188643150958,inf,,inf,6.37,inf,-1,0.0359626094614405,0.0006774022013906,True
M2_scalar_phi_massive,0.1,5.343777930616317,15.39926526059492,82.29025384727366,2.8183829312644537,2.8183829312644537,inf,,inf,6.37,inf,-1,0.0346086397421271,0.0006518984328316,True
M2_scalar_phi_massive,0.1,5.343777930616317,15.39926526059492,82.29025384727366,3.1622776601683795,3.1622776601683755,inf,,inf,6.37,inf,-1,0.0333056461346218,0.0006273548651835,True
M2_scalar_phi_massive,0.1,5.343777930616317,15.39926526059492,82.29025384727366,3.548133892335755,3.5481338923357515,inf,,inf,6.37,inf,-1,0.0320517094202464,0.0006037353474832,True
M2_scalar_phi_massive,0.1,5.343777930616317,15.39926526059492,82.29025384727366,3.9810717055349722,3.981071705534968,inf,,inf,6.37,inf,-1,0.0308449826377036,0.0005810050898291,True
M2_scalar_phi_massive,0.1,5.343777930616317,15.39926526059492,82.29025384727366,4.466835921509632,4.466835921509627,inf,,inf,6.37,inf,-1,0.0296836883626322,0.0005591306121375,True
M2_scalar_phi_massive,0.1,5.343777930616317,15.39926526059492,82.29025384727366,5.011872336272722,5.01187233627272,inf,,inf,6.37,inf,-1,0.0285661160895848,0.0005380796948289,True
M2_scalar_phi_massive,0.1,5.343777930616317,15.39926526059492,82.29025384727366,5.623413251903491,5.623413251903486,inf,,inf,6.37,inf,-1,0.0274906197125724,0.0005178213313707,True
M2_scalar_phi_massive,0.1,5.343777930616317,15.39926526059492,82.29025384727366,6.309573444801933,6.309573444801929,inf,,inf,6.37,inf,-1,0.0264556151004657,0.0004983256826069,True
M2_scalar_phi_massive,0.1,5.343777930616317,15.39926526059492,82.29025384727366,7.079457843841379,7.079457843841375,inf,,inf,6.37,inf,-1,0.0254595777636799,0.000479564032807,True
M2_scalar_phi_massive,0.1,5.343777930616317,15.39926526059492,82.29025384727366,7.943282347242816,7.943282347242813,inf,,inf,6.37,inf,-1,0.0245010406087082,0.0004615087473698,True
M2_scalar_phi_massive,0.1,5.343777930616317,15.39926526059492,82.29025384727366,8.912509381337454,8.912509381337456,inf,,inf,6.37,inf,-1,0.0235785917771953,0.0004441332321195,True
M2_scalar_phi_massive,0.1,5.343777930616317,15.39926526059492,82.29025384727366,10.0,9.999999999999991,inf,,inf,6.37,inf,-1,0.0226908725663687,0.0004274118941344,True
M2_scalar_phi_massive,0.1,5.343777930616317,17.78279410038923,95.027302658354,0.1,0.0999999999999998,inf,,inf,6.37,inf,-1,0.1262673461089161,0.0031716587904949,True
M2_scalar_phi_massive,0.1,5.343777930616317,17.78279410038923,95.027302658354,0.11220184543019636,0.1122018454301963,inf,,inf,6.37,inf,-1,0.1215134596215397,0.0030522478237537,True
M2_scalar_phi_massive,0.1,5.343777930616317,17.78279410038923,95.027302658354,0.12589254117941673,0.1258925411794166,inf,,inf,6.37,inf,-1,0.1169385539825876,0.0029373326051116,True
M2_scalar_phi_massive,0.1,5.343777930616317,17.78279410038923,95.027302658354,0.14125375446227545,0.1412537544622752,inf,,inf,6.37,inf,-1,0.1125358906752298,0.0028267438724687,True
M2_scalar_phi_massive,0.1,5.343777930616317,17.78279410038923,95.027302658354,0.15848931924611134,0.1584893192461111,inf,,inf,6.37,inf,-1,0.1082989848835743,0.0027203187363372,True
M2_scalar_phi_massive,0.1,5.343777930616317,17.78279410038923,95.027302658354,0.1778279410038923,0.1778279410038921,inf,,inf,6.37,inf,-1,0.1042215959409848,0.0026179004399166,True
M2_scalar_phi_massive,0.1,5.343777930616317,17.78279410038923,95.027302658354,0.19952623149688797,0.1995262314968877,inf,,inf,6.37,inf,-1,0.1002977181380152,0.0025193381282015,True
M2_scalar_phi_massive,0.1,5.343777930616317,17.78279410038923,95.027302658354,0.22387211385683395,0.2238721138568337,inf,,inf,6.37,inf,-1,0.0965215718764179,0.0024244866257833,True
M2_scalar_phi_massive,0.1,5.343777930616317,17.78279410038923,95.027302658354,0.251188643150958,0.2511886431509577,inf,,inf,6.37,inf,-1,0.0928875951561989,0.0023332062230164,True
M2_scalar_phi_massive,0.1,5.343777930616317,17.78279410038923,95.027302658354,0.28183829312644537,0.281838293126445,inf,,inf,6.37,inf,-1,0.08939043538318,0.0022453624702357,True
M2_scalar_phi_massive,0.1,5.343777930616317,17.78279410038923,95.027302658354,0.31622776601683794,0.3162277660168374,inf,,inf,6.37,inf,-1,0.0860249414850012,0.0021608259797221,True
M2_scalar_phi_massive,0.1,5.343777930616317,17.78279410038923,95.027302658354,0.35481338923357547,0.3548133892335753,inf,,inf,6.37,inf,-1,0.0827861563239498,0.0020794722351228,True
M2_scalar_phi_massive,0.1,5.343777930616317,17.78279410038923,95.027302658354,0.3981071705534972,0.3981071705534966,inf,,inf,6.37,inf,-1,0.0796693093954432,0.0020011814080479,True
M2_scalar_phi_massive,0.1,5.343777930616317,17.78279410038923,95.027302658354,0.44668359215096315,0.4466835921509626,inf,,inf,6.37,inf,-1,0.0766698098014079,0.0019258381815711,True
M2_scalar_phi_massive,0.1,5.343777930616317,17.78279410038923,95.027302658354,0.5011872336272722,0.5011872336272719,inf,,inf,6.37,inf,-1,0.0737832394882072,0.0018533315803763,True
M2_scalar_phi_massive,0.1,5.343777930616317,17.78279410038923,95.027302658354,0.5623413251903491,0.5623413251903483,inf,,inf,6.37,inf,-1,0.0710053467391563,0.0017835548072985,True
M2_scalar_phi_massive,0.1,5.343777930616317,17.78279410038923,95.027302658354,0.6309573444801932,0.6309573444801926,inf,,inf,6.37,inf,-1,0.0683320399120406,0.001716405086019,True
M2_scalar_phi_massive,0.1,5.343777930616317,17.78279410038923,95.027302658354,0.7079457843841379,0.7079457843841376,inf,,inf,6.37,inf,-1,0.0657593814124114,0.0016517835096833,True
M2_scalar_phi_massive,0.1,5.343777930616317,17.78279410038923,95.027302658354,0.7943282347242815,0.7943282347242805,inf,,inf,6.37,inf,-1,0.063283581893785,0.0015895948952177,True
M2_scalar_phi_massive,0.1,5.343777930616317,17.78279410038923,95.027302658354,0.8912509381337456,0.8912509381337446,inf,,inf,6.37,inf,-1,0.0609009946761987,0.001529747643132,True
M2_scalar_phi_massive,0.1,5.343777930616317,17.78279410038923,95.027302658354,1.0,0.9999999999999984,inf,,inf,6.37,inf,-1,0.0586081103749065,0.0014721536025991,True
M2_scalar_phi_massive,0.1,5.343777930616317,17.78279410038923,95.027302658354,1.1220184543019633,1.1220184543019625,inf,,inf,6.37,inf,-1,0.0564015517312996,0.0014167279416154,True
M2_scalar_phi_massive,0.1,5.343777930616317,17.78279410038923,95.027302658354,1.2589254117941673,1.258925411794166,inf,,inf,6.37,inf,-1,0.0542780686384403,0.0013633890220493,True
M2_scalar_phi_massive,0.1,5.343777930616317,17.78279410038923,95.027302658354,1.4125375446227544,1.4125375446227533,inf,,inf,6.37,inf,-1,0.0522345333538815,0.0013120582793934,True
M2_scalar_phi_massive,0.1,5.343777930616317,17.78279410038923,95.027302658354,1.5848931924611136,1.5848931924611116,inf,,inf,6.37,inf,-1,0.0502679358927197,0.001262660107045,True
M2_scalar_phi_massive,0.1,5.343777930616317,17.78279410038923,95.027302658354,1.7782794100389228,1.778279410038921,inf,,inf,6.37,inf,-1,0.0483753795940978,0.0012151217449426,True
M2_scalar_phi_massive,0.1,5.343777930616317,17.78279410038923,95.027302658354,1.9952623149688795,1.9952623149688784,inf,,inf,6.37,inf,-1,0.0465540768546253,0.0011693731723955,True
M2_scalar_phi_massive,0.1,5.343777930616317,17.78279410038923,95.027302658354,2.2387211385683394,2.238721138568336,inf,,inf,6.37,inf,-1,0.0448013450224334,0.0011253470049479,True
M2_scalar_phi_massive,0.1,5.343777930616317,17.78279410038923,95.027302658354,2.51188643150958,2.511886431509577,inf,,inf,6.37,inf,-1,0.0431146024458157,0.0010829783951268,True
M2_scalar_phi_massive,0.1,5.343777930616317,17.78279410038923,95.027302658354,2.8183829312644537,2.818382931264451,inf,,inf,6.37,inf,-1,0.0414913646706353,0.0010422049369259,True
M2_scalar_phi_massive,0.1,5.343777930616317,17.78279410038923,95.027302658354,3.1622776601683795,3.162277660168374,inf,,inf,6.37,inf,-1,0.0399292407808974,0.0010029665738858,True
M2_scalar_phi_massive,0.1,5.343777930616317,17.78279410038923,95.027302658354,3.548133892335755,3.5481338923357497,inf,,inf,6.37,inf,-1,0.0384259298770967,0.0009652055106354,True
M2_scalar_phi_massive,0.1,5.343777930616317,17.78279410038923,95.027302658354,3.9810717055349722,3.981071705534968,inf,,inf,6.37,inf,-1,0.036979217687153,0.0009288661277628,True
M2_scalar_phi_massive,0.1,5.343777930616317,17.78279410038923,95.027302658354,4.466835921509632,4.466835921509627,inf,,inf,6.37,inf,-1,0.035586973304943,0.0008938948998925,True
M2_scalar_phi_massive,0.1,5.343777930616317,17.78279410038923,95.027302658354,5.011872336272722,5.011872336272715,inf,,inf,6.37,inf,-1,0.034247146051624,0.0008602403168456,True
M2_scalar_phi_massive,0.1,5.343777930616317,17.78279410038923,95.027302658354,5.623413251903491,5.623413251903483,inf,,inf,6.37,inf,-1,0.0329577624551271,0.0008278528077693,True
M2_scalar_phi_massive,0.1,5.343777930616317,17.78279410038923,95.027302658354,6.309573444801933,6.309573444801927,inf,,inf,6.37,inf,-1,0.031716923343371,0.0007966846681222,True
M2_scalar_phi_massive,0.1,5.343777930616317,17.78279410038923,95.027302658354,7.079457843841379,7.079457843841375,inf,,inf,6.37,inf,-1,0.0305228010469132,0.0007666899894091,True
M2_scalar_phi_massive,0.1,5.343777930616317,17.78279410038923,95.027302658354,7.943282347242816,7.943282347242805,inf,,inf,6.37,inf,-1,0.0293736367069212,0.000737824591561,True
M2_scalar_phi_massive,0.1,5.343777930616317,17.78279410038923,95.027302658354,8.912509381337454,8.91250938133745,inf,,inf,6.37,inf,-1,0.0282677376844955,0.0007100459578607,True
M2_scalar_phi_massive,0.1,5.343777930616317,17.78279410038923,95.027302658354,10.0,9.999999999999982,inf,,inf,6.37,inf,-1,0.0272034750675311,0.0006833131723186,True
M2_scalar_phi_massive,0.1,5.343777930616317,20.53525026457146,109.73581716349985,0.1,0.0999999999999999,inf,,inf,6.37,inf,-1,0.1513268215609152,0.0050688719150562,True
M2_scalar_phi_massive,0.1,5.343777930616317,20.53525026457146,109.73581716349985,0.11220184543019636,0.1122018454301963,inf,,inf,6.37,inf,-1,0.1456294615199785,0.004878032062586,True
M2_scalar_phi_massive,0.1,5.343777930616317,20.53525026457146,109.73581716349985,0.12589254117941673,0.1258925411794166,inf,,inf,6.37,inf,-1,0.1401466035157677,0.0046943772110196,True
M2_scalar_phi_massive,0.1,5.343777930616317,20.53525026457146,109.73581716349985,0.14125375446227545,0.1412537544622753,inf,,inf,6.37,inf,-1,0.1348701716809636,0.0045176368495736,True
M2_scalar_phi_massive,0.1,5.343777930616317,20.53525026457146,109.73581716349985,0.15848931924611134,0.1584893192461111,inf,,inf,6.37,inf,-1,0.1297923941995931,0.0043475506520262,True
M2_scalar_phi_massive,0.1,5.343777930616317,20.53525026457146,109.73581716349985,0.1778279410038923,0.1778279410038922,inf,,inf,6.37,inf,-1,0.124905791859686,0.0041838680932749,True
M2_scalar_phi_massive,0.1,5.343777930616317,20.53525026457146,109.73581716349985,0.19952623149688797,0.1995262314968878,inf,,inf,6.37,inf,-1,0.1202031670369181,0.00402634808033,True
M2_scalar_phi_massive,0.1,5.343777930616317,20.53525026457146,109.73581716349985,0.22387211385683395,0.2238721138568339,inf,,inf,6.37,inf,-1,0.1156775930930122,0.0038747585972024,True
M2_scalar_phi_massive,0.1,5.343777930616317,20.53525026457146,109.73581716349985,0.251188643150958,0.2511886431509578,inf,,inf,6.37,inf,-1,0.1113224041732835,0.0037288763631591,True
M2_scalar_phi_massive,0.1,5.343777930616317,20.53525026457146,109.73581716349985,0.28183829312644537,0.2818382931264452,inf,,inf,6.37,inf,-1,0.1071311853883006,0.0035884865038472,True
M2_scalar_phi_massive,0.1,5.343777930616317,20.53525026457146,109.73581716349985,0.31622776601683794,0.3162277660168378,inf,,inf,6.37,inf,-1,0.1030977633652008,0.0034533822347984,True
M2_scalar_phi_massive,0.1,5.343777930616317,20.53525026457146,109.73581716349985,0.35481338923357547,0.3548133892335752,inf,,inf,6.37,inf,-1,0.0992161971547429,0.0033233645568503,True
M2_scalar_phi_massive,0.1,5.343777930616317,20.53525026457146,109.73581716349985,0.3981071705534972,0.398107170553497,inf,,inf,6.37,inf,-1,0.0954807694807031,0.0031982419630341,True
M2_scalar_phi_massive,0.1,5.343777930616317,20.53525026457146,109.73581716349985,0.44668359215096315,0.4466835921509627,inf,,inf,6.37,inf,-1,0.0918859783187261,0.0030778301564985,True
M2_scalar_phi_massive,0.1,5.343777930616317,20.53525026457146,109.73581716349985,0.5011872336272722,0.501187233627272,inf,,inf,6.37,inf,-1,0.0884265287922273,0.0029619517790532,True
M2_scalar_phi_massive,0.1,5.343777930616317,20.53525026457146,109.73581716349985,0.5623413251903491,0.5623413251903485,inf,,inf,6.37,inf,-1,0.0850973253734085,0.0028504361499328,True
M2_scalar_phi_massive,0.1,5.343777930616317,20.53525026457146,109.73581716349985,0.6309573444801932,0.630957344480193,inf,,inf,6.37,inf,-1,0.0818934643779016,0.0027431190143956,True
M2_scalar_phi_massive,0.1,5.343777930616317,20.53525026457146,109.73581716349985,0.7079457843841379,0.7079457843841376,inf,,inf,6.37,inf,-1,0.0788102267419832,0.0026398423017881,True
M2_scalar_phi_massive,0.1,5.343777930616317,20.53525026457146,109.73581716349985,0.7943282347242815,0.7943282347242814,inf,,inf,6.37,inf,-1,0.0758430710717229,0.0025404538927179,True
M2_scalar_phi_massive,0.1,5.343777930616317,20.53525026457146,109.73581716349985,0.8912509381337456,0.891250938133745,inf,,inf,6.37,inf,-1,0.0729876269538273,0.0024448073949926,True
M2_scalar_phi_massive,0.1,5.343777930616317,20.53525026457146,109.73581716349985,1.0,0.9999999999999994,inf,,inf,6.37,inf,-1,0.0702396885183257,0.0023527619279938,True
M2_scalar_phi_massive,0.1,5.343777930616317,20.53525026457146,109.73581716349985,1.1220184543019633,1.1220184543019636,inf,,inf,6.37,inf,-1,0.0675952082436174,0.0022641819151704,True
M2_scalar_phi_massive,0.1,5.343777930616317,20.53525026457146,109.73581716349985,1.2589254117941673,1.2589254117941666,inf,,inf,6.37,inf,-1,0.0650502909947544,0.0021789368843434,True
M2_scalar_phi_massive,0.1,5.343777930616317,20.53525026457146,109.73581716349985,1.4125375446227544,1.4125375446227544,inf,,inf,6.37,inf,-1,0.0626011882861799,0.0020969012755298,True
M2_scalar_phi_massive,0.1,5.343777930616317,20.53525026457146,109.73581716349985,1.5848931924611136,1.584893192461113,inf,,inf,6.37,inf,-1,0.0602442927604699,0.0020179542560011,True
M2_scalar_phi_massive,0.1,5.343777930616317,20.53525026457146,109.73581716349985,1.7782794100389228,1.7782794100389216,inf,,inf,6.37,inf,-1,0.057976132874948,0.0019419795423053,True
M2_scalar_phi_massive,0.1,5.343777930616317,20.53525026457146,109.73581716349985,1.9952623149688795,1.9952623149688784,inf,,inf,6.37,inf,-1,0.055793367788345,0.0018688652289898,True
M2_scalar_phi_massive,0.1,5.343777930616317,20.53525026457146,109.73581716349985,2.2387211385683394,2.2387211385683385,inf,,inf,6.37,inf,-1,0.0536927824399728,0.0017985036237719,True
M2_scalar_phi_massive,0.1,5.343777930616317,20.53525026457146,109.73581716349985,2.51188643150958,2.5118864315095792,inf,,inf,6.37,inf,-1,0.0516712828141641,0.0017307910889161,True
M2_scalar_phi_massive,0.1,5.343777930616317,20.53525026457146,109.73581716349985,2.8183829312644537,2.818382931264453,inf,,inf,6.37,inf,-1,0.0497258913830036,0.0016656278885827,True
M2_scalar_phi_massive,0.1,5.343777930616317,20.53525026457146,109.73581716349985,3.1622776601683795,3.1622776601683777,inf,,inf,6.37,inf,-1,0.0478537427206368,0.0016029180419237,True
M2_scalar_phi_massive,0.1,5.343777930616317,20.53525026457146,109.73581716349985,3.548133892335755,3.5481338923357524,inf,,inf,6.37,inf,-1,0.0460520792826978,0.00154256918171,True
M2_scalar_phi_massive,0.1,5.343777930616317,20.53525026457146,109.73581716349985,3.9810717055349722,3.9810717055349714,inf,,inf,6.37,inf,-1,0.0443182473446387,0.001484492418281,True
M2_scalar_phi_massive,0.1,5.343777930616317,20.53525026457146,109.73581716349985,4.466835921509632,4.466835921509631,inf,,inf,6.37,inf,-1,0.0426496930929785,0.001428602208616,True
M2_scalar_phi_massive,0.1,5.343777930616317,20.53525026457146,109.73581716349985,5.011872336272722,5.011872336272722,inf,,inf,6.37,inf,-1,0.0410439588637141,0.0013748162303353,True
M2_scalar_phi_massive,0.1,5.343777930616317,20.53525026457146,109.73581716349985,5.623413251903491,5.6234132519034885,inf,,inf,6.37,inf,-1,0.0394986795223526,0.0013230552604454,True
M2_scalar_phi_massive,0.1,5.343777930616317,20.53525026457146,109.73581716349985,6.309573444801933,6.309573444801929,inf,,inf,6.37,inf,-1,0.0380115789802334,0.0012732430586489,True
M2_scalar_phi_massive,0.1,5.343777930616317,20.53525026457146,109.73581716349985,7.079457843841379,7.079457843841374,inf,,inf,6.37,inf,-1,0.036580466842008,0.0012253062550478,True
M2_scalar_phi_massive,0.1,5.343777930616317,20.53525026457146,109.73581716349985,7.943282347242816,7.943282347242813,inf,,inf,6.37,inf,-1,0.0352032351793409,0.0011791742420747,True
M2_scalar_phi_massive,0.1,5.343777930616317,20.53525026457146,109.73581716349985,8.912509381337454,8.912509381337454,inf,,inf,6.37,inf,-1,0.033877855426078,0.0011347790704931,True
M2_scalar_phi_massive,0.1,5.343777930616317,20.53525026457146,109.73581716349985,10.0,9.999999999999996,inf,,inf,6.37,inf,-1,0.03260237539031,0.0010920553493125,True
M2_scalar_phi_massive,0.1,5.343777930616317,23.71373705661655,126.72094473558586,0.1,0.0999999999999999,inf,,inf,6.37,inf,-1,0.1812935952898416,0.0080980017923687,True
M2_scalar_phi_massive,0.1,5.343777930616317,23.71373705661655,126.72094473558586,0.11220184543019636,0.1122018454301963,inf,,inf,6.37,inf,-1,0.1744680049891406,0.0077931170974589,True
M2_scalar_phi_massive,0.1,5.343777930616317,23.71373705661655,126.72094473558586,0.12589254117941673,0.1258925411794166,inf,,inf,6.37,inf,-1,0.1678993938877243,0.0074997111203332,True
M2_scalar_phi_massive,0.1,5.343777930616317,23.71373705661655,126.72094473558586,0.14125375446227545,0.1412537544622754,inf,,inf,6.37,inf,-1,0.1615780868797109,0.0072173516944574,True
M2_scalar_phi_massive,0.1,5.343777930616317,23.71373705661655,126.72094473558586,0.15848931924611134,0.1584893192461111,inf,,inf,6.37,inf,-1,0.1554947731208946,0.0069456229240963,True
M2_scalar_phi_massive,0.1,5.343777930616317,23.71373705661655,126.72094473558586,0.1778279410038923,0.177827941003892,inf,,inf,6.37,inf,-1,0.1496404923145216,0.006684124571729,True
M2_scalar_phi_massive,0.1,5.343777930616317,23.71373705661655,126.72094473558586,0.19952623149688797,0.1995262314968878,inf,,inf,6.37,inf,-1,0.1440066215133982,0.0064324714685263,True
M2_scalar_phi_massive,0.1,5.343777930616317,23.71373705661655,126.72094473558586,0.22387211385683395,0.2238721138568338,inf,,inf,6.37,inf,-1,0.1385848624188912,0.0061902929470241,True
M2_scalar_phi_massive,0.1,5.343777930616317,23.71373705661655,126.72094473558586,0.251188643150958,0.2511886431509578,inf,,inf,6.37,inf,-1,0.1333672291581129,0.0059572322951563,True
M2_scalar_phi_massive,0.1,5.343777930616317,23.71373705661655,126.72094473558586,0.28183829312644537,0.2818382931264451,inf,,inf,6.37,inf,-1,0.1283460365212874,0.0057329462308426,True
M2_scalar_phi_massive,0.1,5.343777930616317,23.71373705661655,126.72094473558586,0.31622776601683794,0.3162277660168378,inf,,inf,6.37,inf,-1,0.1235138886419729,0.0055171043963579,True
M2_scalar_phi_massive,0.1,5.343777930616317,23.71373705661655,126.72094473558586,0.35481338923357547,0.3548133892335752,inf,,inf,6.37,inf,-1,0.1188636681034663,0.0053093888717387,True
M2_scalar_phi_massive,0.1,5.343777930616317,23.71373705661655,126.72094473558586,0.3981071705534972,0.398107170553497,inf,,inf,6.37,inf,-1,0.1143885254553453,0.0051094937065088,True
M2_scalar_phi_massive,0.1,5.343777930616317,23.71373705661655,126.72094473558586,0.44668359215096315,0.4466835921509627,inf,,inf,6.37,inf,-1,0.1100818691247053,0.0049171244690358,True
M2_scalar_phi_massive,0.1,5.343777930616317,23.71373705661655,126.72094473558586,0.5011872336272722,0.5011872336272721,inf,,inf,6.37,inf,-1,0.1059373557072325,0.004731997812854,True
M2_scalar_phi_massive,0.1,5.343777930616317,23.71373705661655,126.72094473558586,0.5623413251903491,0.5623413251903486,inf,,inf,6.37,inf,-1,0.1019488806238124,0.0045538410593144,True
M2_scalar_phi_massive,0.1,5.343777930616317,23.71373705661655,126.72094473558586,0.6309573444801932,0.6309573444801928,inf,,inf,6.37,inf,-1,0.0981105691289098,0.0043823917959486,True
M2_scalar_phi_massive,0.1,5.343777930616317,23.71373705661655,126.72094473558586,0.7079457843841379,0.7079457843841375,inf,,inf,6.37,inf,-1,0.0944167676574793,0.0042173974899529,True
M2_scalar_phi_massive,0.1,5.343777930616317,23.71373705661655,126.72094473558586,0.7943282347242815,0.7943282347242808,inf,,inf,6.37,inf,-1,0.090862035497658,0.0040586151162259,True
M2_scalar_phi_massive,0.1,5.343777930616317,23.71373705661655,126.72094473558586,0.8912509381337456,0.891250938133745,inf,,inf,6.37,inf,-1,0.0874411367769765,0.0039058107994088,True
M2_scalar_phi_massive,0.1,5.343777930616317,23.71373705661655,126.72094473558586,1.0,0.9999999999999996,inf,,inf,6.37,inf,-1,0.0841490327502843,0.0037587594694035,True
M2_scalar_phi_massive,0.1,5.343777930616317,23.71373705661655,126.72094473558586,1.1220184543019633,1.122018454301963,inf,,inf,6.37,inf,-1,0.0809808743780294,0.0036172445298602,True
M2_scalar_phi_massive,0.1,5.343777930616317,23.71373705661655,126.72094473558586,1.2589254117941673,1.2589254117941664,inf,,inf,6.37,inf,-1,0.0779319951839615,0.003481057539146,True
M2_scalar_phi_massive,0.1,5.343777930616317,23.71373705661655,126.72094473558586,1.4125375446227544,1.4125375446227535,inf,,inf,6.37,inf,-1,0.0749979043817381,0.0033499979033249,True
M2_scalar_phi_massive,0.1,5.343777930616317,23.71373705661655,126.72094473558586,1.5848931924611136,1.5848931924611127,inf,,inf,6.37,inf,-1,0.0721742802603097,0.003223872580697,True
M2_scalar_phi_massive,0.1,5.343777930616317,23.71373705661655,126.72094473558586,1.7782794100389228,1.7782794100389208,inf,,inf,6.37,inf,-1,0.0694569638183402,0.0031024957974614,True
M2_scalar_phi_massive,0.1,5.343777930616317,23.71373705661655,126.72094473558586,1.9952623149688795,1.9952623149688773,inf,,inf,6.37,inf,-1,0.0668419526382891,0.0029856887740844,True
M2_scalar_phi_massive,0.1,5.343777930616317,23.71373705661655,126.72094473558586,2.2387211385683394,2.238721138568338,inf,,inf,6.37,inf,-1,0.0643253949911289,0.0028732794619699,True
M2_scalar_phi_massive,0.1,5.343777930616317,23.71373705661655,126.72094473558586,2.51188643150958,2.5118864315095792,inf,,inf,6.37,inf,-1,0.0619035841630173,0.0027651022900435,True
M2_scalar_phi_massive,0.1,5.343777930616317,23.71373705661655,126.72094473558586,2.8183829312644537,2.818382931264453,inf,,inf,6.37,inf,-1,0.0595729529955665,0.0026609979208781,True
M2_scalar_phi_massive,0.1,5.343777930616317,23.71373705661655,126.72094473558586,3.1622776601683795,3.1622776601683764,inf,,inf,6.37,inf,-1,0.0573300686316673,0.0025608130160011,True
M2_scalar_phi_massive,0.1,5.343777930616317,23.71373705661655,126.72094473558586,3.548133892335755,3.5481338923357524,inf,,inf,6.37,inf,-1,0.0551716274591305,0.002464400010037,True
M2_scalar_phi_massive,0.1,5.343777930616317,23.71373705661655,126.72094473558586,3.9810717055349722,3.9810717055349687,inf,,inf,6.37,inf,-1,0.0530944502446962,0.0023716168933546,True
M2_scalar_phi_massive,0.1,5.343777930616317,23.71373705661655,126.72094473558586,4.466835921509632,4.466835921509628,inf,,inf,6.37,inf,-1,0.0510954774512455,0.0022823270028961,True
M2_scalar_phi_massive,0.1,5.343777930616317,23.71373705661655,126.72094473558586,5.011872336272722,5.011872336272719,inf,,inf,6.37,inf,-1,0.0491717647313155,0.0021963988208823,True
M2_scalar_phi_massive,0.1,5.343777930616317,23.71373705661655,126.72094473558586,5.623413251903491,5.623413251903486,inf,,inf,6.37,inf,-1,0.0473204785902809,0.0021137057810961,True
M2_scalar_phi_massive,0.1,5.343777930616317,23.71373705661655,126.72094473558586,6.309573444801933,6.309573444801931,inf,,inf,6.37,inf,-1,0.0455388922128142,0.0020341260824591,True
M2_scalar_phi_massive,0.1,5.343777930616317,23.71373705661655,126.72094473558586,7.079457843841379,7.079457843841377,inf,,inf,6.37,inf,-1,0.0438243814464768,0.0019575425096272,True
M2_scalar_phi_massive,0.1,5.343777930616317,23.71373705661655,126.72094473558586,7.943282347242816,7.94328234724281,inf,,inf,6.37,inf,-1,0.0421744209365257,0.0018838422603406,True
M2_scalar_phi_massive,0.1,5.343777930616317,23.71373705661655,126.72094473558586,8.912509381337454,8.912509381337452,inf,,inf,6.37,inf,-1,0.0405865804062422,0.001812916779274,True
M2_scalar_phi_massive,0.1,5.343777930616317,23.71373705661655,126.72094473558586,10.0,9.99999999999999,inf,,inf,6.37,inf,-1,0.0390585210773035,0.0017446615981419,True
M2_scalar_phi_massive,0.1,5.343777930616317,27.38419634264361,146.335064063483,0.1,0.0999999999999999,inf,,inf,6.37,inf,-1,0.2171099314131346,0.0129322799393611,True
M2_scalar_phi_massive,0.1,5.343777930616317,27.38419634264361,146.335064063483,0.11220184543019636,0.1122018454301963,inf,,inf,6.37,inf,-1,0.208935878492676,0.0124453877003996,True
M2_scalar_phi_massive,0.1,5.343777930616317,27.38419634264361,146.335064063483,0.12589254117941673,0.1258925411794166,inf,,inf,6.37,inf,-1,0.2010695735444617,0.0119768266492466,True
M2_scalar_phi_massive,0.1,5.343777930616317,27.38419634264361,146.335064063483,0.14125375446227545,0.1412537544622754,inf,,inf,6.37,inf,-1,0.1934994300501093,0.0115259066281638,True
M2_scalar_phi_massive,0.1,5.343777930616317,27.38419634264361,146.335064063483,0.15848931924611134,0.1584893192461112,inf,,inf,6.37,inf,-1,0.1862142977163958,0.0110919634634193,True
M2_scalar_phi_massive,0.1,5.343777930616317,27.38419634264361,146.335064063483,0.1778279410038923,0.1778279410038923,inf,,inf,6.37,inf,-1,0.1792034460516537,0.0106743579870063,True
M2_scalar_phi_massive,0.1,5.343777930616317,27.38419634264361,146.335064063483,0.19952623149688797,0.1995262314968877,inf,,inf,6.37,inf,-1,0.172456548560505,0.0102724750951929,True
M2_scalar_phi_massive,0.1,5.343777930616317,27.38419634264361,146.335064063483,0.22387211385683395,0.2238721138568337,inf,,inf,6.37,inf,-1,0.1659636675336544,0.0098857228425177,True
M2_scalar_phi_massive,0.1,5.343777930616317,27.38419634264361,146.335064063483,0.251188643150958,0.2511886431509579,inf,,inf,6.37,inf,-1,0.1597152394103364,0.0095135315698948,True
M2_scalar_phi_massive,0.1,5.343777930616317,27.38419634264361,146.335064063483,0.28183829312644537,0.2818382931264451,inf,,inf,6.37,inf,-1,0.1537020606918579,0.0091553530655462,True
M2_scalar_phi_massive,0.1,5.343777930616317,27.38419634264361,146.335064063483,0.31622776601683794,0.316227766016838,inf,,inf,6.37,inf,-1,0.1479152743854865,0.0088106597575241,True
M2_scalar_phi_massive,0.1,5.343777930616317,27.38419634264361,146.335064063483,0.35481338923357547,0.3548133892335752,inf,,inf,6.37,inf,-1,0.1423463569587181,0.0084789439366337,True
M2_scalar_phi_massive,0.1,5.343777930616317,27.38419634264361,146.335064063483,0.3981071705534972,0.3981071705534972,inf,,inf,6.37,inf,-1,0.1369871057847082,0.0081597170086137,True
M2_scalar_phi_massive,0.1,5.343777930616317,27.38419634264361,146.335064063483,0.44668359215096315,0.446683592150963,inf,,inf,6.37,inf,-1,0.1318296270603752,0.0078525087744706,True
M2_scalar_phi_massive,0.1,5.343777930616317,27.38419634264361,146.335064063483,0.5011872336272722,0.5011872336272724,inf,,inf,6.37,inf,-1,0.1268663241793785,0.0075568667379082,True
M2_scalar_phi_massive,0.1,5.343777930616317,27.38419634264361,146.335064063483,0.5623413251903491,0.5623413251903491,inf,,inf,6.37,inf,-1,0.1220898865428479,0.0072723554388329,True
M2_scalar_phi_massive,0.1,5.343777930616317,27.38419634264361,146.335064063483,0.6309573444801932,0.6309573444801929,inf,,inf,6.37,inf,-1,0.1174932787913812,0.0069985558119504,True
M2_scalar_phi_massive,0.1,5.343777930616317,27.38419634264361,146.335064063483,0.7079457843841379,0.7079457843841378,inf,,inf,6.37,inf,-1,0.113069730442451,0.0067350645695124,True
M2_scalar_phi_massive,0.1,5.343777930616317,27.38419634264361,146.335064063483,0.7943282347242815,0.7943282347242814,inf,,inf,6.37,inf,-1,0.1088127259179557,0.0064814936073018,True
M2_scalar_phi_massive,0.1,5.343777930616317,27.38419634264361,146.335064063483,0.8912509381337456,0.8912509381337457,inf,,inf,6.37,inf,-1,0.1047159949472282,0.0062374694329821,True
M2_scalar_phi_massive,0.1,5.343777930616317,27.38419634264361,146.335064063483,1.0,0.999999999999999,inf,,inf,6.37,inf,-1,0.1007735033313641,0.0060026326159693,True
M2_scalar_phi_massive,0.1,5.343777930616317,27.38419634264361,146.335064063483,1.1220184543019633,1.1220184543019631,inf,,inf,6.37,inf,-1,0.0969794440552681,0.0057766372580156,True
M2_scalar_phi_massive,0.1,5.343777930616317,27.38419634264361,146.335064063483,1.2589254117941673,1.2589254117941673,inf,,inf,6.37,inf,-1,0.0933282287343257,0.0055591504837259,True
M2_scalar_phi_massive,0.1,5.343777930616317,27.38419634264361,146.335064063483,1.4125375446227544,1.412537544622755,inf,,inf,6.37,inf,-1,0.0898144793831024,0.0053498519502548,True
M2_scalar_phi_massive,0.1,5.343777930616317,27.38419634264361,146.335064063483,1.5848931924611136,1.5848931924611132,inf,,inf,6.37,inf,-1,0.0864330204939468,0.0051484333754648,True
M2_scalar_phi_massive,0.1,5.343777930616317,27.38419634264361,146.335064063483,1.7782794100389228,1.7782794100389214,inf,,inf,6.37,inf,-1,0.0831788714138286,0.0049545980838473,True
M2_scalar_phi_massive,0.1,5.343777930616317,27.38419634264361,146.335064063483,1.9952623149688795,1.9952623149688808,inf,,inf,6.37,inf,-1,0.080047239008184,0.0047680605695413,True
M2_scalar_phi_massive,0.1,5.343777930616317,27.38419634264361,146.335064063483,2.2387211385683394,2.23872113856834,inf,,inf,6.37,inf,-1,0.0770335106009633,0.0045885460758021,True
M2_scalar_phi_massive,0.1,5.343777930616317,27.38419634264361,146.335064063483,2.51188643150958,2.51188643150958,inf,,inf,6.37,inf,-1,0.0741332471804809,0.0044157901903046,True
M2_scalar_phi_massive,0.1,5.343777930616317,27.38419634264361,146.335064063483,2.8183829312644537,2.8183829312644524,inf,,inf,6.37,inf,-1,0.0713421768610601,0.0042495384556822,True
M2_scalar_phi_massive,0.1,5.343777930616317,27.38419634264361,146.335064063483,3.1622776601683795,3.16227766016838,inf,,inf,6.37,inf,-1,0.0686561885908444,0.0040895459947285,True
M2_scalar_phi_massive,0.1,5.343777930616317,27.38419634264361,146.335064063483,3.548133892335755,3.548133892335754,inf,,inf,6.37,inf,-1,0.0660713260965044,0.0039355771497108,True
M2_scalar_phi_massive,0.1,5.343777930616317,27.38419634264361,146.335064063483,3.9810717055349722,3.981071705534972,inf,,inf,6.37,inf,-1,0.0635837820559234,0.0037874051352622,True
M2_scalar_phi_massive,0.1,5.343777930616317,27.38419634264361,146.335064063483,4.466835921509632,4.466835921509633,inf,,inf,6.37,inf,-1,0.0611898924902774,0.0036448117043429,True
M2_scalar_phi_massive,0.1,5.343777930616317,27.38419634264361,146.335064063483,5.011872336272722,5.011872336272723,inf,,inf,6.37,inf,-1,0.0588861313672502,0.0035075868267774,True
M2_scalar_phi_massive,0.1,5.343777930616317,27.38419634264361,146.335064063483,5.623413251903491,5.623413251903489,inf,,inf,6.37,inf,-1,0.0566691054074334,0.003375528379895,True
M2_scalar_phi_massive,0.1,5.343777930616317,27.38419634264361,146.335064063483,6.309573444801933,6.309573444801928,inf,,inf,6.37,inf,-1,0.0545355490862628,0.0032484418508164,True
M2_scalar_phi_massive,0.1,5.343777930616317,27.38419634264361,146.335064063483,7.079457843841379,7.079457843841382,inf,,inf,6.37,inf,-1,0.0524823198241287,0.003126140049951,True
M2_scalar_phi_massive,0.1,5.343777930616317,27.38419634264361,146.335064063483,7.943282347242816,7.943282347242817,inf,,inf,6.37,inf,-1,0.0505063933575751,0.0030084428352785,True
M2_scalar_phi_massive,0.1,5.343777930616317,27.38419634264361,146.335064063483,8.912509381337454,8.912509381337465,inf,,inf,6.37,inf,-1,0.0486048592847706,0.0028951768470131,True
M2_scalar_phi_massive,0.1,5.343777930616317,27.38419634264361,146.335064063483,10.0,9.99999999999999,inf,,inf,6.37,inf,-1,0.04677491677869,0.0027861752522563,True
M2_scalar_phi_massive,0.0999999999999999,5.343777930616317,31.622776601683796,168.98509570888788,0.1,0.1,inf,,inf,6.37,inf,-1,0.2598934820268538,0.0206438547476002,True
M2_scalar_phi_massive,0.0999999999999999,5.343777930616317,31.622776601683796,168.98509570888788,0.11220184543019636,0.1122018454301963,inf,,inf,6.37,inf,-1,0.2501086552253232,0.0198666265476242,True
M2_scalar_phi_massive,0.0999999999999999,5.343777930616317,31.622776601683796,168.98509570888788,0.12589254117941673,0.1258925411794166,inf,,inf,6.37,inf,-1,0.2406922210236733,0.019118660502523,True
M2_scalar_phi_massive,0.0999999999999999,5.343777930616317,31.622776601683796,168.98509570888788,0.14125375446227545,0.1412537544622754,inf,,inf,6.37,inf,-1,0.2316303096712792,0.0183988549104954,True
M2_scalar_phi_massive,0.0999999999999999,5.343777930616317,31.622776601683796,168.98509570888788,0.15848931924611134,0.1584893192461113,inf,,inf,6.37,inf,-1,0.2229095736049388,0.0177061495481228,True
M2_scalar_phi_massive,0.0999999999999999,5.343777930616317,31.622776601683796,168.98509570888788,0.1778279410038923,0.1778279410038923,inf,,inf,6.37,inf,-1,0.2145171677888437,0.0170395241087342,True
M2_scalar_phi_massive,0.0999999999999999,5.343777930616317,31.622776601683796,168.98509570888788,0.19952623149688797,0.1995262314968879,inf,,inf,6.37,inf,-1,0.2064407307947376,0.0163979966995657,True
M2_scalar_phi_massive,0.0999999999999999,5.343777930616317,31.622776601683796,168.98509570888788,0.22387211385683395,0.223872113856834,inf,,inf,6.37,inf,-1,0.1986683665943949,0.0157806223955009,True
M2_scalar_phi_massive,0.0999999999999999,5.343777930616317,31.622776601683796,168.98509570888788,0.251188643150958,0.2511886431509579,inf,,inf,6.37,inf,-1,0.191188627037601,0.015186491847262,True
M2_scalar_phi_massive,0.0999999999999999,5.343777930616317,31.622776601683796,168.98509570888788,0.28183829312644537,0.2818382931264453,inf,,inf,6.37,inf,-1,0.1839904949898259,0.014614729942002,True
M2_scalar_phi_massive,0.0999999999999999,5.343777930616317,31.622776601683796,168.98509570888788,0.31622776601683794,0.3162277660168379,inf,,inf,6.37,inf,-1,0.1770633681047533,0.0140644945143245,True
M2_scalar_phi_massive,0.0999999999999999,5.343777930616317,31.622776601683796,168.98509570888788,0.35481338923357547,0.3548133892335753,inf,,inf,6.37,inf,-1,0.1703970432077647,0.0135349751058327,True
M2_scalar_phi_massive,0.0999999999999999,5.343777930616317,31.622776601683796,168.98509570888788,0.3981071705534972,0.3981071705534972,inf,,inf,6.37,inf,-1,0.1639817012673745,0.0130253917713806,True
M2_scalar_phi_massive,0.0999999999999999,5.343777930616317,31.622776601683796,168.98509570888788,0.44668359215096315,0.446683592150963,inf,,inf,6.37,inf,-1,0.1578078929324821,0.0125349939302687,True
M2_scalar_phi_massive,0.0999999999999999,5.343777930616317,31.622776601683796,168.98509570888788,0.5011872336272722,0.501187233627272,inf,,inf,6.37,inf,-1,0.1518665246141367,0.0120630592606903,True
M2_scalar_phi_massive,0.0999999999999999,5.343777930616317,31.622776601683796,168.98509570888788,0.5623413251903491,0.5623413251903486,inf,,inf,6.37,inf,-1,0.1461488450913152,0.0116088926358025,True
M2_scalar_phi_massive,0.0999999999999999,5.343777930616317,31.622776601683796,168.98509570888788,0.6309573444801932,0.630957344480193,inf,,inf,6.37,inf,-1,0.1406464326209844,0.0111718250998527,True
M2_scalar_phi_massive,0.0999999999999999,5.343777930616317,31.622776601683796,168.98509570888788,0.7079457843841379,0.7079457843841378,inf,,inf,6.37,inf,-1,0.1353511825334608,0.0107512128828532,True
M2_scalar_phi_massive,0.0999999999999999,5.343777930616317,31.622776601683796,168.98509570888788,0.7943282347242815,0.7943282347242812,inf,,inf,6.37,inf,-1,0.1302552952947981,0.0103464364523529,True
M2_scalar_phi_massive,0.0999999999999999,5.343777930616317,31.622776601683796,168.98509570888788,0.8912509381337456,0.8912509381337453,inf,,inf,6.37,inf,-1,0.1253512650186169,0.0099568996009099,True
M2_scalar_phi_massive,0.0999999999999999,5.343777930616317,31.622776601683796,168.98509570888788,1.0,0.9999999999999992,inf,,inf,6.37,inf,-1,0.1206318684104588,0.0095820285679185,True
M2_scalar_phi_massive,0.0999999999999999,5.343777930616317,31.622776601683796,168.98509570888788,1.1220184543019633,1.1220184543019638,inf,,inf,6.37,inf,-1,0.1160901541283768,0.0092212711945007,True
M2_scalar_phi_massive,0.0999999999999999,5.343777930616317,31.622776601683796,168.98509570888788,1.2589254117941673,1.258925411794167,inf,,inf,6.37,inf,-1,0.1117194325440941,0.0088740961102144,True
M2_scalar_phi_massive,0.0999999999999999,5.343777930616317,31.622776601683796,168.98509570888788,1.4125375446227544,1.4125375446227553,inf,,inf,6.37,inf,-1,0.1075132658896479,0.0085399919503817,True
M2_scalar_phi_massive,0.0999999999999999,5.343777930616317,31.622776601683796,168.98509570888788,1.5848931924611136,1.5848931924611134,inf,,inf,6.37,inf,-1,0.1034654587750069,0.0082184666028845,True
M2_scalar_phi_massive,0.0999999999999999,5.343777930616317,31.622776601683796,168.98509570888788,1.7782794100389228,1.7782794100389223,inf,,inf,6.37,inf,-1,0.0995700490626936,0.0079090464833176,True
M2_scalar_phi_massive,0.0999999999999999,5.343777930616317,31.622776601683796,168.98509570888788,1.9952623149688795,1.995262314968879,inf,,inf,6.37,inf,-1,0.0958212990859715,0.0076112758374323,True
M2_scalar_phi_massive,0.0999999999999999,5.343777930616317,31.622776601683796,168.98509570888788,2.2387211385683394,2.2387211385683385,inf,,inf,6.37,inf,-1,0.0922136871976633,0.0073247160698416,True
M2_scalar_phi_massive,0.0999999999999999,5.343777930616317,31.622776601683796,168.98509570888788,2.51188643150958,2.511886431509579,inf,,inf,6.37,inf,-1,0.0887418996371487,0.0070489450980002,True
M2_scalar_phi_massive,0.0999999999999999,5.343777930616317,31.622776601683796,168.98509570888788,2.8183829312644537,2.8183829312644537,inf,,inf,6.37,inf,-1,0.0854008227035663,0.0067835567305063,True
M2_scalar_phi_massive,0.0999999999999999,5.343777930616317,31.622776601683796,168.98509570888788,3.1622776601683795,3.16227766016838,inf,,inf,6.37,inf,-1,0.0821855352236892,0.0065281600688097,True
M2_scalar_phi_massive,0.0999999999999999,5.343777930616317,31.622776601683796,168.98509570888788,3.548133892335755,3.548133892335753,inf,,inf,6.37,inf,-1,0.0790913013033795,0.006282378931446,True
M2_scalar_phi_massive,0.0999999999999999,5.343777930616317,31.622776601683796,168.98509570888788,3.9810717055349722,3.9810717055349736,inf,,inf,6.37,inf,-1,0.0761135633519472,0.0060458512999472,True
M2_scalar_phi_massive,0.0999999999999999,5.343777930616317,31.622776601683796,168.98509570888788,4.466835921509632,4.466835921509631,inf,,inf,6.37,inf,-1,0.073247935369137,0.0058182287856139,True
M2_scalar_phi_massive,0.0999999999999999,5.343777930616317,31.622776601683796,168.98509570888788,5.011872336272722,5.011872336272722,inf,,inf,6.37,inf,-1,0.0704901964848557,0.0055991761163629,True
M2_scalar_phi_massive,0.0999999999999999,5.343777930616317,31.622776601683796,168.98509570888788,5.623413251903491,5.623413251903487,inf,,inf,6.37,inf,-1,0.0678362847421252,0.005388370642895,True
M2_scalar_phi_massive,0.0999999999999999,5.343777930616317,31.622776601683796,168.98509570888788,6.309573444801933,6.309573444801932,inf,,inf,6.37,inf,-1,0.0652822911141033,0.0051855018634551,True
M2_scalar_phi_massive,0.0999999999999999,5.343777930616317,31.622776601683796,168.98509570888788,7.079457843841379,7.079457843841375,inf,,inf,6.37,inf,-1,0.0628244537463597,0.0049902709664845,True
M2_scalar_phi_massive,0.0999999999999999,5.343777930616317,31.622776601683796,168.98509570888788,7.943282347242816,7.943282347242813,inf,,inf,6.37,inf,-1,0.060459152415927,0.0048023903904925,True
M2_scalar_phi_massive,0.0999999999999999,5.343777930616317,31.622776601683796,168.98509570888788,8.912509381337454,8.912509381337452,inf,,inf,6.37,inf,-1,0.0581829031989648,0.0046215834004987,True
M2_scalar_phi_massive,0.0999999999999999,5.343777930616317,31.622776601683796,168.98509570888788,10.0,9.999999999999998,inf,,inf,6.37,inf,-1,0.0559923533391831,0.0044475836804209,True
M2_scalar_phi_massive,0.1,5.343777930616317,36.51741272548377,195.14094420564763,0.1,0.0999999999999999,inf,,inf,6.37,inf,-1,0.3109681979559571,0.0329390738420724,True
M2_scalar_phi_massive,0.1,5.343777930616317,36.51741272548377,195.14094420564763,0.11220184543019636,0.1122018454301963,inf,,inf,6.37,inf,-1,0.2992604400928002,0.0316989383448912,True
M2_scalar_phi_massive,0.1,5.343777930616317,36.51741272548377,195.14094420564763,0.12589254117941673,0.1258925411794166,inf,,inf,6.37,inf,-1,0.2879934719794739,0.0305054931723605,True
M2_scalar_phi_massive,0.1,5.343777930616317,36.51741272548377,195.14094420564763,0.14125375446227545,0.1412537544622754,inf,,inf,6.37,inf,-1,0.2771506981580071,0.0293569804630037,True
M2_scalar_phi_massive,0.1,5.343777930616317,36.51741272548377,195.14094420564763,0.15848931924611134,0.1584893192461112,inf,,inf,6.37,inf,-1,0.2667161479790257,0.0282517085377281,True
M2_scalar_phi_massive,0.1,5.343777930616317,36.51741272548377,195.14094420564763,0.1778279410038923,0.1778279410038922,inf,,inf,6.37,inf,-1,0.2566744520781007,0.0271880494080988,True
M2_scalar_phi_massive,0.1,5.343777930616317,36.51741272548377,195.14094420564763,0.19952623149688797,0.1995262314968879,inf,,inf,6.37,inf,-1,0.2470108197377463,0.0261644363784261,True
M2_scalar_phi_massive,0.1,5.343777930616317,36.51741272548377,195.14094420564763,0.22387211385683395,0.223872113856834,inf,,inf,6.37,inf,-1,0.2377110171017255,0.0251793617381313,True
M2_scalar_phi_massive,0.1,5.343777930616317,36.51741272548377,195.14094420564763,0.251188643150958,0.2511886431509579,inf,,inf,6.37,inf,-1,0.2287613462095723,0.0242313745409947,True
M2_scalar_phi_massive,0.1,5.343777930616317,36.51741272548377,195.14094420564763,0.28183829312644537,0.2818382931264451,inf,,inf,6.37,inf,-1,0.220148624820452,0.0233190784680129,True
M2_scalar_phi_massive,0.1,5.343777930616317,36.51741272548377,195.14094420564763,0.31622776601683794,0.3162277660168379,inf,,inf,6.37,inf,-1,0.2118601669966397,0.0224411297707184,True
M2_scalar_phi_massive,0.1,5.343777930616317,36.51741272548377,195.14094420564763,0.35481338923357547,0.3548133892335751,inf,,inf,6.37,inf,-1,0.2038837644180199,0.0215962352919317,True
M2_scalar_phi_massive,0.1,5.343777930616317,36.51741272548377,195.14094420564763,0.3981071705534972,0.3981071705534971,inf,,inf,6.37,inf,-1,0.1962076684000818,0.020783150561031,True
M2_scalar_phi_massive,0.1,5.343777930616317,36.51741272548377,195.14094420564763,0.44668359215096315,0.4466835921509628,inf,,inf,6.37,inf,-1,0.1888205725889271,0.0200006779609339,True
M2_scalar_phi_massive,0.1,5.343777930616317,36.51741272548377,195.14094420564763,0.5011872336272722,0.5011872336272721,inf,,inf,6.37,inf,-1,0.1817115963077998,0.0192476649640912,True
M2_scalar_phi_massive,0.1,5.343777930616317,36.51741272548377,195.14094420564763,0.5623413251903491,0.5623413251903487,inf,,inf,6.37,inf,-1,0.1748702685306077,0.0185230024348937,True
M2_scalar_phi_massive,0.1,5.343777930616317,36.51741272548377,195.14094420564763,0.6309573444801932,0.6309573444801929,inf,,inf,6.37,inf,-1,0.1682865124588323,0.0178256229959933,True
M2_scalar_phi_massive,0.1,5.343777930616317,36.51741272548377,195.14094420564763,0.7079457843841379,0.7079457843841376,inf,,inf,6.37,inf,-1,0.161950630679107,0.0171544994561303,True
M2_scalar_phi_massive,0.1,5.343777930616317,36.51741272548377,195.14094420564763,0.7943282347242815,0.794328234724281,inf,,inf,6.37,inf,-1,0.1558532908796041,0.0165086432971527,True
M2_scalar_phi_massive,0.1,5.343777930616317,36.51741272548377,195.14094420564763,0.8912509381337456,0.8912509381337448,inf,,inf,6.37,inf,-1,0.1499855121041906,0.0158871032179975,True
M2_scalar_phi_massive,0.1,5.343777930616317,36.51741272548377,195.14094420564763,1.0,0.9999999999999994,inf,,inf,6.37,inf,-1,0.1443386515241059,0.015288963733491,True
M2_scalar_phi_massive,0.1,5.343777930616317,36.51741272548377,195.14094420564763,1.1220184543019633,1.122018454301963,inf,,inf,6.37,inf,-1,0.1389043917076787,0.0147133438259027,True
M2_scalar_phi_massive,0.1,5.343777930616317,36.51741272548377,195.14094420564763,1.2589254117941673,1.2589254117941668,inf,,inf,6.37,inf,-1,0.1336747283693301,0.0141593956472679,True
M2_scalar_phi_massive,0.1,5.343777930616317,36.51741272548377,195.14094420564763,1.4125375446227544,1.4125375446227544,inf,,inf,6.37,inf,-1,0.1286419585798191,0.0136263032705666,True
M2_scalar_phi_massive,0.1,5.343777930616317,36.51741272548377,195.14094420564763,1.5848931924611136,1.5848931924611136,inf,,inf,6.37,inf,-1,0.1237986694203659,0.0131132814879201,True
M2_scalar_phi_massive,0.1,5.343777930616317,36.51741272548377,195.14094420564763,1.7782794100389228,1.7782794100389214,inf,,inf,6.37,inf,-1,0.119137727063939,0.0126195746540344,True
M2_scalar_phi_massive,0.1,5.343777930616317,36.51741272548377,195.14094420564763,1.9952623149688795,1.995262314968879,inf,,inf,6.37,inf,-1,0.1146522662676262,0.0121444555731874,True
M2_scalar_phi_massive,0.1,5.343777930616317,36.51741272548377,195.14094420564763,2.2387211385683394,2.238721138568339,inf,,inf,6.37,inf,-1,0.1103356802606105,0.0116872244281207,True
M2_scalar_phi_massive,0.1,5.343777930616317,36.51741272548377,195.14094420564763,2.51188643150958,2.51188643150958,inf,,inf,6.37,inf,-1,0.1061816110128578,0.011247207749257,True
M2_scalar_phi_massive,0.1,5.343777930616317,36.51741272548377,195.14094420564763,2.8183829312644537,2.818382931264453,inf,,inf,6.37,inf,-1,0.1021839398701818,0.0108237574227269,True
M2_scalar_phi_massive,0.1,5.343777930616317,36.51741272548377,195.14094420564763,3.1622776601683795,3.1622776601683795,inf,,inf,6.37,inf,-1,0.0983367785418941,0.0104162497357422,True
M2_scalar_phi_massive,0.1,5.343777930616317,36.51741272548377,195.14094420564763,3.548133892335755,3.5481338923357524,inf,,inf,6.37,inf,-1,0.0946344604277619,0.0100240844579104,True
M2_scalar_phi_massive,0.1,5.343777930616317,36.51741272548377,195.14094420564763,3.9810717055349722,3.98107170553497,inf,,inf,6.37,inf,-1,0.0910715322715018,0.0096466839571374,True
M2_scalar_phi_massive,0.1,5.343777930616317,36.51741272548377,195.14094420564763,4.466835921509632,4.466835921509629,inf,,inf,6.37,inf,-1,0.0876427461285135,0.0092834923488156,True
M2_scalar_phi_massive,0.1,5.343777930616317,36.51741272548377,195.14094420564763,5.011872336272722,5.011872336272719,inf,,inf,6.37,inf,-1,0.0843430516360236,0.0089339746770445,True
M2_scalar_phi_massive,0.1,5.343777930616317,36.51741272548377,195.14094420564763,5.623413251903491,5.623413251903488,inf,,inf,6.37,inf,-1,0.0811675885742537,0.0085976161266785,True
M2_scalar_phi_massive,0.1,5.343777930616317,36.51741272548377,195.14094420564763,6.309573444801933,6.309573444801931,inf,,inf,6.37,inf,-1,0.0781116797076554,0.0082739212650393,True
M2_scalar_phi_massive,0.1,5.343777930616317,36.51741272548377,195.14094420564763,7.079457843841379,7.079457843841376,inf,,inf,6.37,inf,-1,0.075170823895669,0.0079624133121791,True
M2_scalar_phi_massive,0.1,5.343777930616317,36.51741272548377,195.14094420564763,7.943282347242816,7.943282347242812,inf,,inf,6.37,inf,-1,0.0723406894628575,0.007662633438616,True
M2_scalar_phi_massive,0.1,5.343777930616317,36.51741272548377,195.14094420564763,8.912509381337454,8.912509381337452,inf,,inf,6.37,inf,-1,0.0696171078186505,0.007374140089511,True
M2_scalar_phi_massive,0.1,5.343777930616317,36.51741272548377,195.14094420564763,10.0,9.999999999999996,inf,,inf,6.37,inf,-1,0.0669960673173016,0.0070965083342882,True
M2_scalar_phi_massive,0.1,5.343777930616317,42.16965034285823,225.34524684397255,0.1,0.1,inf,,inf,6.37,inf,-1,0.3719001018910873,0.0525317300951669,True
M2_scalar_phi_massive,0.1,5.343777930616317,42.16965034285823,225.34524684397255,0.11220184543019636,0.1122018454301962,inf,,inf,6.37,inf,-1,0.357898296012401,0.0505539433628592,True
M2_scalar_phi_massive,0.1,5.343777930616317,42.16965034285823,225.34524684397255,0.12589254117941673,0.1258925411794166,inf,,inf,6.37,inf,-1,0.3444236493543425,0.0486506190621411,True
M2_scalar_phi_massive,0.1,5.343777930616317,42.16965034285823,225.34524684397255,0.14125375446227545,0.1412537544622754,inf,,inf,6.37,inf,-1,0.3314563147024671,0.0468189537291062,True
M2_scalar_phi_massive,0.1,5.343777930616317,42.16965034285823,225.34524684397255,0.15848931924611134,0.1584893192461113,inf,,inf,6.37,inf,-1,0.3189771920775213,0.0450562494485085,True
M2_scalar_phi_massive,0.1,5.343777930616317,42.16965034285823,225.34524684397255,0.1778279410038923,0.1778279410038921,inf,,inf,6.37,inf,-1,0.306967900602506,0.0433599098799207,True
M2_scalar_phi_massive,0.1,5.343777930616317,42.16965034285823,225.34524684397255,0.19952623149688797,0.1995262314968879,inf,,inf,6.37,inf,-1,0.2954107514289278,0.0417274364335064,True
M2_scalar_phi_massive,0.1,5.343777930616317,42.16965034285823,225.34524684397255,0.22387211385683395,0.223872113856834,inf,,inf,6.37,inf,-1,0.2842887216823587,0.0401564245897713,True
M2_scalar_phi_massive,0.1,5.343777930616317,42.16965034285823,225.34524684397255,0.251188643150958,0.2511886431509578,inf,,inf,6.37,inf,-1,0.2735854293889299,0.038644560357874,True
M2_scalar_phi_massive,0.1,5.343777930616317,42.16965034285823,225.34524684397255,0.28183829312644537,0.2818382931264453,inf,,inf,6.37,inf,-1,0.2632851093458266,0.0371896168672788,True
M2_scalar_phi_massive,0.1,5.343777930616317,42.16965034285823,225.34524684397255,0.31622776601683794,0.3162277660168378,inf,,inf,6.37,inf,-1,0.2533725899002456,0.0357894510877306,True
M2_scalar_phi_massive,0.1,5.343777930616317,42.16965034285823,225.34524684397255,0.35481338923357547,0.3548133892335752,inf,,inf,6.37,inf,-1,0.2438332706026073,0.0344420006727213,True
M2_scalar_phi_massive,0.1,5.343777930616317,42.16965034285823,225.34524684397255,0.3981071705534972,0.3981071705534971,inf,,inf,6.37,inf,-1,0.2346531007011138,0.0331452809217968,True
M2_scalar_phi_massive,0.1,5.343777930616317,42.16965034285823,225.34524684397255,0.44668359215096315,0.4466835921509628,inf,,inf,6.37,inf,-1,0.2258185584459706,0.0318973818572317,True
M2_scalar_phi_massive,0.1,5.343777930616317,42.16965034285823,225.34524684397255,0.5011872336272722,0.501187233627272,inf,,inf,6.37,inf,-1,0.2173166311727932,0.030696465410766,True
M2_scalar_phi_massive,0.1,5.343777930616317,42.16965034285823,225.34524684397255,0.5623413251903491,0.5623413251903487,inf,,inf,6.37,inf,-1,0.2091347961358599,0.0295407627162579,True
M2_scalar_phi_massive,0.1,5.343777930616317,42.16965034285823,225.34524684397255,0.6309573444801932,0.630957344480193,inf,,inf,6.37,inf,-1,0.2012610020629813,0.0284285715042681,True
M2_scalar_phi_massive,0.1,5.343777930616317,42.16965034285823,225.34524684397255,0.7079457843841379,0.7079457843841379,inf,,inf,6.37,inf,-1,0.1936836514048171,0.0273582535947352,True
M2_scalar_phi_massive,0.1,5.343777930616317,42.16965034285823,225.34524684397255,0.7943282347242815,0.7943282347242806,inf,,inf,6.37,inf,-1,0.1863915832524948,0.0263282324840512,True
M2_scalar_phi_massive,0.1,5.343777930616317,42.16965034285823,225.34524684397255,0.8912509381337456,0.8912509381337453,inf,,inf,6.37,inf,-1,0.1793740568983698,0.0253369910229812,True
M2_scalar_phi_massive,0.1,5.343777930616317,42.16965034285823,225.34524684397255,1.0,1.0,inf,,inf,6.37,inf,-1,0.1726207360157126,0.0243830691820087,True
M2_scalar_phi_massive,0.1,5.343777930616317,42.16965034285823,225.34524684397255,1.1220184543019633,1.122018454301963,inf,,inf,6.37,inf,-1,0.1661216734340201,0.023465061900814,True
M2_scalar_phi_massive,0.1,5.343777930616317,42.16965034285823,225.34524684397255,1.2589254117941673,1.2589254117941668,inf,,inf,6.37,inf,-1,0.1598672964875279,0.0225816170187183,True
M2_scalar_phi_massive,0.1,5.343777930616317,42.16965034285823,225.34524684397255,1.4125375446227544,1.4125375446227542,inf,,inf,6.37,inf,-1,0.1538483929153414,0.0217314332830453,True
M2_scalar_phi_massive,0.1,5.343777930616317,42.16965034285823,225.34524684397255,1.5848931924611136,1.5848931924611127,inf,,inf,6.37,inf,-1,0.1480560972924181,0.0209132584324669,True
M2_scalar_phi_massive,0.1,5.343777930616317,42.16965034285823,225.34524684397255,1.7782794100389228,1.7782794100389216,inf,,inf,6.37,inf,-1,0.1424818779714149,0.0201258873525096,True
M2_scalar_phi_massive,0.1,5.343777930616317,42.16965034285823,225.34524684397255,1.9952623149688795,1.9952623149688784,inf,,inf,6.37,inf,-1,0.1371175245161672,0.019368160300505,True
M2_scalar_phi_massive,0.1,5.343777930616317,42.16965034285823,225.34524684397255,2.2387211385683394,2.238721138568338,inf,,inf,6.37,inf,-1,0.1319551356082887,0.0186389611973696,True
M2_scalar_phi_massive,0.1,5.343777930616317,42.16965034285823,225.34524684397255,2.51188643150958,2.511886431509581,inf,,inf,6.37,inf,-1,0.1269871074090814,0.0179372159836983,True
M2_scalar_phi_massive,0.1,5.343777930616317,42.16965034285823,225.34524684397255,2.8183829312644537,2.818382931264452,inf,,inf,6.37,inf,-1,0.1222061223596108,0.0172618910377498,True
M2_scalar_phi_massive,0.1,5.343777930616317,42.16965034285823,225.34524684397255,3.1622776601683795,3.162277660168377,inf,,inf,6.37,inf,-1,0.1176051384024529,0.0166119916529941,True
M2_scalar_phi_massive,0.1,5.343777930616317,42.16965034285823,225.34524684397255,3.548133892335755,3.5481338923357533,inf,,inf,6.37,inf,-1,0.1131773786092345,0.0159865605729787,True
M2_scalar_phi_massive,0.1,5.343777930616317,42.16965034285823,225.34524684397255,3.9810717055349722,3.9810717055349687,inf,,inf,6.37,inf,-1,0.1089163211986904,0.015384676581357,True
M2_scalar_phi_massive,0.1,5.343777930616317,42.16965034285823,225.34524684397255,4.466835921509632,4.46683592150963,inf,,inf,6.37,inf,-1,0.1048156899305352,0.0148054531450009,True
M2_scalar_phi_massive,0.1,5.343777930616317,42.16965034285823,225.34524684397255,5.011872336272722,5.011872336272724,inf,,inf,6.37,inf,-1,0.1008694448609983,0.0142480371081992,True
M2_scalar_phi_massive,0.1,5.343777930616317,42.16965034285823,225.34524684397255,5.623413251903491,5.623413251903489,inf,,inf,6.37,inf,-1,0.0970717734464092,0.0137116074360187,True
M2_scalar_phi_massive,0.1,5.343777930616317,42.16965034285823,225.34524684397255,6.309573444801933,6.309573444801932,inf,,inf,6.37,inf,-1,0.0934170819817252,0.0131953740049773,True
M2_scalar_phi_massive,0.1,5.343777930616317,42.16965034285823,225.34524684397255,7.079457843841379,7.079457843841374,inf,,inf,6.37,inf,-1,0.0898999873613949,0.012698576439247,True
M2_scalar_phi_massive,0.1,5.343777930616317,42.16965034285823,225.34524684397255,7.943282347242816,7.943282347242811,inf,,inf,6.37,inf,-1,0.0865153091504186,0.0122204829906733,True
M2_scalar_phi_massive,0.1,5.343777930616317,42.16965034285823,225.34524684397255,8.912509381337454,8.912509381337449,inf,,inf,6.37,inf,-1,0.0832580619539296,0.0117603894609616,True
M2_scalar_phi_massive,0.1,5.343777930616317,42.16965034285823,225.34524684397255,10.0,9.999999999999991,inf,,inf,6.37,inf,-1,0.0801234480740551,0.0113176181644419,True
M2_scalar_phi_massive,0.0999999999999999,5.343777930616317,48.69675251658631,260.2246313908185,0.1,0.0999999999999999,inf,,inf,6.37,inf,-1,0.4445384698965058,0.0837345628196365,True
M2_scalar_phi_massive,0.0999999999999999,5.343777930616317,48.69675251658631,260.2246313908185,0.11220184543019636,0.1122018454301962,inf,,inf,6.37,inf,-1,0.4278018749629502,0.0805820089806473,True
M2_scalar_phi_massive,0.0999999999999999,5.343777930616317,48.69675251658631,260.2246313908185,0.12589254117941673,0.1258925411794166,inf,,inf,6.37,inf,-1,0.4116954023448719,0.0775481468189423,True
M2_scalar_phi_massive,0.0999999999999999,5.343777930616317,48.69675251658631,260.2246313908185,0.14125375446227545,0.1412537544622754,inf,,inf,6.37,inf,-1,0.3961953283318006,0.0746285076672201,True
M2_scalar_phi_massive,0.0999999999999999,5.343777930616317,48.69675251658631,260.2246313908185,0.15848931924611134,0.1584893192461111,inf,,inf,6.37,inf,-1,0.3812788223961047,0.0718187911007038,True
M2_scalar_phi_massive,0.0999999999999999,5.343777930616317,48.69675251658631,260.2246313908185,0.1778279410038923,0.1778279410038922,inf,,inf,6.37,inf,-1,0.3669239135652169,0.0691148586029158,True
M2_scalar_phi_massive,0.0999999999999999,5.343777930616317,48.69675251658631,260.2246313908185,0.19952623149688797,0.1995262314968878,inf,,inf,6.37,inf,-1,0.3531094580599246,0.0665127274699313,True
M2_scalar_phi_massive,0.0999999999999999,5.343777930616317,48.69675251658631,260.2246313908185,0.22387211385683395,0.2238721138568337,inf,,inf,6.37,inf,-1,0.339815108151058,0.0640085649441337,True
M2_scalar_phi_massive,0.0999999999999999,5.343777930616317,48.69675251658631,260.2246313908185,0.251188643150958,0.2511886431509578,inf,,inf,6.37,inf,-1,0.3270212821887049,0.0615986825688299,True
M2_scalar_phi_massive,0.0999999999999999,5.343777930616317,48.69675251658631,260.2246313908185,0.28183829312644537,0.2818382931264453,inf,,inf,6.37,inf,-1,0.3147091357598063,0.0592795307554104,True
M2_scalar_phi_massive,0.0999999999999999,5.343777930616317,48.69675251658631,260.2246313908185,0.31622776601683794,0.3162277660168376,inf,,inf,6.37,inf,-1,0.3028605339316507,0.057047693555054,True
M2_scalar_phi_massive,0.0999999999999999,5.343777930616317,48.69675251658631,260.2246313908185,0.35481338923357547,0.3548133892335754,inf,,inf,6.37,inf,-1,0.2914580245403836,0.0548998836272724,True
M2_scalar_phi_massive,0.0999999999999999,5.343777930616317,48.69675251658631,260.2246313908185,0.3981071705534972,0.3981071705534972,inf,,inf,6.37,inf,-1,0.2804848124851876,0.0528329373978878,True
M2_scalar_phi_massive,0.0999999999999999,5.343777930616317,48.69675251658631,260.2246313908185,0.44668359215096315,0.446683592150963,inf,,inf,6.37,inf,-1,0.2699247349902707,0.0508438103993083,True
M2_scalar_phi_massive,0.0999999999999999,5.343777930616317,48.69675251658631,260.2246313908185,0.5011872336272722,0.5011872336272722,inf,,inf,6.37,inf,-1,0.2597622377982251,0.04892957278624,True
M2_scalar_phi_massive,0.0999999999999999,5.343777930616317,48.69675251658631,260.2246313908185,0.5623413251903491,0.562341325190349,inf,,inf,6.37,inf,-1,0.2499823522596911,0.0470874050202289,True
M2_scalar_phi_massive,0.0999999999999999,5.343777930616317,48.69675251658631,260.2246313908185,0.6309573444801932,0.6309573444801931,inf,,inf,6.37,inf,-1,0.2405706732855814,0.0453145937166778,True
M2_scalar_phi_massive,0.0999999999999999,5.343777930616317,48.69675251658631,260.2246313908185,0.7079457843841379,0.7079457843841372,inf,,inf,6.37,inf,-1,0.2315133381293892,0.0436085276482198,True
M2_scalar_phi_massive,0.0999999999999999,5.343777930616317,48.69675251658631,260.2246313908185,0.7943282347242815,0.7943282347242805,inf,,inf,6.37,inf,-1,0.2227970059683302,0.0419666938985626,True
M2_scalar_phi_massive,0.0999999999999999,5.343777930616317,48.69675251658631,260.2246313908185,0.8912509381337456,0.8912509381337449,inf,,inf,6.37,inf,-1,0.2144088382532412,0.0403866741611386,True
M2_scalar_phi_massive,0.0999999999999999,5.343777930616317,48.69675251658631,260.2246313908185,1.0,0.9999999999999992,inf,,inf,6.37,inf,-1,0.2063364797982932,0.0388661411771072,True
M2_scalar_phi_massive,0.0999999999999999,5.343777930616317,48.69675251658631,260.2246313908185,1.1220184543019633,1.1220184543019622,inf,,inf,6.37,inf,-1,0.198568040582664,0.0374028553074657,True
M2_scalar_phi_massive,0.0999999999999999,5.343777930616317,48.69675251658631,260.2246313908185,1.2589254117941673,1.2589254117941666,inf,,inf,6.37,inf,-1,0.1910920782373677,0.0359946612342167,True
M2_scalar_phi_massive,0.0999999999999999,5.343777930616317,48.69675251658631,260.2246313908185,1.4125375446227544,1.4125375446227546,inf,,inf,6.37,inf,-1,0.1838975811914434,0.0346394847857354,True
M2_scalar_phi_massive,0.0999999999999999,5.343777930616317,48.69675251658631,260.2246313908185,1.5848931924611136,1.5848931924611125,inf,,inf,6.37,inf,-1,0.1769739524526789,0.0333353298816595,True
M2_scalar_phi_massive,0.0999999999999999,5.343777930616317,48.69675251658631,260.2246313908185,1.7782794100389228,1.778279410038922,inf,,inf,6.37,inf,-1,0.1703109939989811,0.032080275592802,True
M2_scalar_phi_massive,0.0999999999999999,5.343777930616317,48.69675251658631,260.2246313908185,1.9952623149688795,1.99526231496888,inf,,inf,6.37,inf,-1,0.1638988917574005,0.0308724733117563,True
M2_scalar_phi_massive,0.0999999999999999,5.343777930616317,48.69675251658631,260.2246313908185,2.2387211385683394,2.2387211385683408,inf,,inf,6.37,inf,-1,0.1577282011486869,0.0297101440300269,True
M2_scalar_phi_massive,0.0999999999999999,5.343777930616317,48.69675251658631,260.2246313908185,2.51188643150958,2.51188643150958,inf,,inf,6.37,inf,-1,0.1517898331760826,0.0285915757176739,True
M2_scalar_phi_massive,0.0999999999999999,5.343777930616317,48.69675251658631,260.2246313908185,2.8183829312644537,2.818382931264452,inf,,inf,6.37,inf,-1,0.1460750410378644,0.0275151208016118,True
M2_scalar_phi_massive,0.0999999999999999,5.343777930616317,48.69675251658631,260.2246313908185,3.1622776601683795,3.162277660168376,inf,,inf,6.37,inf,-1,0.1405754072439154,0.0264791937388502,True
M2_scalar_phi_massive,0.0999999999999999,5.343777930616317,48.69675251658631,260.2246313908185,3.548133892335755,3.5481338923357515,inf,,inf,6.37,inf,-1,0.1352828312173484,0.0254822686810988,True
M2_scalar_phi_massive,0.0999999999999999,5.343777930616317,48.69675251658631,260.2246313908185,3.9810717055349722,3.981071705534968,inf,,inf,6.37,inf,-1,0.1301895173629221,0.0245228772272999,True
M2_scalar_phi_massive,0.0999999999999999,5.343777930616317,48.69675251658631,260.2246313908185,4.466835921509632,4.466835921509629,inf,,inf,6.37,inf,-1,0.1252879635846729,0.0235996062607754,True
M2_scalar_phi_massive,0.0999999999999999,5.343777930616317,48.69675251658631,260.2246313908185,5.011872336272722,5.011872336272723,inf,,inf,6.37,inf,-1,0.1205709502358508,0.0227110958678055,True
M2_scalar_phi_massive,0.0999999999999999,5.343777930616317,48.69675251658631,260.2246313908185,5.623413251903491,5.623413251903485,inf,,inf,6.37,inf,-1,0.1160315294848838,0.0218560373345697,True
M2_scalar_phi_massive,0.0999999999999999,5.343777930616317,48.69675251658631,260.2246313908185,6.309573444801933,6.309573444801932,inf,,inf,6.37,inf,-1,0.1116630150817062,0.0210331712195031,True
M2_scalar_phi_massive,0.0999999999999999,5.343777930616317,48.69675251658631,260.2246313908185,7.079457843841379,7.07945784384138,inf,,inf,6.37,inf,-1,0.1074589725093792,0.0202412854982271,True
M2_scalar_phi_massive,0.0999999999999999,5.343777930616317,48.69675251658631,260.2246313908185,7.943282347242816,7.943282347242806,inf,,inf,6.37,inf,-1,0.1034132095064961,0.0194792137783214,True
M2_scalar_phi_massive,0.0999999999999999,5.343777930616317,48.69675251658631,260.2246313908185,8.912509381337454,8.912509381337449,inf,,inf,6.37,inf,-1,0.0995197669464133,0.0187458335813098,True
M2_scalar_phi_massive,0.0999999999999999,5.343777930616317,48.69675251658631,260.2246313908185,10.0,9.999999999999996,inf,,inf,6.37,inf,-1,0.0957729100598726,0.0180400646893279,True
M2_scalar_phi_massive,0.1,5.343777930616317,56.23413251903491,300.5027163025721,0.1,0.0999999999999999,inf,,inf,6.37,inf,-1,0.5310629323133033,0.1333955665881026,True
M2_scalar_phi_massive,0.1,5.343777930616317,56.23413251903491,300.5027163025721,0.11220184543019636,0.1122018454301963,inf,,inf,6.37,inf,-1,0.5110687455685131,0.1283733070647885,True
M2_scalar_phi_massive,0.1,5.343777930616317,56.23413251903491,300.5027163025721,0.12589254117941673,0.1258925411794167,inf,,inf,6.37,inf,-1,0.4918273274303439,0.1235401324665934,True
M2_scalar_phi_massive,0.1,5.343777930616317,56.23413251903491,300.5027163025721,0.14125375446227545,0.1412537544622753,inf,,inf,6.37,inf,-1,0.4733103366322894,0.118888923864529,True
M2_scalar_phi_massive,0.1,5.343777930616317,56.23413251903491,300.5027163025721,0.15848931924611134,0.1584893192461112,inf,,inf,6.37,inf,-1,0.4554904989387739,0.1144128303528241,True
M2_scalar_phi_massive,0.1,5.343777930616317,56.23413251903491,300.5027163025721,0.1778279410038923,0.1778279410038922,inf,,inf,6.37,inf,-1,0.4383415669721069,0.1101052589580185,True
M2_scalar_phi_massive,0.1,5.343777930616317,56.23413251903491,300.5027163025721,0.19952623149688797,0.1995262314968879,inf,,inf,6.37,inf,-1,0.4218382815519268,0.1059598649279729,True
M2_scalar_phi_massive,0.1,5.343777930616317,56.23413251903491,300.5027163025721,0.22387211385683395,0.2238721138568339,inf,,inf,6.37,inf,-1,0.40595633449019,0.1019705423864916,True
M2_scalar_phi_massive,0.1,5.343777930616317,56.23413251903491,300.5027163025721,0.251188643150958,0.2511886431509578,inf,,inf,6.37,inf,-1,0.3906723327869063,0.098131415339793,True
M2_scalar_phi_massive,0.1,5.343777930616317,56.23413251903491,300.5027163025721,0.28183829312644537,0.2818382931264451,inf,,inf,6.37,inf,-1,0.3759637641738819,0.0944368290215808,True
M2_scalar_phi_massive,0.1,5.343777930616317,56.23413251903491,300.5027163025721,0.31622776601683794,0.3162277660168377,inf,,inf,6.37,inf,-1,0.3618089639557185,0.0908813415639675,True
M2_scalar_phi_massive,0.1,5.343777930616317,56.23413251903491,300.5027163025721,0.35481338923357547,0.3548133892335754,inf,,inf,6.37,inf,-1,0.3481870830992291,0.0874597159819827,True
M2_scalar_phi_massive,0.1,5.343777930616317,56.23413251903491,300.5027163025721,0.3981071705534972,0.3981071705534971,inf,,inf,6.37,inf,-1,0.3350780575242664,0.08416691245986,True
M2_scalar_phi_massive,0.1,5.343777930616317,56.23413251903491,300.5027163025721,0.44668359215096315,0.4466835921509626,inf,,inf,6.37,inf,-1,0.3224625785507326,0.0809980809277394,True
M2_scalar_phi_massive,0.1,5.343777930616317,56.23413251903491,300.5027163025721,0.5011872336272722,0.5011872336272717,inf,,inf,6.37,inf,-1,0.3103220644582404,0.077948553917853,True
M2_scalar_phi_massive,0.1,5.343777930616317,56.23413251903491,300.5027163025721,0.5623413251903491,0.5623413251903487,inf,,inf,6.37,inf,-1,0.2986386331165356,0.0750138396896711,True
M2_scalar_phi_massive,0.1,5.343777930616317,56.23413251903491,300.5027163025721,0.6309573444801932,0.6309573444801932,inf,,inf,6.37,inf,-1,0.287395075646367,0.0721896156138807,True
M2_scalar_phi_massive,0.1,5.343777930616317,56.23413251903491,300.5027163025721,0.7079457843841379,0.7079457843841376,inf,,inf,6.37,inf,-1,0.2765748310720073,0.0694717218054554,True
M2_scalar_phi_massive,0.1,5.343777930616317,56.23413251903491,300.5027163025721,0.7943282347242815,0.7943282347242813,inf,,inf,6.37,inf,-1,0.2661619619280918,0.0668561549964337,True
M2_scalar_phi_massive,0.1,5.343777930616317,56.23413251903491,300.5027163025721,0.8912509381337456,0.8912509381337453,inf,,inf,6.37,inf,-1,0.2561411307848433,0.0643390626393857,True
M2_scalar_phi_massive,0.1,5.343777930616317,56.23413251903491,300.5027163025721,1.0,0.9999999999999996,inf,,inf,6.37,inf,-1,0.2464975776571087,0.0619167372328787,True
M2_scalar_phi_massive,0.1,5.343777930616317,56.23413251903491,300.5027163025721,1.1220184543019633,1.1220184543019631,inf,,inf,6.37,inf,-1,0.2372170982639301,0.0595856108605866,True
M2_scalar_phi_massive,0.1,5.343777930616317,56.23413251903491,300.5027163025721,1.2589254117941673,1.2589254117941664,inf,,inf,6.37,inf,-1,0.2282860231066301,0.0573422499359983,True
M2_scalar_phi_massive,0.1,5.343777930616317,56.23413251903491,300.5027163025721,1.4125375446227544,1.4125375446227533,inf,,inf,6.37,inf,-1,0.2196911973345939,0.0551833501449837,True
M2_scalar_phi_massive,0.1,5.343777930616317,56.23413251903491,300.5027163025721,1.5848931924611136,1.5848931924611136,inf,,inf,6.37,inf,-1,0.2114199613690925,0.0531057315787701,True
M2_scalar_phi_massive,0.1,5.343777930616317,56.23413251903491,300.5027163025721,1.7782794100389228,1.7782794100389214,inf,,inf,6.37,inf,-1,0.2034601322566059,0.0511063340501582,True
M2_scalar_phi_massive,0.1,5.343777930616317,56.23413251903491,300.5027163025721,1.9952623149688795,1.9952623149688795,inf,,inf,6.37,inf,-1,0.1957999857241827,0.0491822125860797,True
M2_scalar_phi_massive,0.1,5.343777930616317,56.23413251903491,300.5027163025721,2.2387211385683394,2.238721138568339,inf,,inf,6.37,inf,-1,0.188428238910404,0.0473305330898578,True
M2_scalar_phi_massive,0.1,5.343777930616317,56.23413251903491,300.5027163025721,2.51188643150958,2.511886431509578,inf,,inf,6.37,inf,-1,0.181334033746516,0.0455485681667801,True
M2_scalar_phi_massive,0.1,5.343777930616317,56.23413251903491,300.5027163025721,2.8183829312644537,2.8183829312644524,inf,,inf,6.37,inf,-1,0.1745069209632518,0.0438336931068368,True
M2_scalar_phi_massive,0.1,5.343777930616317,56.23413251903491,300.5027163025721,3.1622776601683795,3.162277660168378,inf,,inf,6.37,inf,-1,0.1679368446997871,0.042183382018706,True
M2_scalar_phi_massive,0.1,5.343777930616317,56.23413251903491,300.5027163025721,3.548133892335755,3.5481338923357506,inf,,inf,6.37,inf,-1,0.1616141276921587,0.0405952041092916,True
M2_scalar_phi_massive,0.1,5.343777930616317,56.23413251903491,300.5027163025721,3.9810717055349722,3.9810717055349705,inf,,inf,6.37,inf,-1,0.1555294570193295,0.039066820103335,True
M2_scalar_phi_massive,0.1,5.343777930616317,56.23413251903491,300.5027163025721,4.466835921509632,4.466835921509629,inf,,inf,6.37,inf,-1,0.1496738703859064,0.0375959787978259,True
M2_scalar_phi_massive,0.1,5.343777930616317,56.23413251903491,300.5027163025721,5.011872336272722,5.011872336272721,inf,,inf,6.37,inf,-1,0.1440387429213033,0.036180513746137,True
M2_scalar_phi_massive,0.1,5.343777930616317,56.23413251903491,300.5027163025721,5.623413251903491,5.623413251903489,inf,,inf,6.37,inf,-1,0.1386157744759095,0.0348183400669996,True
M2_scalar_phi_massive,0.1,5.343777930616317,56.23413251903491,300.5027163025721,6.309573444801933,6.309573444801927,inf,,inf,6.37,inf,-1,0.1333969773955477,0.0335074513736187,True
M2_scalar_phi_massive,0.1,5.343777930616317,56.23413251903491,300.5027163025721,7.079457843841379,7.079457843841375,inf,,inf,6.37,inf,-1,0.128374664756217,0.0322459168184055,True
M2_scalar_phi_massive,0.1,5.343777930616317,56.23413251903491,300.5027163025721,7.943282347242816,7.943282347242811,inf,,inf,6.37,inf,-1,0.12354143904179,0.0310318782489732,True
M2_scalar_phi_massive,0.1,5.343777930616317,56.23413251903491,300.5027163025721,8.912509381337454,8.91250938133745,inf,,inf,6.37,inf,-1,0.1188901812479879,0.0298635474712085,True
M2_scalar_phi_massive,0.1,5.343777930616317,56.23413251903491,300.5027163025721,10.0,9.999999999999991,inf,,inf,6.37,inf,-1,0.1144140403965835,0.0287392036153866,True
M2_scalar_phi_massive,0.1,5.343777930616317,64.93816315762113,347.0151231364574,0.1,0.1,inf,,inf,6.37,inf,-1,0.6340369108799362,0.2123782061578954,True
M2_scalar_phi_massive,0.1,5.343777930616317,64.93816315762113,347.0151231364574,0.11220184543019636,0.1122018454301963,inf,,inf,6.37,inf,-1,0.6101658183448158,0.204382299729353,True
M2_scalar_phi_massive,0.1,5.343777930616317,64.93816315762113,347.0151231364574,0.12589254117941673,0.1258925411794167,inf,,inf,6.37,inf,-1,0.5871934574908357,0.1966874341692248,True
M2_scalar_phi_massive,0.1,5.343777930616317,64.93816315762113,347.0151231364574,0.14125375446227545,0.1412537544622752,inf,,inf,6.37,inf,-1,0.5650859916331652,0.1892822754773863,True
M2_scalar_phi_massive,0.1,5.343777930616317,64.93816315762113,347.0151231364574,0.15848931924611134,0.1584893192461113,inf,,inf,6.37,inf,-1,0.5438108580169616,0.1821559163717183,True
M2_scalar_phi_massive,0.1,5.343777930616317,64.93816315762113,347.0151231364574,0.1778279410038923,0.1778279410038923,inf,,inf,6.37,inf,-1,0.523336719854705,0.1752978602224409,True
M2_scalar_phi_massive,0.1,5.343777930616317,64.93816315762113,347.0151231364574,0.19952623149688797,0.1995262314968879,inf,,inf,6.37,inf,-1,0.5036334201692964,0.1686980055913106,True
M2_scalar_phi_massive,0.1,5.343777930616317,64.93816315762113,347.0151231364574,0.22387211385683395,0.223872113856834,inf,,inf,6.37,inf,-1,0.4846719373749341,0.162346631352906,True
M2_scalar_phi_massive,0.1,5.343777930616317,64.93816315762113,347.0151231364574,0.251188643150958,0.2511886431509578,inf,,inf,6.37,inf,-1,0.466424342530343,0.1562343823760887,True
M2_scalar_phi_massive,0.1,5.343777930616317,64.93816315762113,347.0151231364574,0.28183829312644537,0.2818382931264454,inf,,inf,6.37,inf,-1,0.4488637582013922,0.1503522557445474,True
M2_scalar_phi_massive,0.1,5.343777930616317,64.93816315762113,347.0151231364574,0.31622776601683794,0.3162277660168378,inf,,inf,6.37,inf,-1,0.43196431887251,0.1446915874961308,True
M2_scalar_phi_massive,0.1,5.343777930616317,64.93816315762113,347.0151231364574,0.35481338923357547,0.3548133892335749,inf,,inf,6.37,inf,-1,0.4157011328485837,0.1392440398614353,True
M2_scalar_phi_massive,0.1,5.343777930616317,64.93816315762113,347.0151231364574,0.3981071705534972,0.3981071705534972,inf,,inf,6.37,inf,-1,0.4000502455912295,0.1340015889828527,True
M2_scalar_phi_massive,0.1,5.343777930616317,64.93816315762113,347.0151231364574,0.44668359215096315,0.446683592150963,inf,,inf,6.37,inf,-1,0.3849886044354289,0.1289565130959875,True
M2_scalar_phi_massive,0.1,5.343777930616317,64.93816315762113,347.0151231364574,0.5011872336272722,0.5011872336272722,inf,,inf,6.37,inf,-1,0.3704940246345609,0.1241013811560369,True
M2_scalar_phi_massive,0.1,5.343777930616317,64.93816315762113,347.0151231364574,0.5623413251903491,0.562341325190349,inf,,inf,6.37,inf,-1,0.3565451566838186,0.11942904189238,True
M2_scalar_phi_massive,0.1,5.343777930616317,64.93816315762113,347.0151231364574,0.6309573444801932,0.6309573444801929,inf,,inf,6.37,inf,-1,0.3431214548738775,0.1149326132752555,True
M2_scalar_phi_massive,0.1,5.343777930616317,64.93816315762113,347.0151231364574,0.7079457843841379,0.707945784384138,inf,,inf,6.37,inf,-1,0.3302031470284994,0.1106054723790114,True
M2_scalar_phi_massive,0.1,5.343777930616317,64.93816315762113,347.0151231364574,0.7943282347242815,0.7943282347242814,inf,,inf,6.37,inf,-1,0.3177712053814966,0.1064412456269981,True
M2_scalar_phi_massive,0.1,5.343777930616317,64.93816315762113,347.0151231364574,0.8912509381337456,0.8912509381337453,inf,,inf,6.37,inf,-1,0.3058073185501589,0.1024337994037344,True
M2_scalar_phi_massive,0.1,5.343777930616317,64.93816315762113,347.0151231364574,1.0,0.9999999999999994,inf,,inf,6.37,inf,-1,0.2942938645638653,0.09857723102052,True
M2_scalar_phi_massive,0.1,5.343777930616317,64.93816315762113,347.0151231364574,1.1220184543019633,1.1220184543019636,inf,,inf,6.37,inf,-1,0.2832138849081499,0.0948658600211865,True
M2_scalar_phi_massive,0.1,5.343777930616317,64.93816315762113,347.0151231364574,1.2589254117941673,1.2589254117941666,inf,,inf,6.37,inf,-1,0.2725510595459943,0.0912942198151822,True
M2_scalar_phi_massive,0.1,5.343777930616317,64.93816315762113,347.0151231364574,1.4125375446227544,1.4125375446227544,inf,,inf,6.37,inf,-1,0.2622896828795503,0.0878570496256654,True
M2_scalar_phi_massive,0.1,5.343777930616317,64.93816315762113,347.0151231364574,1.5848931924611136,1.5848931924611127,inf,,inf,6.37,inf,-1,0.2524146406168913,0.084549286740747,True
M2_scalar_phi_massive,0.1,5.343777930616317,64.93816315762113,347.0151231364574,1.7782794100389228,1.7782794100389216,inf,,inf,6.37,inf,-1,0.2429113875097138,0.0813660590564695,True
M2_scalar_phi_massive,0.1,5.343777930616317,64.93816315762113,347.0151231364574,1.9952623149688795,1.9952623149688795,inf,,inf,6.37,inf,-1,0.2337659259292019,0.0783026779005373,True
M2_scalar_phi_massive,0.1,5.343777930616317,64.93816315762113,347.0151231364574,2.2387211385683394,2.238721138568336,inf,,inf,6.37,inf,-1,0.2249647852484966,0.0753546311262298,True
M2_scalar_phi_massive,0.1,5.343777930616317,64.93816315762113,347.0151231364574,2.51188643150958,2.511886431509581,inf,,inf,6.37,inf,-1,0.2164950020014022,0.0725175764663242,True
M2_scalar_phi_massive,0.1,5.343777930616317,64.93816315762113,347.0151231364574,2.8183829312644537,2.8183829312644533,inf,,inf,6.37,inf,-1,0.2083441007881048,0.0697873351372384,True
M2_scalar_phi_massive,0.1,5.343777930616317,64.93816315762113,347.0151231364574,3.1622776601683795,3.1622776601683777,inf,,inf,6.37,inf,-1,0.2005000758997792,0.0671598856839747,True
M2_scalar_phi_massive,0.1,5.343777930616317,64.93816315762113,347.0151231364574,3.548133892335755,3.5481338923357524,inf,,inf,6.37,inf,-1,0.1929513736350168,0.0646313580567971,True
M2_scalar_phi_massive,0.1,5.343777930616317,64.93816315762113,347.0151231364574,3.9810717055349722,3.9810717055349705,inf,,inf,6.37,inf,-1,0.1856868752820301,0.0621980279109178,True
M2_scalar_phi_massive,0.1,5.343777930616317,64.93816315762113,347.0151231364574,4.466835921509632,4.466835921509631,inf,,inf,6.37,inf,-1,0.1786958807415654,0.0598563111207975,True
M2_scalar_phi_massive,0.1,5.343777930616317,64.93816315762113,347.0151231364574,5.011872336272722,5.011872336272722,inf,,inf,6.37,inf,-1,0.1719680927664036,0.0576027585009784,True
M2_scalar_phi_massive,0.1,5.343777930616317,64.93816315762113,347.0151231364574,5.623413251903491,5.6234132519034885,inf,,inf,6.37,inf,-1,0.1654936017942331,0.0554340507256744,True
M2_scalar_phi_massive,0.1,5.343777930616317,64.93816315762113,347.0151231364574,6.309573444801933,6.309573444801928,inf,,inf,6.37,inf,-1,0.1592628713515561,0.0533469934396362,True
M2_scalar_phi_massive,0.1,5.343777930616317,64.93816315762113,347.0151231364574,7.079457843841379,7.079457843841378,inf,,inf,6.37,inf,-1,0.1532667240071282,0.0513385125530886,True
M2_scalar_phi_massive,0.1,5.343777930616317,64.93816315762113,347.0151231364574,7.943282347242816,7.943282347242817,inf,,inf,6.37,inf,-1,0.1474963278542427,0.0494056497138109,True
M2_scalar_phi_massive,0.1,5.343777930616317,64.93816315762113,347.0151231364574,8.912509381337454,8.912509381337452,inf,,inf,6.37,inf,-1,0.1419431835019483,0.0475455579496905,True
M2_scalar_phi_massive,0.1,5.343777930616317,64.93816315762113,347.0151231364574,10.0,9.999999999999991,inf,,inf,6.37,inf,-1,0.1365991115560388,0.0457554974753313,True
M2_scalar_phi_massive,0.0999999999999999,5.343777930616317,74.98942093324558,400.726812612775,0.1,0.0999999999999999,inf,,inf,6.37,inf,-1,0.7564676228115376,0.3378981014526778,True
M2_scalar_phi_massive,0.0999999999999999,5.343777930616317,74.98942093324558,400.726812612775,0.11220184543019636,0.1122018454301963,inf,,inf,6.37,inf,-1,0.7279870906625562,0.3251764495917094,True
M2_scalar_phi_massive,0.0999999999999999,5.343777930616317,74.98942093324558,400.726812612775,0.12589254117941673,0.1258925411794167,inf,,inf,6.37,inf,-1,0.700578832708833,0.312933759954488,True
M2_scalar_phi_massive,0.0999999999999999,5.343777930616317,74.98942093324558,400.726812612775,0.14125375446227545,0.1412537544622754,inf,,inf,6.37,inf,-1,0.6742024784985872,0.3011519999133106,True
M2_scalar_phi_massive,0.0999999999999999,5.343777930616317,74.98942093324558,400.726812612775,0.15848931924611134,0.1584893192461112,inf,,inf,6.37,inf,-1,0.6488191775022594,0.2898138157576116,True
M2_scalar_phi_massive,0.0999999999999999,5.343777930616317,74.98942093324558,400.726812612775,0.1778279410038923,0.1778279410038922,inf,,inf,6.37,inf,-1,0.6243915418883919,0.2789025071331578,True
M2_scalar_phi_massive,0.0999999999999999,5.343777930616317,74.98942093324558,400.726812612775,0.19952623149688797,0.199526231496888,inf,,inf,6.37,inf,-1,0.6008835914539622,0.2684020024435917,True
M2_scalar_phi_massive,0.0999999999999999,5.343777930616317,74.98942093324558,400.726812612775,0.22387211385683395,0.2238721138568339,inf,,inf,6.37,inf,-1,0.5782607006280537,0.2582968351780918,True
M2_scalar_phi_massive,0.0999999999999999,5.343777930616317,74.98942093324558,400.726812612775,0.251188643150958,0.2511886431509579,inf,,inf,6.37,inf,-1,0.5564895474708051,0.2485721211302805,True
M2_scalar_phi_massive,0.0999999999999999,5.343777930616317,74.98942093324558,400.726812612775,0.28183829312644537,0.2818382931264452,inf,,inf,6.37,inf,-1,0.5355380645925181,0.239213536474827,True
M2_scalar_phi_massive,0.0999999999999999,5.343777930616317,74.98942093324558,400.726812612775,0.31622776601683794,0.3162277660168376,inf,,inf,6.37,inf,-1,0.5153753919206299,0.2302072966694518,True
M2_scalar_phi_massive,0.0999999999999999,5.343777930616317,74.98942093324558,400.726812612775,0.35481338923357547,0.3548133892335753,inf,,inf,6.37,inf,-1,0.4959718312449785,0.2215401361512575,True
M2_scalar_phi_massive,0.0999999999999999,5.343777930616317,74.98942093324558,400.726812612775,0.3981071705534972,0.398107170553497,inf,,inf,6.37,inf,-1,0.4772988024744122,0.2131992887974805,True
M2_scalar_phi_massive,0.0999999999999999,5.343777930616317,74.98942093324558,400.726812612775,0.44668359215096315,0.4466835921509627,inf,,inf,6.37,inf,-1,0.4593288015403081,0.2051724691218823,True
M2_scalar_phi_massive,0.0999999999999999,5.343777930616317,74.98942093324558,400.726812612775,0.5011872336272722,0.5011872336272721,inf,,inf,6.37,inf,-1,0.4420353598849988,0.197447854179086,True
M2_scalar_phi_massive,0.0999999999999999,5.343777930616317,74.98942093324558,400.726812612775,0.5623413251903491,0.562341325190349,inf,,inf,6.37,inf,-1,0.4253930054754332,0.1900140661502019,True
M2_scalar_phi_massive,0.0999999999999999,5.343777930616317,74.98942093324558,400.726812612775,0.6309573444801932,0.6309573444801927,inf,,inf,6.37,inf,-1,0.4093772252846486,0.1828601555840946,True
M2_scalar_phi_massive,0.0999999999999999,5.343777930616317,74.98942093324558,400.726812612775,0.7079457843841379,0.7079457843841371,inf,,inf,6.37,inf,-1,0.393964429185793,0.1759755852696053,True
M2_scalar_phi_massive,0.0999999999999999,5.343777930616317,74.98942093324558,400.726812612775,0.7943282347242815,0.7943282347242812,inf,,inf,6.37,inf,-1,0.3791319152055133,0.169350214714975,True
M2_scalar_phi_massive,0.0999999999999999,5.343777930616317,74.98942093324558,400.726812612775,0.8912509381337456,0.8912509381337455,inf,,inf,6.37,inf,-1,0.3648578360855328,0.162974285211607,True
M2_scalar_phi_massive,0.0999999999999999,5.343777930616317,74.98942093324558,400.726812612775,1.0,0.9999999999999986,inf,,inf,6.37,inf,-1,0.3511211671031636,0.1568384054601707,True
M2_scalar_phi_massive,0.0999999999999999,5.343777930616317,74.98942093324558,400.726812612775,1.1220184543019633,1.122018454301963,inf,,inf,6.37,inf,-1,0.3379016751033575,0.1509335377378727,True
M2_scalar_phi_massive,0.0999999999999999,5.343777930616317,74.98942093324558,400.726812612775,1.2589254117941673,1.2589254117941668,inf,,inf,6.37,inf,-1,0.3251798886966794,0.1452509845865213,True
M2_scalar_phi_massive,0.0999999999999999,5.343777930616317,74.98942093324558,400.726812612775,1.4125375446227544,1.4125375446227544,inf,,inf,6.37,inf,-1,0.3129370695793101,0.1397823760017779,True
M2_scalar_phi_massive,0.0999999999999999,5.343777930616317,74.98942093324558,400.726812612775,1.5848931924611136,1.5848931924611132,inf,,inf,6.37,inf,-1,0.3011551849328314,0.1345196571047241,True
M2_scalar_phi_massive,0.0999999999999999,5.343777930616317,74.98942093324558,400.726812612775,1.7782794100389228,1.778279410038923,inf,,inf,6.37,inf,-1,0.2898168808631425,0.1294550762775873,True
M2_scalar_phi_massive,0.0999999999999999,5.343777930616317,74.98942093324558,400.726812612775,1.9952623149688795,1.9952623149688784,inf,,inf,6.37,inf,-1,0.2789054568393854,0.1245811737461485,True
M2_scalar_phi_massive,0.0999999999999999,5.343777930616317,74.98942093324558,400.726812612775,2.2387211385683394,2.2387211385683363,inf,,inf,6.37,inf,-1,0.2684048410952276,0.1198907705920151,True
M2_scalar_phi_massive,0.0999999999999999,5.343777930616317,74.98942093324558,400.726812612775,2.51188643150958,2.511886431509581,inf,,inf,6.37,inf,-1,0.2582995669562717,0.1153769581785753,True
M2_scalar_phi_massive,0.0999999999999999,5.343777930616317,74.98942093324558,400.726812612775,2.8183829312644537,2.8183829312644524,inf,,inf,6.37,inf,-1,0.2485747500587231,0.111033087975058,True
M2_scalar_phi_massive,0.0999999999999999,5.343777930616317,74.98942093324558,400.726812612775,3.1622776601683795,3.162277660168378,inf,,inf,6.37,inf,-1,0.2392160664257605,0.1068527617637112,True
M2_scalar_phi_massive,0.0999999999999999,5.343777930616317,74.98942093324558,400.726812612775,3.548133892335755,3.5481338923357537,inf,,inf,6.37,inf,-1,0.2302097313693174,0.1028298222156731,True
M2_scalar_phi_massive,0.0999999999999999,5.343777930616317,74.98942093324558,400.726812612775,3.9810717055349722,3.981071705534972,inf,,inf,6.37,inf,-1,0.2215424791861983,0.0989583438216571,True
M2_scalar_phi_massive,0.0999999999999999,5.343777930616317,74.98942093324558,400.726812612775,4.466835921509632,4.466835921509629,inf,,inf,6.37,inf,-1,0.2132015436186234,0.0952326241640891,True
M2_scalar_phi_massive,0.0999999999999999,5.343777930616317,74.98942093324558,400.726812612775,5.011872336272722,5.011872336272723,inf,,inf,6.37,inf,-1,0.2051746390504216,0.0916471755178449,True
M2_scalar_phi_massive,0.0999999999999999,5.343777930616317,74.98942093324558,400.726812612775,5.623413251903491,5.623413251903488,inf,,inf,6.37,inf,-1,0.197449942411175,0.0881967167672137,True
M2_scalar_phi_massive,0.0999999999999999,5.343777930616317,74.98942093324558,400.726812612775,6.309573444801933,6.309573444801934,inf,,inf,6.37,inf,-1,0.1900160757616608,0.0848761656271829,True
M2_scalar_phi_massive,0.0999999999999999,5.343777930616317,74.98942093324558,400.726812612775,7.079457843841379,7.07945784384138,inf,,inf,6.37,inf,-1,0.1828620895349409,0.0816806311575873,True
M2_scalar_phi_massive,0.0999999999999999,5.343777930616317,74.98942093324558,400.726812612775,7.943282347242816,7.943282347242812,inf,,inf,6.37,inf,-1,0.1759774464084137,0.0786054065590954,True
M2_scalar_phi_massive,0.0999999999999999,5.343777930616317,74.98942093324558,400.726812612775,8.912509381337454,8.912509381337449,inf,,inf,6.37,inf,-1,0.169352005783073,0.0756459622404219,True
M2_scalar_phi_massive,0.0999999999999999,5.343777930616317,74.98942093324558,400.726812612775,10.0,9.999999999999996,inf,,inf,6.37,inf,-1,0.1629760088471131,0.0727979391465562,True
M2_scalar_phi_massive,0.1,5.343777930616317,86.59643233600653,462.75210398726085,0.1,0.0999999999999999,inf,,inf,6.37,inf,-1,0.9018725562185242,0.5372056584759058,True
M2_scalar_phi_massive,0.1,5.343777930616317,86.59643233600653,462.75210398726085,0.11220184543019636,0.1122018454301963,inf,,inf,6.37,inf,-1,0.8679176194081422,0.5169802019388857,True
M2_scalar_phi_massive,0.1,5.343777930616317,86.59643233600653,462.75210398726085,0.12589254117941673,0.1258925411794166,inf,,inf,6.37,inf,-1,0.8352410646993635,0.497516221171297,True
M2_scalar_phi_massive,0.1,5.343777930616317,86.59643233600653,462.75210398726085,0.14125375446227545,0.1412537544622754,inf,,inf,6.37,inf,-1,0.8037947618068388,0.4787850470874076,True
M2_scalar_phi_massive,0.1,5.343777930616317,86.59643233600653,462.75210398726085,0.15848931924611134,0.1584893192461112,inf,,inf,6.37,inf,-1,0.7735323925203139,0.4607590899746051,True
M2_scalar_phi_massive,0.1,5.343777930616317,86.59643233600653,462.75210398726085,0.1778279410038923,0.1778279410038923,inf,,inf,6.37,inf,-1,0.7444093824811361,0.4434117988556744,True
M2_scalar_phi_massive,0.1,5.343777930616317,86.59643233600653,462.75210398726085,0.19952623149688797,0.1995262314968879,inf,,inf,6.37,inf,-1,0.7163828355273356,0.4267176223810615,True
M2_scalar_phi_massive,0.1,5.343777930616317,86.59643233600653,462.75210398726085,0.22387211385683395,0.2238721138568338,inf,,inf,6.37,inf,-1,0.6894114705105704,0.4106519711935176,True
M2_scalar_phi_massive,0.1,5.343777930616317,86.59643233600653,462.75210398726085,0.251188643150958,0.2511886431509579,inf,,inf,6.37,inf,-1,0.6634555604918748,0.3951911817096916,True
M2_scalar_phi_massive,0.1,5.343777930616317,86.59643233600653,462.75210398726085,0.28183829312644537,0.281838293126445,inf,,inf,6.37,inf,-1,0.6384768742266507,0.3803124812653224,True
M2_scalar_phi_massive,0.1,5.343777930616317,86.59643233600653,462.75210398726085,0.31622776601683794,0.3162277660168379,inf,,inf,6.37,inf,-1,0.6144386198527109,0.3659939545726944,True
M2_scalar_phi_massive,0.1,5.343777930616317,86.59643233600653,462.75210398726085,0.35481338923357547,0.3548133892335752,inf,,inf,6.37,inf,-1,0.5913053906984335,0.3522145114409461,True
M2_scalar_phi_massive,0.1,5.343777930616317,86.59643233600653,462.75210398726085,0.3981071705534972,0.3981071705534972,inf,,inf,6.37,inf,-1,0.5690431131312038,0.3389538557116912,True
M2_scalar_phi_massive,0.1,5.343777930616317,86.59643233600653,462.75210398726085,0.44668359215096315,0.446683592150963,inf,,inf,6.37,inf,-1,0.5476189963693324,0.3261924553641933,True
M2_scalar_phi_massive,0.1,5.343777930616317,86.59643233600653,462.75210398726085,0.5011872336272722,0.5011872336272718,inf,,inf,6.37,inf,-1,0.5270014841835197,0.313911513746062,True
M2_scalar_phi_massive,0.1,5.343777930616317,86.59643233600653,462.75210398726085,0.5623413251903491,0.5623413251903489,inf,,inf,6.37,inf,-1,0.5071602084167326,0.302092941887095,True
M2_scalar_phi_massive,0.1,5.343777930616317,86.59643233600653,462.75210398726085,0.6309573444801932,0.6309573444801932,inf,,inf,6.37,inf,-1,0.4880659442540277,0.2907193318554872,True
M2_scalar_phi_massive,0.1,5.343777930616317,86.59643233600653,462.75210398726085,0.7079457843841379,0.7079457843841379,inf,,inf,6.37,inf,-1,0.4696905671764381,0.279773931117162,True
M2_scalar_phi_massive,0.1,5.343777930616317,86.59643233600653,462.75210398726085,0.7943282347242815,0.794328234724281,inf,,inf,6.37,inf,-1,0.4520070115355188,0.2692406178604565,True
M2_scalar_phi_massive,0.1,5.343777930616317,86.59643233600653,462.75210398726085,0.8912509381337456,0.891250938133745,inf,,inf,6.37,inf,-1,0.4349892306875346,0.2591038772498187,True
M2_scalar_phi_massive,0.1,5.343777930616317,86.59643233600653,462.75210398726085,1.0,0.9999999999999998,inf,,inf,6.37,inf,-1,0.4186121586285715,0.2493487785735365,True
M2_scalar_phi_massive,0.1,5.343777930616317,86.59643233600653,462.75210398726085,1.1220184543019633,1.122018454301963,inf,,inf,6.37,inf,-1,0.4028516730740619,0.2399609532518411,True
M2_scalar_phi_massive,0.1,5.343777930616317,86.59643233600653,462.75210398726085,1.2589254117941673,1.258925411794167,inf,,inf,6.37,inf,-1,0.3876845599283414,0.2309265736729917,True
M2_scalar_phi_massive,0.1,5.343777930616317,86.59643233600653,462.75210398726085,1.4125375446227544,1.412537544622754,inf,,inf,6.37,inf,-1,0.3730884790919067,0.2222323328261679,True
M2_scalar_phi_massive,0.1,5.343777930616317,86.59643233600653,462.75210398726085,1.5848931924611136,1.5848931924611125,inf,,inf,6.37,inf,-1,0.3590419315560066,0.2138654247011712,True
M2_scalar_phi_massive,0.1,5.343777930616317,86.59643233600653,462.75210398726085,1.7782794100389228,1.7782794100389223,inf,,inf,6.37,inf,-1,0.3455242277361026,0.2058135254260654,True
M2_scalar_phi_massive,0.1,5.343777930616317,86.59643233600653,462.75210398726085,1.9952623149688795,1.9952623149688795,inf,,inf,6.37,inf,-1,0.3325154569975541,0.198064775114973,True
M2_scalar_phi_massive,0.1,5.343777930616317,86.59643233600653,462.75210398726085,2.2387211385683394,2.2387211385683385,inf,,inf,6.37,inf,-1,0.3199964583286429,0.1906077603992908,True
M2_scalar_phi_massive,0.1,5.343777930616317,86.59643233600653,462.75210398726085,2.51188643150958,2.51188643150958,inf,,inf,6.37,inf,-1,0.3079487921177393,0.1834314976165942,True
M2_scalar_phi_massive,0.1,5.343777930616317,86.59643233600653,462.75210398726085,2.8183829312644537,2.8183829312644533,inf,,inf,6.37,inf,-1,0.2963547129930412,0.1765254166324689,True
M2_scalar_phi_massive,0.1,5.343777930616317,86.59643233600653,462.75210398726085,3.1622776601683795,3.1622776601683773,inf,,inf,6.37,inf,-1,0.285197143684879,0.1698793452714401,True
M2_scalar_phi_massive,0.1,5.343777930616317,86.59643233600653,462.75210398726085,3.548133892335755,3.548133892335752,inf,,inf,6.37,inf,-1,0.274459649872089,0.1634834943340676,True
M2_scalar_phi_massive,0.1,5.343777930616317,86.59643233600653,462.75210398726085,3.9810717055349722,3.981071705534968,inf,,inf,6.37,inf,-1,0.2641264159754049,0.1573284431781383,True
M2_scalar_phi_massive,0.1,5.343777930616317,86.59643233600653,462.75210398726085,4.466835921509632,4.466835921509631,inf,,inf,6.37,inf,-1,0.254182221862213,0.1514051258427174,True
M2_scalar_phi_massive,0.1,5.343777930616317,86.59643233600653,462.75210398726085,5.011872336272722,5.011872336272721,inf,,inf,6.37,inf,-1,0.2446124204283586,0.1457048176946206,True
M2_scalar_phi_massive,0.1,5.343777930616317,86.59643233600653,462.75210398726085,5.623413251903491,5.623413251903489,inf,,inf,6.37,inf,-1,0.2354029160239835,0.1402191225776374,True
M2_scalar_phi_massive,0.1,5.343777930616317,86.59643233600653,462.75210398726085,6.309573444801933,6.30957344480193,inf,,inf,6.37,inf,-1,0.2265401436916172,0.1349399604455797,True
M2_scalar_phi_massive,0.1,5.343777930616317,86.59643233600653,462.75210398726085,7.079457843841379,7.079457843841377,inf,,inf,6.37,inf,-1,0.2180110491859408,0.129859555460937,True
M2_scalar_phi_massive,0.1,5.343777930616317,86.59643233600653,462.75210398726085,7.943282347242816,7.94328234724281,inf,,inf,6.37,inf,-1,0.2098030697457946,0.12497042454161,True
M2_scalar_phi_massive,0.1,5.343777930616317,86.59643233600653,462.75210398726085,8.912509381337454,8.912509381337454,inf,,inf,6.37,inf,-1,0.2019041155901073,0.1202653663388534,True
M2_scalar_phi_massive,0.1,5.343777930616317,86.59643233600653,462.75210398726085,10.0,9.999999999999996,inf,,inf,6.37,inf,-1,0.1943025521104919,0.1157374506301912,True
M2_scalar_phi_massive,0.1,5.343777930616317,100.0,534.3777930616317,0.1,0.1,inf,,inf,6.37,inf,-1,1.0743517826753888,0.8533789295679396,True
M2_scalar_phi_massive,0.1,5.343777930616317,100.0,534.3777930616317,0.11220184543019636,0.1122018454301963,inf,,inf,6.37,inf,-1,1.0339031110295636,0.821249747424637,True
M2_scalar_phi_massive,0.1,5.343777930616317,100.0,534.3777930616317,0.12589254117941673,0.1258925411794167,inf,,inf,6.37,inf,-1,0.9949773065342332,0.7903302088633716,True
M2_scalar_phi_massive,0.1,5.343777930616317,100.0,534.3777930616317,0.14125375446227545,0.1412537544622753,inf,,inf,6.37,inf,-1,0.9575170341951024,0.7605747715609978,True
M2_scalar_phi_massive,0.1,5.343777930616317,100.0,534.3777930616317,0.15848931924611134,0.1584893192461113,inf,,inf,6.37,inf,-1,0.9214671176444968,0.7319396078343093,True
M2_scalar_phi_massive,0.1,5.343777930616317,100.0,534.3777930616317,0.1778279410038923,0.1778279410038922,inf,,inf,6.37,inf,-1,0.8867744578704226,0.704382540084919,True
M2_scalar_phi_massive,0.1,5.343777930616317,100.0,534.3777930616317,0.19952623149688797,0.1995262314968879,inf,,inf,6.37,inf,-1,0.8533879550054266,0.6778629786745984,True
M2_scalar_phi_massive,0.1,5.343777930616317,100.0,534.3777930616317,0.22387211385683395,0.2238721138568339,inf,,inf,6.37,inf,-1,0.8212584330600561,0.652341862139574,True
M2_scalar_phi_massive,0.1,5.343777930616317,100.0,534.3777930616317,0.251188643150958,0.2511886431509579,inf,,inf,6.37,inf,-1,0.7903385674900577,0.6277815996557146,True
M2_scalar_phi_massive,0.1,5.343777930616317,100.0,534.3777930616317,0.28183829312644537,0.2818382931264452,inf,,inf,6.37,inf,-1,0.7605828154906251,0.604146015669871,True
M2_scalar_phi_massive,0.1,5.343777930616317,100.0,534.3777930616317,0.31622776601683794,0.3162277660168376,inf,,inf,6.37,inf,-1,0.731947348915025,0.5814002966158099,True
M2_scalar_phi_massive,0.1,5.343777930616317,100.0,534.3777930616317,0.35481338923357547,0.3548133892335753,inf,,inf,6.37,inf,-1,0.7043899897187945,0.5595109396362592,True
M2_scalar_phi_massive,0.1,5.343777930616317,100.0,534.3777930616317,0.3981071705534972,0.398107170553497,inf,,inf,6.37,inf,-1,0.6778701478344251,0.5384457032355371,True
M2_scalar_phi_massive,0.1,5.343777930616317,100.0,534.3777930616317,0.44668359215096315,0.4466835921509631,inf,,inf,6.37,inf,-1,0.6523487613850238,0.5181735597900784,True
M2_scalar_phi_massive,0.1,5.343777930616317,100.0,534.3777930616317,0.5011872336272722,0.5011872336272724,inf,,inf,6.37,inf,-1,0.6277882391488949,0.4986646498469093,True
M2_scalar_phi_massive,0.1,5.343777930616317,100.0,534.3777930616317,0.5623413251903491,0.5623413251903493,inf,,inf,6.37,inf,-1,0.6041524051902921,0.4798902381427568,True
M2_scalar_phi_massive,0.1,5.343777930616317,100.0,534.3777930616317,0.6309573444801932,0.6309573444801934,inf,,inf,6.37,inf,-1,0.5814064455747894,0.4618226712790098,True
M2_scalar_phi_massive,0.1,5.343777930616317,100.0,534.3777930616317,0.7079457843841379,0.7079457843841378,inf,,inf,6.37,inf,-1,0.5595168570907848,0.4444353369901936,True
M2_scalar_phi_massive,0.1,5.343777930616317,100.0,534.3777930616317,0.7943282347242815,0.794328234724281,inf,,inf,6.37,inf,-1,0.5384513979016067,0.4277026249459586,True
M2_scalar_phi_massive,0.1,5.343777930616317,100.0,534.3777930616317,0.8912509381337456,0.8912509381337451,inf,,inf,6.37,inf,-1,0.5181790400555376,0.41159988902885,True
M2_scalar_phi_massive,0.1,5.343777930616317,100.0,534.3777930616317,1.0,1.0,inf,,inf,6.37,inf,-1,0.4986699237838068,0.3961034110322975,True
M2_scalar_phi_massive,0.1,5.343777930616317,100.0,534.3777930616317,1.1220184543019633,1.1220184543019631,inf,,inf,6.37,inf,-1,0.4798953135192336,0.381190365725351,True
M2_scalar_phi_massive,0.1,5.343777930616317,100.0,534.3777930616317,1.2589254117941673,1.2589254117941668,inf,,inf,6.37,inf,-1,0.4618275555707415,0.3668387872327081,True
M2_scalar_phi_massive,0.1,5.343777930616317,100.0,534.3777930616317,1.4125375446227544,1.412537544622754,inf,,inf,6.37,inf,-1,0.4444400373914012,0.3530275366805118,True
M2_scalar_phi_massive,0.1,5.343777930616317,100.0,534.3777930616317,1.5848931924611136,1.5848931924611136,inf,,inf,6.37,inf,-1,0.4277071483800048,0.3397362710602646,True
M2_scalar_phi_massive,0.1,5.343777930616317,100.0,534.3777930616317,1.7782794100389228,1.778279410038922,inf,,inf,6.37,inf,-1,0.4116042421584379,0.3269454132649965,True
M2_scalar_phi_massive,0.1,5.343777930616317,100.0,534.3777930616317,1.9952623149688795,1.995262314968879,inf,,inf,6.37,inf,-1,0.3961076002692832,0.3146361232535513,True
M2_scalar_phi_massive,0.1,5.343777930616317,100.0,534.3777930616317,2.2387211385683394,2.2387211385683385,inf,,inf,6.37,inf,-1,0.3811943972401884,0.3027902703005213,True
M2_scalar_phi_massive,0.1,5.343777930616317,100.0,534.3777930616317,2.51188643150958,2.511886431509581,inf,,inf,6.37,inf,-1,0.3668426669635371,0.2913904062909533,True
M2_scalar_phi_massive,0.1,5.343777930616317,100.0,534.3777930616317,2.8183829312644537,2.8183829312644537,inf,,inf,6.37,inf,-1,0.3530312703419053,0.2804197400204924,True
M2_scalar_phi_massive,0.1,5.343777930616317,100.0,534.3777930616317,3.1622776601683795,3.162277660168379,inf,,inf,6.37,inf,-1,0.3397398641516456,0.26986211246311,True
M2_scalar_phi_massive,0.1,5.343777930616317,100.0,534.3777930616317,3.548133892335755,3.548133892335754,inf,,inf,6.37,inf,-1,0.3269488710787376,0.2597019729699854,True
M2_scalar_phi_massive,0.1,5.343777930616317,100.0,534.3777930616317,3.9810717055349722,3.9810717055349736,inf,,inf,6.37,inf,-1,0.314639450882771,0.2499243563644848,True
M2_scalar_phi_massive,0.1,5.343777930616317,100.0,534.3777930616317,4.466835921509632,4.466835921509629,inf,,inf,6.37,inf,-1,0.3027934726465854,0.2405148608995011,True
M2_scalar_phi_massive,0.1,5.343777930616317,100.0,534.3777930616317,5.011872336272722,5.011872336272721,inf,,inf,6.37,inf,-1,0.291393488070694,0.2314596270446841,True
M2_scalar_phi_massive,0.1,5.343777930616317,100.0,534.3777930616317,5.623413251903491,5.623413251903489,inf,,inf,6.37,inf,-1,0.2804227057731563,0.2227453170723197,True
M2_scalar_phi_massive,0.1,5.343777930616317,100.0,534.3777930616317,6.309573444801933,6.3095734448019325,inf,,inf,6.37,inf,-1,0.2698649665570438,0.2143590954117877,True
M2_scalar_phi_massive,0.1,5.343777930616317,100.0,534.3777930616317,7.079457843841379,7.079457843841379,inf,,inf,6.37,inf,-1,0.2597047196090704,0.2062886097436615,True
M2_scalar_phi_massive,0.1,5.343777930616317,100.0,534.3777930616317,7.943282347242816,7.943282347242812,inf,,inf,6.37,inf,-1,0.2499269995943288,0.1985219728056035,True
M2_scalar_phi_massive,0.1,5.343777930616317,100.0,534.3777930616317,8.912509381337454,8.912509381337456,inf,,inf,6.37,inf,-1,0.2405174046133971,0.1910477448832568,True
M2_scalar_phi_massive,0.1,5.343777930616317,100.0,534.3777930616317,10.0,9.999999999999991,inf,,inf,6.37,inf,-1,0.2314620749893453,0.1838549169603445,True
