baseline_code,antenna_1,antenna_2,baseline,time_bin,start_hour,end_hour,complex_difference_count,adjacent_sigma_jy,published_triangle_flag,insufficient_pairs_flag,rfi_sensitive_baseline,log_sigma_robust_z,data_driven_rfi_flag,likelihood_excluded,exclusion_reason
258,1,2,EF-JB,0,0.0,0.5,23908,0.010615687295770558,True,False,False,0.0,False,True,published_triangle
258,1,2,EF-JB,1,0.5,1.0,20616,0.009690449027360297,True,False,False,0.0,False,True,published_triangle
258,1,2,EF-JB,2,1.0,1.5,22722,0.009599226613151457,True,False,False,0.0,False,True,published_triangle
258,1,2,EF-JB,3,1.5,2.0,23801,0.009914984468856395,True,False,False,0.0,False,True,published_triangle
258,1,2,EF-JB,4,2.0,2.5,26492,0.009652699730614396,True,False,False,0.0,False,True,published_triangle
258,1,2,EF-JB,5,2.5,3.0,22932,0.009472118991569332,True,False,False,0.0,False,True,published_triangle
258,1,2,EF-JB,6,3.0,3.5,25022,0.010812940514122618,True,False,False,0.0,False,True,published_triangle
258,1,2,EF-JB,7,3.5,4.0,11200,0.01025450189903689,True,False,False,0.0,False,True,published_triangle
258,1,2,EF-JB,8,4.0,4.5,26740,0.009892722264950601,True,False,False,0.0,False,True,published_triangle
258,1,2,EF-JB,9,4.5,5.0,5264,0.008891419006790338,True,False,False,0.0,False,True,published_triangle
258,1,2,EF-JB,10,5.0,5.5,26976,0.008689288659531466,True,False,False,0.0,False,True,published_triangle
258,1,2,EF-JB,11,5.5,6.0,19946,0.009206894982890826,True,False,False,0.0,False,True,published_triangle
258,1,2,EF-JB,12,6.0,6.5,17416,0.00897612427880498,True,False,False,0.0,False,True,published_triangle
258,1,2,EF-JB,13,6.5,7.0,23430,0.009795237323674684,True,False,False,0.0,False,True,published_triangle
258,1,2,EF-JB,14,7.0,7.5,26964,0.009465379363112675,True,False,False,0.0,False,True,published_triangle
258,1,2,EF-JB,15,7.5,8.0,13149,0.009520345041503191,True,False,False,0.0,False,True,published_triangle
258,1,2,EF-JB,16,8.0,8.5,18484,0.01010592618880743,True,False,False,0.0,False,True,published_triangle
258,1,2,EF-JB,17,8.5,9.0,24673,0.010107118722321461,True,False,False,0.0,False,True,published_triangle
258,1,2,EF-JB,18,9.0,9.5,26932,0.009453264013975777,True,False,False,0.0,False,True,published_triangle
258,1,2,EF-JB,19,9.5,10.0,25753,0.008989996317167572,True,False,False,0.0,False,True,published_triangle
258,1,2,EF-JB,20,10.0,10.5,26153,0.009085171887246727,True,False,False,0.0,False,True,published_triangle
258,1,2,EF-JB,21,10.5,11.0,26786,0.00904539571642982,True,False,False,0.0,False,True,published_triangle
258,1,2,EF-JB,22,11.0,11.5,24249,0.009293821705536992,True,False,False,0.0,False,True,published_triangle
258,1,2,EF-JB,23,11.5,12.0,26713,0.008664078413146183,True,False,False,0.0,False,True,published_triangle
258,1,2,EF-JB,24,12.0,12.5,7440,0.009150821694299857,True,False,False,0.0,False,True,published_triangle
258,1,2,EF-JB,25,12.5,13.0,26455,0.009203874824691108,True,False,False,0.0,False,True,published_triangle
258,1,2,EF-JB,26,13.0,13.5,26256,0.009654591845142894,True,False,False,0.0,False,True,published_triangle
258,1,2,EF-JB,27,13.5,14.0,25030,0.009318980730227756,True,False,False,0.0,False,True,published_triangle
259,1,3,EF-WB,4,2.0,2.5,17504,0.007916709881099257,True,False,False,0.0,False,True,published_triangle
259,1,3,EF-WB,5,2.5,3.0,26944,0.00782181899403847,True,False,False,0.0,False,True,published_triangle
259,1,3,EF-WB,6,3.0,3.5,26944,0.007788464136674999,True,False,False,0.0,False,True,published_triangle
259,1,3,EF-WB,7,3.5,4.0,26944,0.0076637754811611225,True,False,False,0.0,False,True,published_triangle
259,1,3,EF-WB,8,4.0,4.5,26912,0.0076034660187524776,True,False,False,0.0,False,True,published_triangle
259,1,3,EF-WB,9,4.5,5.0,5248,0.007533556172366706,True,False,False,0.0,False,True,published_triangle
259,1,3,EF-WB,10,5.0,5.5,26928,0.007502580827229643,True,False,False,0.0,False,True,published_triangle
259,1,3,EF-WB,11,5.5,6.0,20208,0.007584943020317324,True,False,False,0.0,False,True,published_triangle
259,1,3,EF-WB,12,6.0,6.5,26944,0.007278193133965323,True,False,False,0.0,False,True,published_triangle
259,1,3,EF-WB,13,6.5,7.0,26820,0.007341063030364228,True,False,False,0.0,False,True,published_triangle
259,1,3,EF-WB,14,7.0,7.5,26928,0.0073363680512662545,True,False,False,0.0,False,True,published_triangle
259,1,3,EF-WB,15,7.5,8.0,13089,0.007356162628819459,True,False,False,0.0,False,True,published_triangle
259,1,3,EF-WB,16,8.0,8.5,18624,0.007806356360145399,True,False,False,0.0,False,True,published_triangle
259,1,3,EF-WB,17,8.5,9.0,26836,0.007663987440544345,True,False,False,0.0,False,True,published_triangle
259,1,3,EF-WB,18,9.0,9.5,26852,0.007649714226287645,True,False,False,0.0,False,True,published_triangle
259,1,3,EF-WB,19,9.5,10.0,26751,0.007554564877883024,True,False,False,0.0,False,True,published_triangle
259,1,3,EF-WB,20,10.0,10.5,26813,0.007521567725658721,True,False,False,0.0,False,True,published_triangle
259,1,3,EF-WB,21,10.5,11.0,26758,0.0075499780312479935,True,False,False,0.0,False,True,published_triangle
259,1,3,EF-WB,22,11.0,11.5,26505,0.007648306051849305,True,False,False,0.0,False,True,published_triangle
259,1,3,EF-WB,23,11.5,12.0,26692,0.0077741008820909644,True,False,False,0.0,False,True,published_triangle
259,1,3,EF-WB,24,12.0,12.5,8816,0.00864852875011374,True,False,False,0.0,False,True,published_triangle
259,1,3,EF-WB,25,12.5,13.0,26395,0.008242320539702808,True,False,False,0.0,False,True,published_triangle
259,1,3,EF-WB,26,13.0,13.5,26179,0.008378770967919665,True,False,False,0.0,False,True,published_triangle
259,1,3,EF-WB,27,13.5,14.0,26624,0.008365530631462467,True,False,False,0.0,False,True,published_triangle
260,1,4,EF-MC,0,0.0,0.5,13204,0.05118955874491096,False,False,False,0.0,False,False,retained
260,1,4,EF-MC,1,0.5,1.0,20163,0.05450344384343182,False,False,False,0.0,False,False,retained
260,1,4,EF-MC,2,1.0,1.5,23001,0.051878469548755544,False,False,False,0.0,False,False,retained
260,1,4,EF-MC,3,1.5,2.0,6629,0.03712548743005933,False,False,False,0.0,False,False,retained
260,1,4,EF-MC,4,2.0,2.5,26003,0.037556600261686064,False,False,False,0.0,False,False,retained
260,1,4,EF-MC,5,2.5,3.0,26154,0.03809658890411653,False,False,False,0.0,False,False,retained
260,1,4,EF-MC,6,3.0,3.5,26544,0.037623727014506614,False,False,False,0.0,False,False,retained
260,1,4,EF-MC,7,3.5,4.0,26592,0.036552011362581585,False,False,False,0.0,False,False,retained
260,1,4,EF-MC,8,4.0,4.5,26498,0.03633137645849545,False,False,False,0.0,False,False,retained
260,1,4,EF-MC,9,4.5,5.0,5216,0.0335197506984924,False,False,False,0.0,False,False,retained
260,1,4,EF-MC,10,5.0,5.5,22960,0.03420282868608217,False,False,False,0.0,False,False,retained
260,1,4,EF-MC,11,5.5,6.0,6414,0.03535461747735841,False,False,False,0.0,False,False,retained
260,1,4,EF-MC,12,6.0,6.5,26512,0.034087810220111495,False,False,False,0.0,False,False,retained
260,1,4,EF-MC,13,6.5,7.0,24620,0.034795912283674534,False,False,False,0.0,False,False,retained
260,1,4,EF-MC,14,7.0,7.5,24579,0.035526328293573266,False,False,False,0.0,False,False,retained
260,1,4,EF-MC,15,7.5,8.0,12819,0.042084173866265256,False,False,False,0.0,False,False,retained
260,1,4,EF-MC,16,8.0,8.5,18259,0.03635702696240049,False,False,False,0.0,False,False,retained
260,1,4,EF-MC,17,8.5,9.0,26360,0.03653109871131368,False,False,False,0.0,False,False,retained
260,1,4,EF-MC,18,9.0,9.5,26484,0.04041423088392673,False,False,False,0.0,False,False,retained
260,1,4,EF-MC,19,9.5,10.0,26362,0.036437525188527296,False,False,False,0.0,False,False,retained
260,1,4,EF-MC,20,10.0,10.5,26416,0.04009579573698751,False,False,False,0.0,False,False,retained
260,1,4,EF-MC,21,10.5,11.0,26384,0.03500102722675098,False,False,False,0.0,False,False,retained
260,1,4,EF-MC,22,11.0,11.5,26170,0.03657900336945256,False,False,False,0.0,False,False,retained
260,1,4,EF-MC,23,11.5,12.0,26398,0.03659896392606542,False,False,False,0.0,False,False,retained
260,1,4,EF-MC,24,12.0,12.5,8704,0.039033947775487514,False,False,False,0.0,False,False,retained
260,1,4,EF-MC,25,12.5,13.0,25930,0.04251820954297999,False,False,False,0.0,False,False,retained
260,1,4,EF-MC,26,13.0,13.5,24848,0.037623809361800306,False,False,False,0.0,False,False,retained
260,1,4,EF-MC,27,13.5,14.0,24289,0.038633626713816295,False,False,False,0.0,False,False,retained
261,1,5,EF-TR,0,0.0,0.5,23044,0.025297915354787866,False,False,False,0.0,False,False,retained
261,1,5,EF-TR,1,0.5,1.0,11912,0.025382974395150373,False,False,False,0.0,False,False,retained
261,1,5,EF-TR,2,1.0,1.5,22940,0.024677702760149425,False,False,False,0.0,False,False,retained
261,1,5,EF-TR,3,1.5,2.0,23030,0.024152622848948622,False,False,False,0.0,False,False,retained
261,1,5,EF-TR,4,2.0,2.5,22112,0.023671587689614634,False,False,False,0.0,False,False,retained
261,1,5,EF-TR,5,2.5,3.0,22298,0.023545305976679066,False,False,False,0.0,False,False,retained
261,1,5,EF-TR,6,3.0,3.5,23132,0.023435844013698394,False,False,False,0.0,False,False,retained
261,1,5,EF-TR,7,3.5,4.0,23016,0.023084829271117005,False,False,False,0.0,False,False,retained
261,1,5,EF-TR,8,4.0,4.5,22102,0.022917904919999694,False,False,False,0.0,False,False,retained
261,1,5,EF-TR,9,4.5,5.0,4368,0.02262633917494035,False,False,False,0.0,False,False,retained
261,1,5,EF-TR,10,5.0,5.5,23212,0.022379964344848926,False,False,False,0.0,False,False,retained
261,1,5,EF-TR,11,5.5,6.0,16660,0.02258033221804721,False,False,False,0.0,False,False,retained
261,1,5,EF-TR,12,6.0,6.5,22916,0.022125007502866067,False,False,False,0.0,False,False,retained
261,1,5,EF-TR,13,6.5,7.0,22617,0.021996168129406073,False,False,False,0.0,False,False,retained
261,1,5,EF-TR,14,7.0,7.5,22862,0.02200153308070325,False,False,False,0.0,False,False,retained
261,1,5,EF-TR,15,7.5,8.0,10877,0.02188570005466374,False,False,False,0.0,False,False,retained
261,1,5,EF-TR,16,8.0,8.5,15860,0.022099611303228923,False,False,False,0.0,False,False,retained
261,1,5,EF-TR,17,8.5,9.0,22586,0.022094267183481082,False,False,False,0.0,False,False,retained
261,1,5,EF-TR,18,9.0,9.5,22894,0.022135404811053354,False,False,False,0.0,False,False,retained
261,1,5,EF-TR,19,9.5,10.0,22741,0.022415053686062603,False,False,False,0.0,False,False,retained
261,1,5,EF-TR,20,10.0,10.5,22928,0.022160221264705657,False,False,False,0.0,False,False,retained
261,1,5,EF-TR,21,10.5,11.0,22403,0.02213098017838221,False,False,False,0.0,False,False,retained
261,1,5,EF-TR,22,11.0,11.5,20830,0.02232908225224867,False,False,False,0.0,False,False,retained
261,1,5,EF-TR,23,11.5,12.0,22889,0.02256433800960524,False,False,False,0.0,False,False,retained
261,1,5,EF-TR,24,12.0,12.5,7325,0.023141679257738086,False,False,False,0.0,False,False,retained
261,1,5,EF-TR,25,12.5,13.0,4328,0.02297619825727342,False,False,False,0.0,False,False,retained
261,1,5,EF-TR,27,13.5,14.0,7281,0.023783404281646582,False,False,False,0.0,False,False,retained
262,1,6,EF-ON,0,0.0,0.5,26920,0.02988143202216339,False,False,False,0.0,False,False,retained
262,1,6,EF-ON,1,0.5,1.0,26976,0.030037674349607735,False,False,False,0.0,False,False,retained
262,1,6,EF-ON,2,1.0,1.5,26899,0.02922651168225641,False,False,False,0.0,False,False,retained
262,1,6,EF-ON,3,1.5,2.0,26589,0.0285668853056813,False,False,False,0.0,False,False,retained
262,1,6,EF-ON,4,2.0,2.5,25904,0.028267853422070707,False,False,False,0.0,False,False,retained
262,1,6,EF-ON,5,2.5,3.0,26976,0.02787607323760157,False,False,False,0.0,False,False,retained
262,1,6,EF-ON,6,3.0,3.5,26934,0.02742452084559902,False,False,False,0.0,False,False,retained
262,1,6,EF-ON,7,3.5,4.0,26904,0.02719792927687095,False,False,False,0.0,False,False,retained
262,1,6,EF-ON,8,4.0,4.5,26530,0.026749990967853066,False,False,False,0.0,False,False,retained
262,1,6,EF-ON,9,4.5,5.0,5260,0.02695964574718165,False,False,False,0.0,False,False,retained
262,1,6,EF-ON,10,5.0,5.5,26976,0.026493633137809402,False,False,False,0.0,False,False,retained
262,1,6,EF-ON,11,5.5,6.0,19994,0.02625323179857446,False,False,False,0.0,False,False,retained
262,1,6,EF-ON,12,6.0,6.5,26814,0.02604161746227048,False,False,False,0.0,False,False,retained
262,1,6,EF-ON,13,6.5,7.0,26884,0.025999032878281668,False,False,False,0.0,False,False,retained
262,1,6,EF-ON,14,7.0,7.5,26950,0.02567930765845536,False,False,False,0.0,False,False,retained
262,1,6,EF-ON,15,7.5,8.0,13149,0.025560012369280845,False,False,False,0.0,False,False,retained
262,1,6,EF-ON,16,8.0,8.5,18158,0.025868065540712422,False,False,False,0.0,False,False,retained
262,1,6,EF-ON,17,8.5,9.0,26884,0.025623742204406004,False,False,False,0.0,False,False,retained
262,1,6,EF-ON,18,9.0,9.5,20580,0.025545921169393696,False,False,False,0.0,False,False,retained
262,1,6,EF-ON,19,9.5,10.0,7682,0.025380488451985015,False,False,False,0.0,False,False,retained
262,1,6,EF-ON,20,10.0,10.5,25117,0.025311955193954006,False,False,False,0.0,False,False,retained
262,1,6,EF-ON,21,10.5,11.0,20118,0.025462485499401593,False,False,False,0.0,False,False,retained
262,1,6,EF-ON,22,11.0,11.5,26200,0.025447759713649758,False,False,False,0.0,False,False,retained
262,1,6,EF-ON,23,11.5,12.0,26731,0.025131541894871334,False,False,False,0.0,False,False,retained
262,1,6,EF-ON,24,12.0,12.5,8832,0.025782425440251475,False,False,False,0.0,False,False,retained
262,1,6,EF-ON,25,12.5,13.0,26403,0.025928490772914835,False,False,False,0.0,False,False,retained
262,1,6,EF-ON,26,13.0,13.5,26101,0.026150529333535285,False,False,False,0.0,False,False,retained
262,1,6,EF-ON,27,13.5,14.0,26533,0.026746405057633753,False,False,False,0.0,False,False,retained
263,1,7,EF-SH,1,0.5,1.0,448,0.03679157631102917,False,False,False,0.0,False,False,retained
263,1,7,EF-SH,3,1.5,2.0,1062,0.034099980662055676,False,False,False,0.0,False,False,retained
263,1,7,EF-SH,4,2.0,2.5,16521,0.032790282275964235,False,False,False,0.0,False,False,retained
263,1,7,EF-SH,5,2.5,3.0,26298,0.03268189297082854,False,False,False,0.0,False,False,retained
263,1,7,EF-SH,6,3.0,3.5,16551,0.032461109443182465,False,False,False,0.0,False,False,retained
263,1,7,EF-SH,7,3.5,4.0,26583,0.0318716119424907,False,False,False,0.0,False,False,retained
263,1,7,EF-SH,8,4.0,4.5,13338,0.031952211865624,False,False,False,0.0,False,False,retained
263,1,7,EF-SH,18,9.0,9.5,276,0.03439863049817103,False,False,False,0.0,False,False,retained
263,1,7,EF-SH,19,9.5,10.0,18311,0.034211597373321266,False,False,False,0.0,False,False,retained
263,1,7,EF-SH,25,12.5,13.0,1626,0.03716589222223106,False,False,False,0.0,False,False,retained
263,1,7,EF-SH,26,13.0,13.5,160,0.03718453863227918,False,False,False,0.0,False,False,retained
263,1,7,EF-SH,27,13.5,14.0,17584,0.037334811058839165,False,False,False,0.0,False,False,retained
264,1,8,EF-UR,0,0.0,0.5,224,0.02381263325352274,False,False,False,0.0,False,False,retained
264,1,8,EF-UR,1,0.5,1.0,1340,0.02297378700565499,False,False,False,0.0,False,False,retained
264,1,8,EF-UR,2,1.0,1.5,4249,0.022418968167725758,False,False,False,0.0,False,False,retained
264,1,8,EF-UR,3,1.5,2.0,9500,0.02229062286092371,False,False,False,0.0,False,False,retained
264,1,8,EF-UR,4,2.0,2.5,4783,0.02270179982554287,False,False,False,0.0,False,False,retained
264,1,8,EF-UR,5,2.5,3.0,7451,0.021642012687924237,False,False,False,0.0,False,False,retained
264,1,8,EF-UR,6,3.0,3.5,26636,0.021547118422517973,False,False,False,0.0,False,False,retained
264,1,8,EF-UR,7,3.5,4.0,26944,0.022131308431275858,False,False,False,0.0,False,False,retained
264,1,8,EF-UR,8,4.0,4.5,26623,0.021750409797450125,False,False,False,0.0,False,False,retained
264,1,8,EF-UR,9,4.5,5.0,5248,0.020541378703263675,False,False,False,0.0,False,False,retained
264,1,8,EF-UR,10,5.0,5.5,24179,0.020743609234936723,False,False,False,0.0,False,False,retained
264,1,8,EF-UR,11,5.5,6.0,2710,0.020702045574996556,False,False,False,0.0,False,False,retained
264,1,8,EF-UR,18,9.0,9.5,223,0.020710646089913336,False,False,False,0.0,False,False,retained
264,1,8,EF-UR,19,9.5,10.0,7511,0.02159729026568103,False,False,False,0.0,False,False,retained
264,1,8,EF-UR,20,10.0,10.5,22610,0.022456626697066617,False,False,False,0.0,False,False,retained
264,1,8,EF-UR,21,10.5,11.0,25758,0.02220174491872343,False,False,False,0.0,False,False,retained
264,1,8,EF-UR,22,11.0,11.5,17578,0.022470302345310916,False,False,False,0.0,False,False,retained
264,1,8,EF-UR,23,11.5,12.0,238,0.023411645481427334,False,False,False,0.0,False,False,retained
264,1,8,EF-UR,24,12.0,12.5,672,0.023295393711020476,False,False,False,0.0,False,False,retained
264,1,8,EF-UR,25,12.5,13.0,2430,0.02376426146572599,False,False,False,0.0,False,False,retained
264,1,8,EF-UR,26,13.0,13.5,7149,0.024136191532703535,False,False,False,0.0,False,False,retained
264,1,8,EF-UR,27,13.5,14.0,7561,0.023731901944411406,False,False,False,0.0,False,False,retained
265,1,9,EF-SV,2,1.0,1.5,26698,0.024285984971691824,False,False,False,0.0,False,False,retained
265,1,9,EF-SV,3,1.5,2.0,26713,0.024054258345331894,False,False,False,0.0,False,False,retained
265,1,9,EF-SV,4,2.0,2.5,26852,0.024067527128620883,False,False,False,0.0,False,False,retained
265,1,9,EF-SV,5,2.5,3.0,26944,0.023752591121991497,False,False,False,0.0,False,False,retained
265,1,9,EF-SV,6,3.0,3.5,26944,0.023634803933333972,False,False,False,0.0,False,False,retained
265,1,9,EF-SV,7,3.5,4.0,26944,0.02330990944908023,False,False,False,0.0,False,False,retained
265,1,9,EF-SV,8,4.0,4.5,26912,0.023037221807486748,False,False,False,0.0,False,False,retained
265,1,9,EF-SV,9,4.5,5.0,5248,0.02269872348529079,False,False,False,0.0,False,False,retained
265,1,9,EF-SV,10,5.0,5.5,25918,0.02277118706156557,False,False,False,0.0,False,False,retained
265,1,9,EF-SV,16,8.0,8.5,15302,0.022380776445011984,False,False,False,0.0,False,False,retained
265,1,9,EF-SV,17,8.5,9.0,25905,0.02244555924038042,False,False,False,0.0,False,False,retained
265,1,9,EF-SV,18,9.0,9.5,26852,0.02251971541213304,False,False,False,0.0,False,False,retained
265,1,9,EF-SV,19,9.5,10.0,26751,0.02255462503652588,False,False,False,0.0,False,False,retained
265,1,9,EF-SV,20,10.0,10.5,26813,0.022496103872447683,False,False,False,0.0,False,False,retained
265,1,9,EF-SV,21,10.5,11.0,26560,0.02261515442065812,False,False,False,0.0,False,False,retained
265,1,9,EF-SV,22,11.0,11.5,20283,0.022416557260360338,False,False,False,0.0,False,False,retained
265,1,9,EF-SV,23,11.5,12.0,25320,0.0225093350223539,False,False,False,0.0,False,False,retained
265,1,9,EF-SV,24,12.0,12.5,8398,0.02318399093203544,False,False,False,0.0,False,False,retained
265,1,9,EF-SV,25,12.5,13.0,21405,0.023134451264936313,False,False,False,0.0,False,False,retained
265,1,9,EF-SV,26,13.0,13.5,19645,0.023234981675402493,False,False,False,0.0,False,False,retained
265,1,9,EF-SV,27,13.5,14.0,20869,0.02325306232110746,False,False,False,0.0,False,False,retained
266,1,10,EF-ZC,2,1.0,1.5,26380,0.022340445061761895,False,False,False,0.0,False,False,retained
266,1,10,EF-ZC,3,1.5,2.0,15972,0.022162349642921783,False,False,False,0.0,False,False,retained
266,1,10,EF-ZC,4,2.0,2.5,17686,0.021831392451648852,False,False,False,0.0,False,False,retained
266,1,10,EF-ZC,5,2.5,3.0,17307,0.021622217518623546,False,False,False,0.0,False,False,retained
266,1,10,EF-ZC,6,3.0,3.5,17303,0.021601191189127948,False,False,False,0.0,False,False,retained
266,1,10,EF-ZC,7,3.5,4.0,10006,0.0211742924850457,False,False,False,0.0,False,False,retained
266,1,10,EF-ZC,8,4.0,4.5,17560,0.02111502722172442,False,False,False,0.0,False,False,retained
266,1,10,EF-ZC,9,4.5,5.0,5095,0.021077609883032068,False,False,False,0.0,False,False,retained
266,1,10,EF-ZC,10,5.0,5.5,26852,0.020715018501418856,False,False,False,0.0,False,False,retained
266,1,10,EF-ZC,11,5.5,6.0,20208,0.020543915964226736,False,False,False,0.0,False,False,retained
266,1,10,EF-ZC,12,6.0,6.5,26944,0.02043421150224636,False,False,False,0.0,False,False,retained
266,1,10,EF-ZC,13,6.5,7.0,26884,0.020357807570890635,False,False,False,0.0,False,False,retained
266,1,10,EF-ZC,14,7.0,7.5,26960,0.020456170215351094,False,False,False,0.0,False,False,retained
266,1,10,EF-ZC,15,7.5,8.0,13089,0.020315796006091864,False,False,False,0.0,False,False,retained
266,1,10,EF-ZC,16,8.0,8.5,6741,0.020304447813261524,False,False,False,0.0,False,False,retained
266,1,10,EF-ZC,17,8.5,9.0,22118,0.02048735791705788,False,False,False,0.0,False,False,retained
266,1,10,EF-ZC,18,9.0,9.5,14549,0.020666736098523434,False,False,False,0.0,False,False,retained
266,1,10,EF-ZC,19,9.5,10.0,21071,0.020626426156366597,False,False,False,0.0,False,False,retained
266,1,10,EF-ZC,20,10.0,10.5,16951,0.020436600797556007,False,False,False,0.0,False,False,retained
266,1,10,EF-ZC,21,10.5,11.0,1075,0.02070657908627707,False,False,False,0.0,False,False,retained
266,1,10,EF-ZC,22,11.0,11.5,5199,0.020482482112989454,False,False,False,0.0,False,False,retained
266,1,10,EF-ZC,23,11.5,12.0,21073,0.020680895760410527,False,False,False,0.0,False,False,retained
266,1,10,EF-ZC,24,12.0,12.5,8848,0.020851802702715732,False,False,False,0.0,False,False,retained
266,1,10,EF-ZC,25,12.5,13.0,26344,0.021042098018241397,False,False,False,0.0,False,False,retained
266,1,10,EF-ZC,26,13.0,13.5,25879,0.021109076996711048,False,False,False,0.0,False,False,retained
266,1,10,EF-ZC,27,13.5,14.0,21372,0.021348192423012145,False,False,False,0.0,False,False,retained
267,1,11,EF-BD,2,1.0,1.5,940,0.023957364906384997,False,False,False,0.0,False,False,retained
267,1,11,EF-BD,3,1.5,2.0,7077,0.022269990452560885,False,False,False,0.0,False,False,retained
267,1,11,EF-BD,4,2.0,2.5,26570,0.022455883275651248,False,False,False,0.0,False,False,retained
267,1,11,EF-BD,5,2.5,3.0,26944,0.022144010051003055,False,False,False,0.0,False,False,retained
267,1,11,EF-BD,6,3.0,3.5,26944,0.022034361554586553,False,False,False,0.0,False,False,retained
267,1,11,EF-BD,7,3.5,4.0,26944,0.021859754400987835,False,False,False,0.0,False,False,retained
267,1,11,EF-BD,8,4.0,4.5,25092,0.02165735674877743,False,False,False,0.0,False,False,retained
267,1,11,EF-BD,9,4.5,5.0,3279,0.020949579715592644,False,False,False,0.0,False,False,retained
267,1,11,EF-BD,10,5.0,5.5,6122,0.021130194257395644,False,False,False,0.0,False,False,retained
267,1,11,EF-BD,18,9.0,9.5,5717,0.021062344828386273,False,False,False,0.0,False,False,retained
267,1,11,EF-BD,19,9.5,10.0,26539,0.02118415054392837,False,False,False,0.0,False,False,retained
267,1,11,EF-BD,20,10.0,10.5,26206,0.021041525016401292,False,False,False,0.0,False,False,retained
267,1,11,EF-BD,21,10.5,11.0,21396,0.020901796405361737,False,False,False,0.0,False,False,retained
267,1,11,EF-BD,22,11.0,11.5,16069,0.021233546931566143,False,False,False,0.0,False,False,retained
267,1,11,EF-BD,23,11.5,12.0,238,0.020777950438933424,False,False,False,0.0,False,False,retained
267,1,11,EF-BD,24,12.0,12.5,410,0.021111643745589978,False,False,False,0.0,False,False,retained
267,1,11,EF-BD,25,12.5,13.0,3144,0.02140646122558988,False,False,False,0.0,False,False,retained
267,1,11,EF-BD,26,13.0,13.5,1955,0.02233917086117095,False,False,False,0.0,False,False,retained
267,1,11,EF-BD,27,13.5,14.0,3101,0.021579899146340425,False,False,False,0.0,False,False,retained
268,1,12,EF-SC,18,9.0,9.5,25977,0.022352724758167318,False,False,False,0.0,False,False,retained
268,1,12,EF-SC,19,9.5,10.0,17622,0.022223527078833637,False,False,False,0.0,False,False,retained
268,1,12,EF-SC,20,10.0,10.5,20571,0.022136646427540808,False,False,False,0.0,False,False,retained
268,1,12,EF-SC,21,10.5,11.0,14278,0.02213857169546402,False,False,False,0.0,False,False,retained
268,1,12,EF-SC,22,11.0,11.5,4680,0.022139016752965816,False,False,False,0.0,False,False,retained
268,1,12,EF-SC,23,11.5,12.0,5562,0.021855156404345176,False,False,False,0.0,False,False,retained
268,1,12,EF-SC,25,12.5,13.0,1670,0.022195858357396347,False,False,False,0.0,False,False,retained
268,1,12,EF-SC,26,13.0,13.5,8015,0.02247301430027842,False,False,False,0.0,False,False,retained
268,1,12,EF-SC,27,13.5,14.0,9748,0.023183390703746524,False,False,False,0.0,False,False,retained
269,1,13,EF-HN,18,9.0,9.5,26404,0.021413140968465035,False,False,False,0.0,False,False,retained
269,1,13,EF-HN,19,9.5,10.0,26106,0.02128229621431792,False,False,False,0.0,False,False,retained
269,1,13,EF-HN,20,10.0,10.5,26011,0.02123070993670332,False,False,False,0.0,False,False,retained
269,1,13,EF-HN,21,10.5,11.0,18036,0.021098537335187434,False,False,False,0.0,False,False,retained
269,1,13,EF-HN,22,11.0,11.5,6381,0.021578245919867404,False,False,False,0.0,False,False,retained
269,1,13,EF-HN,23,11.5,12.0,9063,0.02193945642771959,False,False,False,0.0,False,False,retained
269,1,13,EF-HN,24,12.0,12.5,168,0.021091926237030992,False,False,False,0.0,False,False,retained
269,1,13,EF-HN,25,12.5,13.0,2943,0.02179794714478004,False,False,False,0.0,False,False,retained
269,1,13,EF-HN,26,13.0,13.5,7974,0.0217697312842244,False,False,False,0.0,False,False,retained
269,1,13,EF-HN,27,13.5,14.0,9466,0.021764967882831335,False,False,False,0.0,False,False,retained
272,1,16,EF-LA,18,9.0,9.5,26388,0.019573783945710712,False,False,False,0.0,False,False,retained
272,1,16,EF-LA,19,9.5,10.0,26348,0.019498866013080925,False,False,False,0.0,False,False,retained
272,1,16,EF-LA,20,10.0,10.5,26370,0.019197449913458023,False,False,False,0.0,False,False,retained
272,1,16,EF-LA,21,10.5,11.0,17870,0.019273034691825813,False,False,False,0.0,False,False,retained
272,1,16,EF-LA,22,11.0,11.5,6441,0.01873637555865045,False,False,False,0.0,False,False,retained
272,1,16,EF-LA,23,11.5,12.0,10487,0.018861909702572222,False,False,False,0.0,False,False,retained
272,1,16,EF-LA,24,12.0,12.5,168,0.020385939607366378,False,False,False,0.0,False,False,retained
272,1,16,EF-LA,25,12.5,13.0,3160,0.0190580426985766,False,False,False,0.0,False,False,retained
272,1,16,EF-LA,26,13.0,13.5,8535,0.019446836093540802,False,False,False,0.0,False,False,retained
272,1,16,EF-LA,27,13.5,14.0,9121,0.019653560433419745,False,False,False,0.0,False,False,retained
273,1,17,EF-PT,18,9.0,9.5,22511,0.020795537364312725,False,False,False,0.0,False,False,retained
273,1,17,EF-PT,19,9.5,10.0,25520,0.020690433931345214,False,False,False,0.0,False,False,retained
273,1,17,EF-PT,20,10.0,10.5,25826,0.020391304127598334,False,False,False,0.0,False,False,retained
273,1,17,EF-PT,21,10.5,11.0,17354,0.02024349868804391,False,False,False,0.0,False,False,retained
273,1,17,EF-PT,22,11.0,11.5,6362,0.02033063511238328,False,False,False,0.0,False,False,retained
273,1,17,EF-PT,23,11.5,12.0,10047,0.020162069832691667,False,False,False,0.0,False,False,retained
273,1,17,EF-PT,24,12.0,12.5,168,0.019656232380128803,False,False,False,0.0,False,False,retained
273,1,17,EF-PT,25,12.5,13.0,3155,0.02067412424872618,False,False,False,0.0,False,False,retained
273,1,17,EF-PT,26,13.0,13.5,8492,0.02057930183748352,False,False,False,0.0,False,False,retained
273,1,17,EF-PT,27,13.5,14.0,9609,0.020271443480048817,False,False,False,0.0,False,False,retained
275,1,19,EF-OV,23,11.5,12.0,2238,0.02276439700349222,False,False,False,0.0,False,False,retained
275,1,19,EF-OV,24,12.0,12.5,168,0.023175834273361638,False,False,False,0.0,False,False,retained
275,1,19,EF-OV,25,12.5,13.0,3160,0.023717778830677588,False,False,False,0.0,False,False,retained
275,1,19,EF-OV,26,13.0,13.5,8412,0.02301284157103374,False,False,False,0.0,False,False,retained
275,1,19,EF-OV,27,13.5,14.0,9548,0.02341384936140244,False,False,False,0.0,False,False,retained
276,1,20,EF-BR,25,12.5,13.0,2335,0.02015867824306987,False,False,False,0.0,False,False,retained
276,1,20,EF-BR,26,13.0,13.5,7904,0.020000297438132288,False,False,False,0.0,False,False,retained
276,1,20,EF-BR,27,13.5,14.0,9560,0.020239510716524908,False,False,False,0.0,False,False,retained
278,1,22,EF-GB,18,9.0,9.5,26164,0.004366819711125477,False,False,False,0.0,False,False,retained
278,1,22,EF-GB,19,9.5,10.0,26072,0.003925489847022543,False,False,False,0.0,False,False,retained
278,1,22,EF-GB,20,10.0,10.5,25934,0.003847778380803077,False,False,False,0.0,False,False,retained
278,1,22,EF-GB,21,10.5,11.0,18322,0.0038474011545431203,False,False,False,0.0,False,False,retained
278,1,22,EF-GB,22,11.0,11.5,6415,0.0038514457208608114,False,False,False,0.0,False,False,retained
278,1,22,EF-GB,23,11.5,12.0,10197,0.0038444928046748724,False,False,False,0.0,False,False,retained
278,1,22,EF-GB,24,12.0,12.5,168,0.003793620559614355,False,False,False,0.0,False,False,retained
278,1,22,EF-GB,25,12.5,13.0,3148,0.003979280232953598,False,False,False,0.0,False,False,retained
278,1,22,EF-GB,26,13.0,13.5,8495,0.00396031710681787,False,False,False,0.0,False,False,retained
278,1,22,EF-GB,27,13.5,14.0,9527,0.0039722615030344305,False,False,False,0.0,False,False,retained
515,2,3,JB-WB,4,2.0,2.5,17504,0.015701147541254415,True,False,False,0.0,False,True,published_triangle
515,2,3,JB-WB,5,2.5,3.0,22900,0.019218186293434036,True,False,False,0.0,False,True,published_triangle
515,2,3,JB-WB,6,3.0,3.5,24992,0.01739776128113918,True,False,False,0.0,False,True,published_triangle
515,2,3,JB-WB,7,3.5,4.0,26680,0.017075066306231873,True,False,False,0.0,False,True,published_triangle
515,2,3,JB-WB,8,4.0,4.5,26708,0.016795000989636173,True,False,False,0.0,False,True,published_triangle
515,2,3,JB-WB,9,4.5,5.0,7386,0.01562630789156977,True,False,False,0.0,False,True,published_triangle
515,2,3,JB-WB,10,5.0,5.5,26928,0.014826314126926237,True,False,False,0.0,False,True,published_triangle
515,2,3,JB-WB,11,5.5,6.0,26588,0.016005914057757826,True,False,False,0.0,False,True,published_triangle
515,2,3,JB-WB,12,6.0,6.5,17396,0.01569730123106005,True,False,False,0.0,False,True,published_triangle
515,2,3,JB-WB,13,6.5,7.0,23334,0.017433836754318133,True,False,False,0.0,False,True,published_triangle
515,2,3,JB-WB,14,7.0,7.5,26888,0.01634186945770792,True,False,False,0.0,False,True,published_triangle
515,2,3,JB-WB,15,7.5,8.0,13089,0.01628223655085757,True,False,False,0.0,False,True,published_triangle
515,2,3,JB-WB,16,8.0,8.5,20642,0.01624108706395755,True,False,False,0.0,False,True,published_triangle
515,2,3,JB-WB,17,8.5,9.0,24609,0.01648780065171615,True,False,False,0.0,False,True,published_triangle
515,2,3,JB-WB,18,9.0,9.5,26852,0.016458709510130523,True,False,False,0.0,False,True,published_triangle
515,2,3,JB-WB,19,9.5,10.0,25679,0.01570379385523635,True,False,False,0.0,False,True,published_triangle
515,2,3,JB-WB,20,10.0,10.5,26093,0.016158513148144683,True,False,False,0.0,False,True,published_triangle
515,2,3,JB-WB,21,10.5,11.0,26718,0.015828180703114512,True,False,False,0.0,False,True,published_triangle
515,2,3,JB-WB,22,11.0,11.5,24189,0.016171874788769438,True,False,False,0.0,False,True,published_triangle
515,2,3,JB-WB,23,11.5,12.0,26650,0.015205039580277,True,False,False,0.0,False,True,published_triangle
515,2,3,JB-WB,24,12.0,12.5,9275,0.015990998181082117,True,False,False,0.0,False,True,published_triangle
515,2,3,JB-WB,25,12.5,13.0,26391,0.01579145799456998,True,False,False,0.0,False,True,published_triangle
515,2,3,JB-WB,26,13.0,13.5,26179,0.01681938505608045,True,False,False,0.0,False,True,published_triangle
515,2,3,JB-WB,27,13.5,14.0,24984,0.016091335164021038,True,False,False,0.0,False,True,published_triangle
516,2,4,JB-MC,0,0.0,0.5,12380,0.10073903871011487,False,False,False,0.0,False,False,retained
516,2,4,JB-MC,1,0.5,1.0,15008,0.09504043545500938,False,False,False,0.0,False,False,retained
516,2,4,JB-MC,2,1.0,1.5,19294,0.13056532781172922,False,False,False,0.0,False,False,retained
516,2,4,JB-MC,3,1.5,2.0,5739,0.07794288119013006,False,False,False,0.0,False,False,retained
516,2,4,JB-MC,4,2.0,2.5,25681,0.07659614969974658,False,False,False,0.0,False,False,retained
516,2,4,JB-MC,5,2.5,3.0,22236,0.07707798198858216,False,False,False,0.0,False,False,retained
516,2,4,JB-MC,6,3.0,3.5,24738,0.08727721170778387,False,False,False,0.0,False,False,retained
516,2,4,JB-MC,7,3.5,4.0,26424,0.08515431219459453,False,False,False,0.0,False,False,retained
516,2,4,JB-MC,8,4.0,4.5,26390,0.08658674491968195,False,False,False,0.0,False,False,retained
516,2,4,JB-MC,9,4.5,5.0,7288,0.07440770671873628,False,False,False,0.0,False,False,retained
516,2,4,JB-MC,10,5.0,5.5,26688,0.06940052526016299,False,False,False,0.0,False,False,retained
516,2,4,JB-MC,11,5.5,6.0,22675,0.07506494477081492,False,False,False,0.0,False,False,retained
516,2,4,JB-MC,12,6.0,6.5,17198,0.07952225161580347,False,False,False,0.0,False,False,retained
516,2,4,JB-MC,13,6.5,7.0,21268,0.08501726501689437,False,False,False,0.0,False,False,retained
516,2,4,JB-MC,14,7.0,7.5,24655,0.0808375309189642,False,False,False,0.0,False,False,retained
516,2,4,JB-MC,15,7.5,8.0,12862,0.10804516855653262,False,False,False,0.0,False,False,retained
516,2,4,JB-MC,16,8.0,8.5,19246,0.08021663142732079,False,False,False,0.0,False,False,retained
516,2,4,JB-MC,17,8.5,9.0,24325,0.08652001369102522,False,False,False,0.0,False,False,retained
516,2,4,JB-MC,18,9.0,9.5,26596,0.09818653047629333,False,False,False,0.0,False,False,retained
516,2,4,JB-MC,19,9.5,10.0,25383,0.07867196504481452,False,False,False,0.0,False,False,retained
516,2,4,JB-MC,20,10.0,10.5,25848,0.0914185983359165,False,False,False,0.0,False,False,retained
516,2,4,JB-MC,21,10.5,11.0,26434,0.0767538592714392,False,False,False,0.0,False,False,retained
516,2,4,JB-MC,22,11.0,11.5,24067,0.08009008403958426,False,False,False,0.0,False,False,retained
516,2,4,JB-MC,23,11.5,12.0,26466,0.07366801578043677,False,False,False,0.0,False,False,retained
516,2,4,JB-MC,24,12.0,12.5,9607,0.08658690663004984,False,False,False,0.0,False,False,retained
516,2,4,JB-MC,25,12.5,13.0,26052,0.09210184019670463,False,False,False,0.0,False,False,retained
516,2,4,JB-MC,26,13.0,13.5,24933,0.08352377509897596,False,False,False,0.0,False,False,retained
516,2,4,JB-MC,27,13.5,14.0,23247,0.08135315576011193,False,False,False,0.0,False,False,retained
517,2,5,JB-TR,0,0.0,0.5,20178,0.051111881668509634,False,False,False,0.0,False,False,retained
517,2,5,JB-TR,1,0.5,1.0,16656,0.04613285272311914,False,False,False,0.0,False,False,retained
517,2,5,JB-TR,2,1.0,1.5,18858,0.04619817479453728,False,False,False,0.0,False,False,retained
517,2,5,JB-TR,3,1.5,2.0,20070,0.04976756233752717,False,False,False,0.0,False,False,retained
517,2,5,JB-TR,4,2.0,2.5,15392,0.0471201848597074,False,False,False,0.0,False,False,retained
517,2,5,JB-TR,5,2.5,3.0,19225,0.04709151481159164,False,False,False,0.0,False,False,retained
517,2,5,JB-TR,6,3.0,3.5,21232,0.0519717180109735,False,False,False,0.0,False,False,retained
517,2,5,JB-TR,7,3.5,4.0,22752,0.05132837099666752,False,False,False,0.0,False,False,retained
517,2,5,JB-TR,8,4.0,4.5,21936,0.05119831149078576,False,False,False,0.0,False,False,retained
517,2,5,JB-TR,9,4.5,5.0,6180,0.047725000330162005,False,False,False,0.0,False,False,retained
517,2,5,JB-TR,10,5.0,5.5,23212,0.04468511722953702,False,False,False,0.0,False,False,retained
517,2,5,JB-TR,11,5.5,6.0,21858,0.04835308227158875,False,False,False,0.0,False,False,retained
517,2,5,JB-TR,12,6.0,6.5,16410,0.04736690334773147,False,False,False,0.0,False,False,retained
517,2,5,JB-TR,13,6.5,7.0,20405,0.051703006119847,False,False,False,0.0,False,False,retained
517,2,5,JB-TR,14,7.0,7.5,22828,0.04804616455170381,False,False,False,0.0,False,False,retained
517,2,5,JB-TR,15,7.5,8.0,10877,0.049492547653052624,False,False,False,0.0,False,False,retained
517,2,5,JB-TR,16,8.0,8.5,17373,0.0471172554927251,False,False,False,0.0,False,False,retained
517,2,5,JB-TR,17,8.5,9.0,20801,0.048526288006851326,False,False,False,0.0,False,False,retained
517,2,5,JB-TR,18,9.0,9.5,22894,0.048705404462310045,False,False,False,0.0,False,False,retained
517,2,5,JB-TR,19,9.5,10.0,21803,0.04673585316752124,False,False,False,0.0,False,False,retained
517,2,5,JB-TR,20,10.0,10.5,22220,0.04756653164627516,False,False,False,0.0,False,False,retained
517,2,5,JB-TR,21,10.5,11.0,22367,0.046299358734920984,False,False,False,0.0,False,False,retained
517,2,5,JB-TR,22,11.0,11.5,18914,0.04743142117053511,False,False,False,0.0,False,False,retained
517,2,5,JB-TR,23,11.5,12.0,22847,0.04526486487083361,False,False,False,0.0,False,False,retained
517,2,5,JB-TR,24,12.0,12.5,7461,0.04861177383245526,False,False,False,0.0,False,False,retained
517,2,5,JB-TR,25,12.5,13.0,8389,0.045199447110752244,False,False,False,0.0,False,False,retained
517,2,5,JB-TR,27,13.5,14.0,6199,0.04462130935057698,False,False,False,0.0,False,False,retained
518,2,6,JB-ON,0,0.0,0.5,23882,0.06067753849692314,False,False,False,0.0,False,False,retained
518,2,6,JB-ON,1,0.5,1.0,12612,0.05586225353673403,False,False,False,0.0,False,False,retained
518,2,6,JB-ON,2,1.0,1.5,22708,0.05424600938734408,False,False,False,0.0,False,False,retained
518,2,6,JB-ON,3,1.5,2.0,23596,0.05872672330209106,False,False,False,0.0,False,False,retained
518,2,6,JB-ON,4,2.0,2.5,25512,0.0571155015022834,False,False,False,0.0,False,False,retained
518,2,6,JB-ON,5,2.5,3.0,22964,0.055588684808801914,False,False,False,0.0,False,False,retained
518,2,6,JB-ON,6,3.0,3.5,25010,0.05998679563707688,False,False,False,0.0,False,False,retained
518,2,6,JB-ON,7,3.5,4.0,26656,0.06016107746373304,False,False,False,0.0,False,False,retained
518,2,6,JB-ON,8,4.0,4.5,26358,0.059654297588425706,False,False,False,0.0,False,False,retained
518,2,6,JB-ON,9,4.5,5.0,7318,0.05587366313689425,False,False,False,0.0,False,False,retained
518,2,6,JB-ON,10,5.0,5.5,27008,0.052377519394183836,False,False,False,0.0,False,False,retained
518,2,6,JB-ON,11,5.5,6.0,26420,0.057420706200169515,False,False,False,0.0,False,False,retained
518,2,6,JB-ON,12,6.0,6.5,17280,0.05734395625206128,False,False,False,0.0,False,False,retained
518,2,6,JB-ON,13,6.5,7.0,23424,0.06150058966268291,False,False,False,0.0,False,False,retained
518,2,6,JB-ON,14,7.0,7.5,26924,0.05650945295141298,False,False,False,0.0,False,False,retained
518,2,6,JB-ON,15,7.5,8.0,13288,0.056757763898901685,False,False,False,0.0,False,False,retained
518,2,6,JB-ON,16,8.0,8.5,19714,0.05522312771490643,False,False,False,0.0,False,False,retained
518,2,6,JB-ON,17,8.5,9.0,24673,0.05696373675969785,False,False,False,0.0,False,False,retained
518,2,6,JB-ON,18,9.0,9.5,20580,0.05569380111904647,False,False,False,0.0,False,False,retained
518,2,6,JB-ON,19,9.5,10.0,21644,0.05387912953225629,False,False,False,0.0,False,False,retained
518,2,6,JB-ON,20,10.0,10.5,24393,0.05454565583099008,False,False,False,0.0,False,False,retained
518,2,6,JB-ON,21,10.5,11.0,20078,0.053578906070392895,False,False,False,0.0,False,False,retained
518,2,6,JB-ON,22,11.0,11.5,23882,0.05416523024801099,False,False,False,0.0,False,False,retained
518,2,6,JB-ON,23,11.5,12.0,26705,0.05122711250318046,False,False,False,0.0,False,False,retained
518,2,6,JB-ON,24,12.0,12.5,8856,0.054715597585846355,False,False,False,0.0,False,False,retained
518,2,6,JB-ON,25,12.5,13.0,15744,0.05739736970116232,False,False,False,0.0,False,False,retained
518,2,6,JB-ON,26,13.0,13.5,26117,0.0570839434642647,False,False,False,0.0,False,False,retained
518,2,6,JB-ON,27,13.5,14.0,24891,0.05454123875898494,False,False,False,0.0,False,False,retained
519,2,7,JB-SH,1,0.5,1.0,224,0.0628291207594948,False,False,False,0.0,False,False,retained
519,2,7,JB-SH,3,1.5,2.0,1057,0.07505463722933155,False,False,False,0.0,False,False,retained
519,2,7,JB-SH,4,2.0,2.5,16584,0.06422361313542105,False,False,False,0.0,False,False,retained
519,2,7,JB-SH,5,2.5,3.0,22576,0.06470875228813681,False,False,False,0.0,False,False,retained
519,2,7,JB-SH,6,3.0,3.5,15683,0.07217989833408443,False,False,False,0.0,False,False,retained
519,2,7,JB-SH,7,3.5,4.0,26431,0.07062695163980037,False,False,False,0.0,False,False,retained
519,2,7,JB-SH,8,4.0,4.5,13289,0.07002083382858076,False,False,False,0.0,False,False,retained
519,2,7,JB-SH,18,9.0,9.5,282,0.074458789038107,False,False,False,0.0,False,False,retained
519,2,7,JB-SH,19,9.5,10.0,18124,0.07101970681614062,False,False,False,0.0,False,False,retained
519,2,7,JB-SH,24,12.0,12.5,262,0.07635879573307872,False,False,False,0.0,False,False,retained
519,2,7,JB-SH,25,12.5,13.0,1630,0.07639329633151797,False,False,False,0.0,False,False,retained
519,2,7,JB-SH,26,13.0,13.5,160,0.0800126748766934,False,False,False,0.0,False,False,retained
519,2,7,JB-SH,27,13.5,14.0,16004,0.07394413788627556,False,False,False,0.0,False,False,retained
520,2,8,JB-UR,0,0.0,0.5,147,0.04183720724214057,False,False,False,0.0,False,False,retained
520,2,8,JB-UR,1,0.5,1.0,1116,0.03949009725745787,False,False,False,0.0,False,False,retained
520,2,8,JB-UR,2,1.0,1.5,3654,0.039739263941301436,False,False,False,0.0,False,False,retained
520,2,8,JB-UR,3,1.5,2.0,8333,0.0442784834405997,False,False,False,0.0,False,False,retained
520,2,8,JB-UR,4,2.0,2.5,4453,0.04388918382115197,False,False,False,0.0,False,False,retained
520,2,8,JB-UR,5,2.5,3.0,5881,0.0434267859407298,False,False,False,0.0,False,False,retained
520,2,8,JB-UR,6,3.0,3.5,24684,0.04740615529396401,False,False,False,0.0,False,False,retained
520,2,8,JB-UR,7,3.5,4.0,26680,0.04931788352444243,False,False,False,0.0,False,False,retained
520,2,8,JB-UR,8,4.0,4.5,26419,0.04717027494551163,False,False,False,0.0,False,False,retained
520,2,8,JB-UR,9,4.5,5.0,7386,0.04334410972872883,False,False,False,0.0,False,False,retained
520,2,8,JB-UR,10,5.0,5.5,24179,0.04039603928786526,False,False,False,0.0,False,False,retained
520,2,8,JB-UR,11,5.5,6.0,2710,0.039492797933530645,False,False,False,0.0,False,False,retained
520,2,8,JB-UR,18,9.0,9.5,223,0.054178276035987134,False,False,False,0.0,False,False,retained
520,2,8,JB-UR,19,9.5,10.0,6975,0.046369125073061575,False,False,False,0.0,False,False,retained
520,2,8,JB-UR,20,10.0,10.5,21890,0.04699959412720785,False,False,False,0.0,False,False,retained
520,2,8,JB-UR,21,10.5,11.0,25718,0.047229518169174256,False,False,False,0.0,False,False,retained
520,2,8,JB-UR,22,11.0,11.5,15829,0.047969012473697066,False,False,False,0.0,False,False,retained
520,2,8,JB-UR,23,11.5,12.0,238,0.0484909986174105,False,False,False,0.0,False,False,retained
520,2,8,JB-UR,24,12.0,12.5,582,0.0495276734075025,False,False,False,0.0,False,False,retained
520,2,8,JB-UR,25,12.5,13.0,2430,0.04496937012494748,False,False,False,0.0,False,False,retained
520,2,8,JB-UR,26,13.0,13.5,7149,0.05234064791631264,False,False,False,0.0,False,False,retained
520,2,8,JB-UR,27,13.5,14.0,6345,0.04779760749720523,False,False,False,0.0,False,False,retained
521,2,9,JB-SV,2,1.0,1.5,22504,0.04681171689547441,False,False,False,0.0,False,False,retained
521,2,9,JB-SV,3,1.5,2.0,23695,0.04921899887964509,False,False,False,0.0,False,False,retained
521,2,9,JB-SV,4,2.0,2.5,26428,0.048076716877196016,False,False,False,0.0,False,False,retained
521,2,9,JB-SV,5,2.5,3.0,22900,0.04742244521160731,False,False,False,0.0,False,False,retained
521,2,9,JB-SV,6,3.0,3.5,24992,0.052518540948522006,False,False,False,0.0,False,False,retained
521,2,9,JB-SV,7,3.5,4.0,26680,0.05182572905224408,False,False,False,0.0,False,False,retained
521,2,9,JB-SV,8,4.0,4.5,26708,0.05120494529113588,False,False,False,0.0,False,False,retained
521,2,9,JB-SV,9,4.5,5.0,7386,0.04792202959870483,False,False,False,0.0,False,False,retained
521,2,9,JB-SV,10,5.0,5.5,25918,0.0450945594394498,False,False,False,0.0,False,False,retained
521,2,9,JB-SV,16,8.0,8.5,15869,0.04806068158202161,False,False,False,0.0,False,False,retained
521,2,9,JB-SV,17,8.5,9.0,23729,0.04873705645484418,False,False,False,0.0,False,False,retained
521,2,9,JB-SV,18,9.0,9.5,26852,0.049285450511176034,False,False,False,0.0,False,False,retained
521,2,9,JB-SV,19,9.5,10.0,25679,0.047196474484377714,False,False,False,0.0,False,False,retained
521,2,9,JB-SV,20,10.0,10.5,26093,0.0481036131348667,False,False,False,0.0,False,False,retained
521,2,9,JB-SV,21,10.5,11.0,26520,0.04705134509465949,False,False,False,0.0,False,False,retained
521,2,9,JB-SV,22,11.0,11.5,23903,0.04821455891379131,False,False,False,0.0,False,False,retained
521,2,9,JB-SV,23,11.5,12.0,25280,0.04504920151229118,False,False,False,0.0,False,False,retained
521,2,9,JB-SV,24,12.0,12.5,4112,0.05571512167729086,False,False,False,0.0,False,False,retained
521,2,9,JB-SV,25,12.5,13.0,21405,0.04763792643761176,False,False,False,0.0,False,False,retained
521,2,9,JB-SV,26,13.0,13.5,19645,0.04946191237829556,False,False,False,0.0,False,False,retained
521,2,9,JB-SV,27,13.5,14.0,19546,0.047002286324208095,False,False,False,0.0,False,False,retained
522,2,10,JB-ZC,2,1.0,1.5,22358,0.04229539134303513,False,False,False,0.0,False,False,retained
522,2,10,JB-ZC,3,1.5,2.0,15427,0.044156167989645646,False,False,False,0.0,False,False,retained
522,2,10,JB-ZC,4,2.0,2.5,15112,0.044240829963981675,False,False,False,0.0,False,False,retained
522,2,10,JB-ZC,5,2.5,3.0,15067,0.04279310107766824,False,False,False,0.0,False,False,retained
522,2,10,JB-ZC,6,3.0,3.5,15750,0.0464175233380988,False,False,False,0.0,False,False,retained
522,2,10,JB-ZC,7,3.5,4.0,9894,0.05066367768669355,False,False,False,0.0,False,False,retained
522,2,10,JB-ZC,8,4.0,4.5,17460,0.04661332049080959,False,False,False,0.0,False,False,retained
522,2,10,JB-ZC,9,4.5,5.0,6102,0.04337268063683842,False,False,False,0.0,False,False,retained
522,2,10,JB-ZC,10,5.0,5.5,26916,0.04097543999231415,False,False,False,0.0,False,False,retained
522,2,10,JB-ZC,11,5.5,6.0,26650,0.04399894366543101,False,False,False,0.0,False,False,retained
522,2,10,JB-ZC,12,6.0,6.5,17434,0.04271951570313264,False,False,False,0.0,False,False,retained
522,2,10,JB-ZC,13,6.5,7.0,23424,0.047334907337399625,False,False,False,0.0,False,False,retained
522,2,10,JB-ZC,14,7.0,7.5,26966,0.044653836205820543,False,False,False,0.0,False,False,retained
522,2,10,JB-ZC,15,7.5,8.0,13118,0.044833687689856384,False,False,False,0.0,False,False,retained
522,2,10,JB-ZC,16,8.0,8.5,7433,0.04376236916095852,False,False,False,0.0,False,False,retained
522,2,10,JB-ZC,17,8.5,9.0,20205,0.04450783433734681,False,False,False,0.0,False,False,retained
522,2,10,JB-ZC,18,9.0,9.5,14563,0.045150812018753594,False,False,False,0.0,False,False,retained
522,2,10,JB-ZC,19,9.5,10.0,20091,0.04288186513193426,False,False,False,0.0,False,False,retained
522,2,10,JB-ZC,20,10.0,10.5,16260,0.04351403274823381,False,False,False,0.0,False,False,retained
522,2,10,JB-ZC,21,10.5,11.0,1076,0.044805410218938226,False,False,False,0.0,False,False,retained
522,2,10,JB-ZC,22,11.0,11.5,4858,0.04621166056791308,False,False,False,0.0,False,False,retained
522,2,10,JB-ZC,23,11.5,12.0,21078,0.041151807727352885,False,False,False,0.0,False,False,retained
522,2,10,JB-ZC,24,12.0,12.5,9502,0.04379166368072612,False,False,False,0.0,False,False,retained
522,2,10,JB-ZC,25,12.5,13.0,26403,0.0427507411655001,False,False,False,0.0,False,False,retained
522,2,10,JB-ZC,26,13.0,13.5,25910,0.04511158948325349,False,False,False,0.0,False,False,retained
522,2,10,JB-ZC,27,13.5,14.0,23709,0.043426715713706494,False,False,False,0.0,False,False,retained
523,2,11,JB-BD,2,1.0,1.5,935,0.044902352958208186,False,False,False,0.0,False,False,retained
523,2,11,JB-BD,3,1.5,2.0,6249,0.046441866723885825,False,False,False,0.0,False,False,retained
523,2,11,JB-BD,4,2.0,2.5,26193,0.04505440549943147,False,False,False,0.0,False,False,retained
523,2,11,JB-BD,5,2.5,3.0,22900,0.044336082896994575,False,False,False,0.0,False,False,retained
523,2,11,JB-BD,6,3.0,3.5,24992,0.04859162052505923,False,False,False,0.0,False,False,retained
523,2,11,JB-BD,7,3.5,4.0,26680,0.048568893305605876,False,False,False,0.0,False,False,retained
523,2,11,JB-BD,8,4.0,4.5,24888,0.0473246592668874,False,False,False,0.0,False,False,retained
523,2,11,JB-BD,9,4.5,5.0,4311,0.04180454521217322,False,False,False,0.0,False,False,retained
523,2,11,JB-BD,10,5.0,5.5,6122,0.042026166436094727,False,False,False,0.0,False,False,retained
523,2,11,JB-BD,18,9.0,9.5,5717,0.04600242344489685,False,False,False,0.0,False,False,retained
523,2,11,JB-BD,19,9.5,10.0,25467,0.044297374273817955,False,False,False,0.0,False,False,retained
523,2,11,JB-BD,20,10.0,10.5,25486,0.04503622705493229,False,False,False,0.0,False,False,retained
523,2,11,JB-BD,21,10.5,11.0,22996,0.04342044456410638,False,False,False,0.0,False,False,retained
523,2,11,JB-BD,22,11.0,11.5,13626,0.045988021055376485,False,False,False,0.0,False,False,retained
523,2,11,JB-BD,23,11.5,12.0,238,0.04293228494207349,False,False,False,0.0,False,False,retained
523,2,11,JB-BD,24,12.0,12.5,301,0.04478603214390069,False,False,False,0.0,False,False,retained
523,2,11,JB-BD,25,12.5,13.0,3142,0.04481185437177787,False,False,False,0.0,False,False,retained
523,2,11,JB-BD,26,13.0,13.5,1955,0.05137012165841007,False,False,False,0.0,False,False,retained
523,2,11,JB-BD,27,13.5,14.0,2612,0.04289682935949625,False,False,False,0.0,False,False,retained
524,2,12,JB-SC,18,9.0,9.5,26024,0.04841268421274146,False,False,False,0.0,False,False,retained
524,2,12,JB-SC,19,9.5,10.0,16846,0.04569419614499833,False,False,False,0.0,False,False,retained
524,2,12,JB-SC,20,10.0,10.5,20098,0.046195790227755495,False,False,False,0.0,False,False,retained
524,2,12,JB-SC,21,10.5,11.0,14292,0.04544842835801369,False,False,False,0.0,False,False,retained
524,2,12,JB-SC,22,11.0,11.5,4258,0.04998038398329765,False,False,False,0.0,False,False,retained
524,2,12,JB-SC,23,11.5,12.0,5548,0.04379287206540615,False,False,False,0.0,False,False,retained
524,2,12,JB-SC,24,12.0,12.5,1303,0.04816626751702956,False,False,False,0.0,False,False,retained
524,2,12,JB-SC,25,12.5,13.0,1673,0.04625641648825341,False,False,False,0.0,False,False,retained
524,2,12,JB-SC,26,13.0,13.5,8023,0.04792961985364202,False,False,False,0.0,False,False,retained
524,2,12,JB-SC,27,13.5,14.0,8802,0.04288822933905827,False,False,False,0.0,False,False,retained
525,2,13,JB-HN,18,9.0,9.5,26452,0.04627016491532148,False,False,False,0.0,False,False,retained
525,2,13,JB-HN,19,9.5,10.0,25066,0.04442745703833937,False,False,False,0.0,False,False,retained
525,2,13,JB-HN,20,10.0,10.5,25381,0.044661977350016334,False,False,False,0.0,False,False,retained
525,2,13,JB-HN,21,10.5,11.0,18051,0.04424795150865049,False,False,False,0.0,False,False,retained
525,2,13,JB-HN,22,11.0,11.5,5860,0.04585792115607018,False,False,False,0.0,False,False,retained
525,2,13,JB-HN,23,11.5,12.0,9033,0.04464099374609766,False,False,False,0.0,False,False,retained
525,2,13,JB-HN,24,12.0,12.5,1833,0.04250303539031433,False,False,False,0.0,False,False,retained
525,2,13,JB-HN,25,12.5,13.0,2947,0.04375201056369993,False,False,False,0.0,False,False,retained
525,2,13,JB-HN,26,13.0,13.5,7981,0.04627289248858812,False,False,False,0.0,False,False,retained
525,2,13,JB-HN,27,13.5,14.0,8738,0.04180596516848027,False,False,False,0.0,False,False,retained
528,2,16,JB-LA,18,9.0,9.5,26436,0.0422433098863568,False,False,False,0.0,False,False,retained
528,2,16,JB-LA,19,9.5,10.0,25308,0.04094036044929644,False,False,False,0.0,False,False,retained
528,2,16,JB-LA,20,10.0,10.5,25738,0.0408701738710992,False,False,False,0.0,False,False,retained
528,2,16,JB-LA,21,10.5,11.0,17886,0.04036257196414664,False,False,False,0.0,False,False,retained
528,2,16,JB-LA,22,11.0,11.5,5914,0.04152287588985068,False,False,False,0.0,False,False,retained
528,2,16,JB-LA,23,11.5,12.0,10473,0.03811365099407821,False,False,False,0.0,False,False,retained
528,2,16,JB-LA,24,12.0,12.5,2646,0.039564011262917004,False,False,False,0.0,False,False,retained
528,2,16,JB-LA,25,12.5,13.0,3163,0.03771346581479172,False,False,False,0.0,False,False,retained
528,2,16,JB-LA,26,13.0,13.5,8544,0.04269256800760994,False,False,False,0.0,False,False,retained
528,2,16,JB-LA,27,13.5,14.0,8391,0.03584118700046916,False,False,False,0.0,False,False,retained
529,2,17,JB-PT,18,9.0,9.5,22559,0.0452779904495868,False,False,False,0.0,False,False,retained
529,2,17,JB-PT,19,9.5,10.0,24496,0.0432759345269449,False,False,False,0.0,False,False,retained
529,2,17,JB-PT,20,10.0,10.5,25214,0.043431369089789236,False,False,False,0.0,False,False,retained
529,2,17,JB-PT,21,10.5,11.0,17370,0.04307652993762108,False,False,False,0.0,False,False,retained
529,2,17,JB-PT,22,11.0,11.5,5835,0.043360780814935315,False,False,False,0.0,False,False,retained
529,2,17,JB-PT,23,11.5,12.0,10033,0.04080779224862506,False,False,False,0.0,False,False,retained
529,2,17,JB-PT,24,12.0,12.5,2464,0.04143996139078491,False,False,False,0.0,False,False,retained
529,2,17,JB-PT,25,12.5,13.0,3156,0.04053695792448217,False,False,False,0.0,False,False,retained
529,2,17,JB-PT,26,13.0,13.5,8501,0.044512130552795154,False,False,False,0.0,False,False,retained
529,2,17,JB-PT,27,13.5,14.0,8879,0.03895847224252814,False,False,False,0.0,False,False,retained
531,2,19,JB-OV,23,11.5,12.0,2240,0.04653123855698481,False,False,False,0.0,False,False,retained
531,2,19,JB-OV,24,12.0,12.5,2028,0.04738044071739461,False,False,False,0.0,False,False,retained
531,2,19,JB-OV,25,12.5,13.0,3163,0.04850889568363769,False,False,False,0.0,False,False,retained
531,2,19,JB-OV,26,13.0,13.5,8421,0.04911626823555522,False,False,False,0.0,False,False,retained
531,2,19,JB-OV,27,13.5,14.0,8820,0.044499217447166124,False,False,False,0.0,False,False,retained
532,2,20,JB-BR,25,12.5,13.0,2338,0.04082963827560349,False,False,False,0.0,False,False,retained
532,2,20,JB-BR,26,13.0,13.5,7912,0.04306720264800024,False,False,False,0.0,False,False,retained
532,2,20,JB-BR,27,13.5,14.0,8831,0.038071535246636146,False,False,False,0.0,False,False,retained
534,2,22,JB-GB,18,9.0,9.5,26212,0.008781593823782251,False,False,False,0.0,False,False,retained
534,2,22,JB-GB,19,9.5,10.0,25032,0.008159604474271854,False,False,False,0.0,False,False,retained
534,2,22,JB-GB,20,10.0,10.5,25304,0.008193373907952082,False,False,False,0.0,False,False,retained
534,2,22,JB-GB,21,10.5,11.0,18338,0.008147433086315239,False,False,False,0.0,False,False,retained
534,2,22,JB-GB,22,11.0,11.5,5902,0.008242923076452814,False,False,False,0.0,False,False,retained
534,2,22,JB-GB,23,11.5,12.0,10181,0.007844539508291086,False,False,False,0.0,False,False,retained
534,2,22,JB-GB,24,12.0,12.5,1833,0.008020186128534834,False,False,False,0.0,False,False,retained
534,2,22,JB-GB,25,12.5,13.0,3151,0.00819129664454805,False,False,False,0.0,False,False,retained
534,2,22,JB-GB,26,13.0,13.5,8504,0.008657901838229795,False,False,False,0.0,False,False,retained
534,2,22,JB-GB,27,13.5,14.0,8800,0.007599225304326743,False,False,False,0.0,False,False,retained
772,3,4,WB-MC,4,2.0,2.5,16817,0.06156094742312645,False,False,False,0.0,False,False,retained
772,3,4,WB-MC,5,2.5,3.0,26154,0.0636286976981181,False,False,False,0.0,False,False,retained
772,3,4,WB-MC,6,3.0,3.5,26544,0.06249959094311094,False,False,False,0.0,False,False,retained
772,3,4,WB-MC,7,3.5,4.0,26560,0.06133316631821843,False,False,False,0.0,False,False,retained
772,3,4,WB-MC,8,4.0,4.5,26484,0.06242931624621378,False,False,False,0.0,False,False,retained
772,3,4,WB-MC,9,4.5,5.0,10840,0.0584727743407951,False,False,False,0.0,False,False,retained
772,3,4,WB-MC,10,5.0,5.5,26560,0.05917194813737627,False,False,False,0.0,False,False,retained
772,3,4,WB-MC,11,5.5,6.0,22859,0.06052132817438532,False,False,False,0.0,False,False,retained
772,3,4,WB-MC,12,6.0,6.5,26512,0.07912680539537857,False,False,False,0.0,False,False,retained
772,3,4,WB-MC,13,6.5,7.0,24590,0.060825992024321214,False,False,False,0.0,False,False,retained
772,3,4,WB-MC,14,7.0,7.5,24563,0.06195363183891881,False,False,False,0.0,False,False,retained
772,3,4,WB-MC,15,7.5,8.0,12819,0.07420569305903536,False,False,False,0.0,False,False,retained
772,3,4,WB-MC,16,8.0,8.5,20187,0.06472196678539956,False,False,False,0.0,False,False,retained
772,3,4,WB-MC,17,8.5,9.0,26344,0.06515379184754386,False,False,False,0.0,False,False,retained
772,3,4,WB-MC,18,9.0,9.5,26468,0.07251719853821686,False,False,False,0.0,False,False,retained
772,3,4,WB-MC,19,9.5,10.0,26333,0.06530490822546234,False,False,False,0.0,False,False,retained
772,3,4,WB-MC,20,10.0,10.5,26416,0.07101122050715102,False,False,False,0.0,False,False,retained
772,3,4,WB-MC,21,10.5,11.0,26354,0.062148249381841006,False,False,False,0.0,False,False,retained
772,3,4,WB-MC,22,11.0,11.5,26155,0.06364943384216804,False,False,False,0.0,False,False,retained
772,3,4,WB-MC,23,11.5,12.0,26382,0.06515481800296608,False,False,False,0.0,False,False,retained
772,3,4,WB-MC,24,12.0,12.5,10555,0.06810117802481536,False,False,False,0.0,False,False,retained
772,3,4,WB-MC,25,12.5,13.0,25930,0.0740334490856463,False,False,False,0.0,False,False,retained
772,3,4,WB-MC,26,13.0,13.5,24817,0.0646791325760189,False,False,False,0.0,False,False,retained
772,3,4,WB-MC,27,13.5,14.0,24289,0.06795452925730697,False,False,False,0.0,False,False,retained
773,3,5,WB-TR,4,2.0,2.5,14350,0.03874400130259064,False,False,False,0.0,False,False,retained
773,3,5,WB-TR,5,2.5,3.0,22298,0.038873949844059154,False,False,False,0.0,False,False,retained
773,3,5,WB-TR,6,3.0,3.5,23132,0.038604931710503936,False,False,False,0.0,False,False,retained
773,3,5,WB-TR,7,3.5,4.0,23016,0.038268175109652296,False,False,False,0.0,False,False,retained
773,3,5,WB-TR,8,4.0,4.5,22102,0.0385077537386596,False,False,False,0.0,False,False,retained
773,3,5,WB-TR,9,4.5,5.0,7016,0.038899844824658206,False,False,False,0.0,False,False,retained
773,3,5,WB-TR,10,5.0,5.5,23212,0.03828026551092883,False,False,False,0.0,False,False,retained
773,3,5,WB-TR,11,5.5,6.0,22190,0.03845795278799379,False,False,False,0.0,False,False,retained
773,3,5,WB-TR,12,6.0,6.5,22916,0.03812238942110536,False,False,False,0.0,False,False,retained
773,3,5,WB-TR,13,6.5,7.0,22617,0.038046584395336015,False,False,False,0.0,False,False,retained
773,3,5,WB-TR,14,7.0,7.5,22862,0.03778027717693039,False,False,False,0.0,False,False,retained
773,3,5,WB-TR,15,7.5,8.0,10877,0.03775624639970969,False,False,False,0.0,False,False,retained
773,3,5,WB-TR,16,8.0,8.5,18791,0.03889146923476765,False,False,False,0.0,False,False,retained
773,3,5,WB-TR,17,8.5,9.0,22586,0.038985158668939576,False,False,False,0.0,False,False,retained
773,3,5,WB-TR,18,9.0,9.5,22894,0.03860192584105598,False,False,False,0.0,False,False,retained
773,3,5,WB-TR,19,9.5,10.0,22741,0.03901985305525047,False,False,False,0.0,False,False,retained
773,3,5,WB-TR,20,10.0,10.5,22928,0.038761000185994265,False,False,False,0.0,False,False,retained
773,3,5,WB-TR,21,10.5,11.0,22403,0.0387830562003312,False,False,False,0.0,False,False,retained
773,3,5,WB-TR,22,11.0,11.5,20830,0.03910693061676922,False,False,False,0.0,False,False,retained
773,3,5,WB-TR,23,11.5,12.0,22889,0.03950398668057161,False,False,False,0.0,False,False,retained
773,3,5,WB-TR,24,12.0,12.5,8455,0.0395976031755991,False,False,False,0.0,False,False,retained
773,3,5,WB-TR,25,12.5,13.0,8389,0.039988058113125245,False,False,False,0.0,False,False,retained
773,3,5,WB-TR,27,13.5,14.0,7281,0.040708719001909185,False,False,False,0.0,False,False,retained
774,3,6,WB-ON,4,2.0,2.5,16782,0.046171032567506674,False,False,False,0.0,False,False,retained
774,3,6,WB-ON,5,2.5,3.0,26944,0.045447256018419424,False,False,False,0.0,False,False,retained
774,3,6,WB-ON,6,3.0,3.5,26902,0.04548259934923274,False,False,False,0.0,False,False,retained
774,3,6,WB-ON,7,3.5,4.0,26860,0.04568814078364776,False,False,False,0.0,False,False,retained
774,3,6,WB-ON,8,4.0,4.5,26500,0.0451422236791894,False,False,False,0.0,False,False,retained
774,3,6,WB-ON,9,4.5,5.0,10988,0.045422657695852395,False,False,False,0.0,False,False,retained
774,3,6,WB-ON,10,5.0,5.5,26928,0.04507241664339537,False,False,False,0.0,False,False,retained
774,3,6,WB-ON,11,5.5,6.0,26714,0.04467507039326684,False,False,False,0.0,False,False,retained
774,3,6,WB-ON,12,6.0,6.5,26782,0.04491785561362227,False,False,False,0.0,False,False,retained
774,3,6,WB-ON,13,6.5,7.0,26820,0.04473979142458263,False,False,False,0.0,False,False,retained
774,3,6,WB-ON,14,7.0,7.5,26886,0.044561426523272524,False,False,False,0.0,False,False,retained
774,3,6,WB-ON,15,7.5,8.0,13089,0.04489713202585972,False,False,False,0.0,False,False,retained
774,3,6,WB-ON,16,8.0,8.5,22389,0.04557421987584032,False,False,False,0.0,False,False,retained
774,3,6,WB-ON,17,8.5,9.0,26836,0.04535370316461026,False,False,False,0.0,False,False,retained
774,3,6,WB-ON,18,9.0,9.5,20520,0.045314005984532536,False,False,False,0.0,False,False,retained
774,3,6,WB-ON,19,9.5,10.0,22655,0.0444714572201245,False,False,False,0.0,False,False,retained
774,3,6,WB-ON,20,10.0,10.5,25053,0.04540026202030189,False,False,False,0.0,False,False,retained
774,3,6,WB-ON,21,10.5,11.0,20086,0.05921167369191529,False,False,False,0.0,False,False,retained
774,3,6,WB-ON,22,11.0,11.5,26137,0.04497211293969523,False,False,False,0.0,False,False,retained
774,3,6,WB-ON,23,11.5,12.0,26684,0.04465602306954913,False,False,False,0.0,False,False,retained
774,3,6,WB-ON,24,12.0,12.5,10264,0.04463678794523857,False,False,False,0.0,False,False,retained
774,3,6,WB-ON,25,12.5,13.0,26340,0.04535808600014974,False,False,False,0.0,False,False,retained
774,3,6,WB-ON,26,13.0,13.5,26056,0.04513895401078262,False,False,False,0.0,False,False,retained
774,3,6,WB-ON,27,13.5,14.0,26485,0.045582991988928095,False,False,False,0.0,False,False,retained
775,3,7,WB-SH,4,2.0,2.5,16096,0.05335913585950767,False,False,False,0.0,False,False,retained
775,3,7,WB-SH,5,2.5,3.0,26298,0.053682805780258205,False,False,False,0.0,False,False,retained
775,3,7,WB-SH,6,3.0,3.5,16551,0.05391395151490785,False,False,False,0.0,False,False,retained
775,3,7,WB-SH,7,3.5,4.0,26551,0.05391095073132732,False,False,False,0.0,False,False,retained
775,3,7,WB-SH,8,4.0,4.5,13338,0.05374484631469465,False,False,False,0.0,False,False,retained
775,3,7,WB-SH,18,9.0,9.5,276,0.05563255033805833,False,False,False,0.0,False,False,retained
775,3,7,WB-SH,19,9.5,10.0,18302,0.05906698047524134,False,False,False,0.0,False,False,retained
775,3,7,WB-SH,24,12.0,12.5,196,0.06352278693629847,False,False,False,0.0,False,False,retained
775,3,7,WB-SH,25,12.5,13.0,1626,0.06409659166765877,False,False,False,0.0,False,False,retained
775,3,7,WB-SH,26,13.0,13.5,160,0.07015220634079648,False,False,False,0.0,False,False,retained
775,3,7,WB-SH,27,13.5,14.0,17583,0.064398220667908,False,False,False,0.0,False,False,retained
776,3,8,WB-UR,4,2.0,2.5,1918,0.0361927760783269,False,False,False,0.0,False,False,retained
776,3,8,WB-UR,5,2.5,3.0,7451,0.035737075777709564,False,False,False,0.0,False,False,retained
776,3,8,WB-UR,6,3.0,3.5,26636,0.03573241753805594,False,False,False,0.0,False,False,retained
776,3,8,WB-UR,7,3.5,4.0,26944,0.037305945012242034,False,False,False,0.0,False,False,retained
776,3,8,WB-UR,8,4.0,4.5,26623,0.03721132584241059,False,False,False,0.0,False,False,retained
776,3,8,WB-UR,9,4.5,5.0,11094,0.03558456256267805,False,False,False,0.0,False,False,retained
776,3,8,WB-UR,10,5.0,5.5,24163,0.03509301558351466,False,False,False,0.0,False,False,retained
776,3,8,WB-UR,11,5.5,6.0,2710,0.035422693226497964,False,False,False,0.0,False,False,retained
776,3,8,WB-UR,18,9.0,9.5,223,0.04015612381579183,False,False,False,0.0,False,False,retained
776,3,8,WB-UR,19,9.5,10.0,7511,0.037652591792910715,False,False,False,0.0,False,False,retained
776,3,8,WB-UR,20,10.0,10.5,22610,0.03952335084046359,False,False,False,0.0,False,False,retained
776,3,8,WB-UR,21,10.5,11.0,25758,0.03878648664030417,False,False,False,0.0,False,False,retained
776,3,8,WB-UR,22,11.0,11.5,17572,0.03961310786838998,False,False,False,0.0,False,False,retained
776,3,8,WB-UR,23,11.5,12.0,238,0.04251914690363,False,False,False,0.0,False,False,retained
776,3,8,WB-UR,24,12.0,12.5,672,0.037449376695343393,False,False,False,0.0,False,False,retained
776,3,8,WB-UR,25,12.5,13.0,2430,0.040301149727758445,False,False,False,0.0,False,False,retained
776,3,8,WB-UR,26,13.0,13.5,7149,0.041724538770454074,False,False,False,0.0,False,False,retained
776,3,8,WB-UR,27,13.5,14.0,7561,0.0416916996338703,False,False,False,0.0,False,False,retained
777,3,9,WB-SV,4,2.0,2.5,17504,0.03924556846228688,False,False,False,0.0,False,False,retained
777,3,9,WB-SV,5,2.5,3.0,26944,0.03897943974963571,False,False,False,0.0,False,False,retained
777,3,9,WB-SV,6,3.0,3.5,26944,0.039369798576961365,False,False,False,0.0,False,False,retained
777,3,9,WB-SV,7,3.5,4.0,26944,0.03892881904913436,False,False,False,0.0,False,False,retained
777,3,9,WB-SV,8,4.0,4.5,26912,0.039134236773887714,False,False,False,0.0,False,False,retained
777,3,9,WB-SV,9,4.5,5.0,10774,0.03879216201803364,False,False,False,0.0,False,False,retained
777,3,9,WB-SV,10,5.0,5.5,25902,0.038603072362372405,False,False,False,0.0,False,False,retained
777,3,9,WB-SV,16,8.0,8.5,16882,0.03964951521783927,False,False,False,0.0,False,False,retained
777,3,9,WB-SV,17,8.5,9.0,25889,0.03966822862969662,False,False,False,0.0,False,False,retained
777,3,9,WB-SV,18,9.0,9.5,26852,0.039662667492447644,False,False,False,0.0,False,False,retained
777,3,9,WB-SV,19,9.5,10.0,26751,0.039661467694928565,False,False,False,0.0,False,False,retained
777,3,9,WB-SV,20,10.0,10.5,26813,0.039621412069390745,False,False,False,0.0,False,False,retained
777,3,9,WB-SV,21,10.5,11.0,26560,0.03995212911146596,False,False,False,0.0,False,False,retained
777,3,9,WB-SV,22,11.0,11.5,26112,0.03971023496472267,False,False,False,0.0,False,False,retained
777,3,9,WB-SV,23,11.5,12.0,25320,0.04361063972036635,False,False,False,0.0,False,False,retained
777,3,9,WB-SV,24,12.0,12.5,9648,0.03995123577508868,False,False,False,0.0,False,False,retained
777,3,9,WB-SV,25,12.5,13.0,21405,0.040057356093180924,False,False,False,0.0,False,False,retained
777,3,9,WB-SV,26,13.0,13.5,19645,0.04000255504407371,False,False,False,0.0,False,False,retained
777,3,9,WB-SV,27,13.5,14.0,20869,0.04023783066619687,False,False,False,0.0,False,False,retained
778,3,10,WB-ZC,4,2.0,2.5,11780,0.0355506715912105,False,False,False,0.0,False,False,retained
778,3,10,WB-ZC,5,2.5,3.0,17307,0.03587358693254685,False,False,False,0.0,False,False,retained
778,3,10,WB-ZC,6,3.0,3.5,17303,0.0354896079424714,False,False,False,0.0,False,False,retained
778,3,10,WB-ZC,7,3.5,4.0,9998,0.03559320563453806,False,False,False,0.0,False,False,retained
778,3,10,WB-ZC,8,4.0,4.5,17550,0.035515078277990074,False,False,False,0.0,False,False,retained
778,3,10,WB-ZC,9,4.5,5.0,7075,0.03526982651730112,False,False,False,0.0,False,False,retained
778,3,10,WB-ZC,10,5.0,5.5,26836,0.035127579496073515,False,False,False,0.0,False,False,retained
778,3,10,WB-ZC,11,5.5,6.0,26944,0.03502958963711109,False,False,False,0.0,False,False,retained
778,3,10,WB-ZC,12,6.0,6.5,26944,0.035235890709672216,False,False,False,0.0,False,False,retained
778,3,10,WB-ZC,13,6.5,7.0,26820,0.035212236203489865,False,False,False,0.0,False,False,retained
778,3,10,WB-ZC,14,7.0,7.5,26928,0.03519436959219711,False,False,False,0.0,False,False,retained
778,3,10,WB-ZC,15,7.5,8.0,13089,0.03510692337924383,False,False,False,0.0,False,False,retained
778,3,10,WB-ZC,16,8.0,8.5,10065,0.03656044478947,False,False,False,0.0,False,False,retained
778,3,10,WB-ZC,17,8.5,9.0,22086,0.03618904768879582,False,False,False,0.0,False,False,retained
778,3,10,WB-ZC,18,9.0,9.5,14534,0.03630279459378966,False,False,False,0.0,False,False,retained
778,3,10,WB-ZC,19,9.5,10.0,21044,0.036000925625609755,False,False,False,0.0,False,False,retained
778,3,10,WB-ZC,20,10.0,10.5,16951,0.03636770029147144,False,False,False,0.0,False,False,retained
778,3,10,WB-ZC,21,10.5,11.0,1075,0.035909821479096125,False,False,False,0.0,False,False,retained
778,3,10,WB-ZC,22,11.0,11.5,5183,0.03689574651874037,False,False,False,0.0,False,False,retained
778,3,10,WB-ZC,23,11.5,12.0,21064,0.03611112775615688,False,False,False,0.0,False,False,retained
778,3,10,WB-ZC,24,12.0,12.5,10614,0.03669889939898211,False,False,False,0.0,False,False,retained
778,3,10,WB-ZC,25,12.5,13.0,26344,0.03657483454903215,False,False,False,0.0,False,False,retained
778,3,10,WB-ZC,26,13.0,13.5,25848,0.03661675096561648,False,False,False,0.0,False,False,retained
778,3,10,WB-ZC,27,13.5,14.0,25212,0.03674559750065199,False,False,False,0.0,False,False,retained
779,3,11,WB-BD,4,2.0,2.5,17504,0.036884076371875955,False,False,False,0.0,False,False,retained
779,3,11,WB-BD,5,2.5,3.0,26944,0.03660478541467868,False,False,False,0.0,False,False,retained
779,3,11,WB-BD,6,3.0,3.5,26944,0.03667041876949887,False,False,False,0.0,False,False,retained
779,3,11,WB-BD,7,3.5,4.0,26944,0.036505992932922955,False,False,False,0.0,False,False,retained
779,3,11,WB-BD,8,4.0,4.5,25092,0.03682831989215642,False,False,False,0.0,False,False,retained
779,3,11,WB-BD,9,4.5,5.0,5605,0.03600931114211201,False,False,False,0.0,False,False,retained
779,3,11,WB-BD,10,5.0,5.5,6121,0.03619458139952153,False,False,False,0.0,False,False,retained
779,3,11,WB-BD,18,9.0,9.5,5717,0.03779290888844346,False,False,False,0.0,False,False,retained
779,3,11,WB-BD,19,9.5,10.0,26539,0.037218250879915434,False,False,False,0.0,False,False,retained
779,3,11,WB-BD,20,10.0,10.5,26206,0.03743272182290006,False,False,False,0.0,False,False,retained
779,3,11,WB-BD,21,10.5,11.0,23036,0.03696070096461118,False,False,False,0.0,False,False,retained
779,3,11,WB-BD,22,11.0,11.5,16066,0.03798570385828368,False,False,False,0.0,False,False,retained
779,3,11,WB-BD,23,11.5,12.0,238,0.03498173188789842,False,False,False,0.0,False,False,retained
779,3,11,WB-BD,24,12.0,12.5,448,0.039235032142056814,False,False,False,0.0,False,False,retained
779,3,11,WB-BD,25,12.5,13.0,3144,0.03734457184968021,False,False,False,0.0,False,False,retained
779,3,11,WB-BD,26,13.0,13.5,1955,0.03766205033778695,False,False,False,0.0,False,False,retained
779,3,11,WB-BD,27,13.5,14.0,3101,0.037637293786659545,False,False,False,0.0,False,False,retained
780,3,12,WB-SC,18,9.0,9.5,25961,0.03942470158341683,False,False,False,0.0,False,False,retained
780,3,12,WB-SC,19,9.5,10.0,17599,0.038935525191227525,False,False,False,0.0,False,False,retained
780,3,12,WB-SC,20,10.0,10.5,20571,0.03924896958887361,False,False,False,0.0,False,False,retained
780,3,12,WB-SC,21,10.5,11.0,14262,0.03838842395965175,False,False,False,0.0,False,False,retained
780,3,12,WB-SC,22,11.0,11.5,4680,0.03842301503039713,False,False,False,0.0,False,False,retained
780,3,12,WB-SC,23,11.5,12.0,5556,0.03863406390314687,False,False,False,0.0,False,False,retained
780,3,12,WB-SC,24,12.0,12.5,993,0.03857693450095631,False,False,False,0.0,False,False,retained
780,3,12,WB-SC,25,12.5,13.0,1670,0.038030082764641066,False,False,False,0.0,False,False,retained
780,3,12,WB-SC,26,13.0,13.5,8004,0.03864796438376811,False,False,False,0.0,False,False,retained
780,3,12,WB-SC,27,13.5,14.0,9748,0.03979845354962167,False,False,False,0.0,False,False,retained
781,3,13,WB-HN,18,9.0,9.5,26388,0.03759269810588704,False,False,False,0.0,False,False,retained
781,3,13,WB-HN,19,9.5,10.0,26077,0.03746369756710857,False,False,False,0.0,False,False,retained
781,3,13,WB-HN,20,10.0,10.5,26011,0.03716693715698932,False,False,False,0.0,False,False,retained
781,3,13,WB-HN,21,10.5,11.0,18018,0.0375606052824383,False,False,False,0.0,False,False,retained
781,3,13,WB-HN,22,11.0,11.5,6381,0.038377096627327634,False,False,False,0.0,False,False,retained
781,3,13,WB-HN,23,11.5,12.0,9056,0.03873385823301364,False,False,False,0.0,False,False,retained
781,3,13,WB-HN,24,12.0,12.5,1552,0.03632638035866883,False,False,False,0.0,False,False,retained
781,3,13,WB-HN,25,12.5,13.0,2943,0.038308251145970175,False,False,False,0.0,False,False,retained
781,3,13,WB-HN,26,13.0,13.5,7963,0.03744668604482243,False,False,False,0.0,False,False,retained
781,3,13,WB-HN,27,13.5,14.0,9466,0.037315956015530706,False,False,False,0.0,False,False,retained
784,3,16,WB-LA,18,9.0,9.5,26372,0.034366759190726875,False,False,False,0.0,False,False,retained
784,3,16,WB-LA,19,9.5,10.0,26319,0.03402527984584973,False,False,False,0.0,False,False,retained
784,3,16,WB-LA,20,10.0,10.5,26370,0.033756149968509896,False,False,False,0.0,False,False,retained
784,3,16,WB-LA,21,10.5,11.0,17853,0.03352385028597932,False,False,False,0.0,False,False,retained
784,3,16,WB-LA,22,11.0,11.5,6441,0.03353765142319744,False,False,False,0.0,False,False,retained
784,3,16,WB-LA,23,11.5,12.0,10480,0.03348325759490884,False,False,False,0.0,False,False,retained
784,3,16,WB-LA,24,12.0,12.5,1552,0.0335597497448707,False,False,False,0.0,False,False,retained
784,3,16,WB-LA,25,12.5,13.0,3160,0.03419123624543764,False,False,False,0.0,False,False,retained
784,3,16,WB-LA,26,13.0,13.5,8524,0.033731308923084465,False,False,False,0.0,False,False,retained
784,3,16,WB-LA,27,13.5,14.0,9121,0.033479377460019874,False,False,False,0.0,False,False,retained
785,3,17,WB-PT,18,9.0,9.5,22511,0.03629123300391006,False,False,False,0.0,False,False,retained
785,3,17,WB-PT,19,9.5,10.0,25491,0.036128678875438296,False,False,False,0.0,False,False,retained
785,3,17,WB-PT,20,10.0,10.5,25826,0.03589031090675821,False,False,False,0.0,False,False,retained
785,3,17,WB-PT,21,10.5,11.0,17337,0.03538155799144259,False,False,False,0.0,False,False,retained
785,3,17,WB-PT,22,11.0,11.5,6362,0.03614542584626442,False,False,False,0.0,False,False,retained
785,3,17,WB-PT,23,11.5,12.0,10040,0.0348242199408466,False,False,False,0.0,False,False,retained
785,3,17,WB-PT,24,12.0,12.5,1552,0.034230057832406624,False,False,False,0.0,False,False,retained
785,3,17,WB-PT,25,12.5,13.0,3155,0.03555156322885349,False,False,False,0.0,False,False,retained
785,3,17,WB-PT,26,13.0,13.5,8481,0.0355438247513496,False,False,False,0.0,False,False,retained
785,3,17,WB-PT,27,13.5,14.0,9609,0.035036392433706334,False,False,False,0.0,False,False,retained
787,3,19,WB-OV,23,11.5,12.0,2238,0.041930889630767174,False,False,False,0.0,False,False,retained
787,3,19,WB-OV,24,12.0,12.5,1552,0.040618918903231986,False,False,False,0.0,False,False,retained
787,3,19,WB-OV,25,12.5,13.0,3160,0.040697924805555,False,False,False,0.0,False,False,retained
787,3,19,WB-OV,26,13.0,13.5,8401,0.03979045987810798,False,False,False,0.0,False,False,retained
787,3,19,WB-OV,27,13.5,14.0,9548,0.03965038252458828,False,False,False,0.0,False,False,retained
788,3,20,WB-BR,25,12.5,13.0,2335,0.03459194528780861,False,False,False,0.0,False,False,retained
788,3,20,WB-BR,26,13.0,13.5,7893,0.03498980364883058,False,False,False,0.0,False,False,retained
788,3,20,WB-BR,27,13.5,14.0,9560,0.034674920679388044,False,False,False,0.0,False,False,retained
790,3,22,WB-GB,18,9.0,9.5,26148,0.007118097609641631,False,False,False,0.0,False,False,retained
790,3,22,WB-GB,19,9.5,10.0,26043,0.006811528372990779,False,False,False,0.0,False,False,retained
790,3,22,WB-GB,20,10.0,10.5,25934,0.006769906959221084,False,False,False,0.0,False,False,retained
790,3,22,WB-GB,21,10.5,11.0,18303,0.006775148157101619,False,False,False,0.0,False,False,retained
790,3,22,WB-GB,22,11.0,11.5,6415,0.006856740099698593,False,False,False,0.0,False,False,retained
790,3,22,WB-GB,23,11.5,12.0,10190,0.006833048479056873,False,False,False,0.0,False,False,retained
790,3,22,WB-GB,24,12.0,12.5,1552,0.006724530338256792,False,False,False,0.0,False,False,retained
790,3,22,WB-GB,25,12.5,13.0,3148,0.007011801997128883,False,False,False,0.0,False,False,retained
790,3,22,WB-GB,26,13.0,13.5,8484,0.006808054971471833,False,False,False,0.0,False,False,retained
790,3,22,WB-GB,27,13.5,14.0,9527,0.006762359407926324,False,False,False,0.0,False,False,retained
1029,4,5,MC-TR,0,0.0,0.5,11416,0.23634995236722073,False,False,False,0.0,False,False,retained
1029,4,5,MC-TR,1,0.5,1.0,16425,0.2618903030133118,False,False,False,0.0,False,False,retained
1029,4,5,MC-TR,2,1.0,1.5,19745,0.2596440075521172,False,False,False,0.0,False,False,retained
1029,4,5,MC-TR,3,1.5,2.0,5781,0.1881764428572233,False,False,False,0.0,False,False,retained
1029,4,5,MC-TR,4,2.0,2.5,21690,0.18967422552022406,False,False,False,0.0,False,False,retained
1029,4,5,MC-TR,5,2.5,3.0,21823,0.19599263842633427,False,False,False,0.0,False,False,retained
1029,4,5,MC-TR,6,3.0,3.5,23048,0.19082284169914923,False,False,False,0.0,False,False,retained
1029,4,5,MC-TR,7,3.5,4.0,22876,0.1889131615036602,False,False,False,0.0,False,False,retained
1029,4,5,MC-TR,8,4.0,4.5,21968,0.19215321765738072,False,False,False,0.0,False,False,retained
1029,4,5,MC-TR,9,4.5,5.0,6944,0.1771214504206747,False,False,False,0.0,False,False,retained
1029,4,5,MC-TR,10,5.0,5.5,23044,0.1822211414977141,False,False,False,0.0,False,False,retained
1029,4,5,MC-TR,11,5.5,6.0,19061,0.17972987062196932,False,False,False,0.0,False,False,retained
1029,4,5,MC-TR,12,6.0,6.5,22748,0.1844033878129869,False,False,False,0.0,False,False,retained
1029,4,5,MC-TR,13,6.5,7.0,21232,0.1865311495390535,False,False,False,0.0,False,False,retained
1029,4,5,MC-TR,14,7.0,7.5,21033,0.19281126617067537,False,False,False,0.0,False,False,retained
1029,4,5,MC-TR,15,7.5,8.0,10732,0.22834344329164044,False,False,False,0.0,False,False,retained
1029,4,5,MC-TR,16,8.0,8.5,16924,0.19550950071931447,False,False,False,0.0,False,False,retained
1029,4,5,MC-TR,17,8.5,9.0,22418,0.19720115696652377,False,False,False,0.0,False,False,retained
1029,4,5,MC-TR,18,9.0,9.5,22726,0.2200038255091349,False,False,False,0.0,False,False,retained
1029,4,5,MC-TR,19,9.5,10.0,15498,0.19977418321447993,False,False,False,0.0,False,False,retained
1029,4,5,MC-TR,20,10.0,10.5,19928,0.22274513172848054,False,False,False,0.0,False,False,retained
1029,4,5,MC-TR,21,10.5,11.0,22305,0.18939170899359578,False,False,False,0.0,False,False,retained
1029,4,5,MC-TR,22,11.0,11.5,20762,0.19186825183687542,False,False,False,0.0,False,False,retained
1029,4,5,MC-TR,23,11.5,12.0,22755,0.19857516172645898,False,False,False,0.0,False,False,retained
1029,4,5,MC-TR,24,12.0,12.5,8455,0.2086200230367356,False,False,False,0.0,False,False,retained
1029,4,5,MC-TR,25,12.5,13.0,8337,0.22179192325640865,False,False,False,0.0,False,False,retained
1029,4,5,MC-TR,27,13.5,14.0,6493,0.2222031731734341,False,False,False,0.0,False,False,retained
1030,4,6,MC-ON,0,0.0,0.5,13185,0.3561722980264294,False,False,False,0.0,False,False,retained
1030,4,6,MC-ON,1,0.5,1.0,20140,0.3185054209616295,False,False,False,0.0,False,False,retained
1030,4,6,MC-ON,2,1.0,1.5,22973,0.30866411169163904,False,False,False,0.0,False,False,retained
1030,4,6,MC-ON,3,1.5,2.0,6539,0.22623526644224434,False,False,False,0.0,False,False,retained
1030,4,6,MC-ON,4,2.0,2.5,25009,0.2269309336976256,False,False,False,0.0,False,False,retained
1030,4,6,MC-ON,5,2.5,3.0,26154,0.23449874755550493,False,False,False,0.0,False,False,retained
1030,4,6,MC-ON,6,3.0,3.5,26502,0.22729358876950206,False,False,False,0.0,False,False,retained
1030,4,6,MC-ON,7,3.5,4.0,26484,0.22372652315634878,False,False,False,0.0,False,False,retained
1030,4,6,MC-ON,8,4.0,4.5,26184,0.22742858067558008,False,False,False,0.0,False,False,retained
1030,4,6,MC-ON,9,4.5,5.0,10734,0.2140409779226329,False,False,False,0.0,False,False,retained
1030,4,6,MC-ON,10,5.0,5.5,26560,0.21484966651133566,False,False,False,0.0,False,False,retained
1030,4,6,MC-ON,11,5.5,6.0,22629,0.21494813616865174,False,False,False,0.0,False,False,retained
1030,4,6,MC-ON,12,6.0,6.5,26350,0.21709939306546583,False,False,False,0.0,False,False,retained
1030,4,6,MC-ON,13,6.5,7.0,24590,0.22082048849238106,False,False,False,0.0,False,False,retained
1030,4,6,MC-ON,14,7.0,7.5,24521,0.22941703917310793,False,False,False,0.0,False,False,retained
1030,4,6,MC-ON,15,7.5,8.0,12830,0.28268544381921706,False,False,False,0.0,False,False,retained
1030,4,6,MC-ON,16,8.0,8.5,19191,0.23529743766623745,False,False,False,0.0,False,False,retained
1030,4,6,MC-ON,17,8.5,9.0,26344,0.2340681272910903,False,False,False,0.0,False,False,retained
1030,4,6,MC-ON,18,9.0,9.5,20160,0.25912436783170506,False,False,False,0.0,False,False,retained
1030,4,6,MC-ON,19,9.5,10.0,22317,0.22086800566498319,False,False,False,0.0,False,False,retained
1030,4,6,MC-ON,20,10.0,10.5,24656,0.25884993887038477,False,False,False,0.0,False,False,retained
1030,4,6,MC-ON,21,10.5,11.0,19862,0.21585609933742184,False,False,False,0.0,False,False,retained
1030,4,6,MC-ON,22,11.0,11.5,25787,0.21826070885535565,False,False,False,0.0,False,False,retained
1030,4,6,MC-ON,23,11.5,12.0,26390,0.22144133886284786,False,False,False,0.0,False,False,retained
1030,4,6,MC-ON,24,12.0,12.5,10120,0.22866331458262315,False,False,False,0.0,False,False,retained
1030,4,6,MC-ON,25,12.5,13.0,25926,0.2528958445883451,False,False,False,0.0,False,False,retained
1030,4,6,MC-ON,26,13.0,13.5,24743,0.22470364886272826,False,False,False,0.0,False,False,retained
1030,4,6,MC-ON,27,13.5,14.0,24150,0.2280713989200121,False,False,False,0.0,False,False,retained
1031,4,7,MC-SH,1,0.5,1.0,448,0.36676349432398214,False,False,False,0.0,False,False,retained
1031,4,7,MC-SH,3,1.5,2.0,727,0.27187650748126196,False,False,False,0.0,False,False,retained
1031,4,7,MC-SH,4,2.0,2.5,15864,0.2579027324212903,False,False,False,0.0,False,False,retained
1031,4,7,MC-SH,5,2.5,3.0,25646,0.26442552882564835,False,False,False,0.0,False,False,retained
1031,4,7,MC-SH,6,3.0,3.5,16363,0.267238326764938,False,False,False,0.0,False,False,retained
1031,4,7,MC-SH,7,3.5,4.0,26311,0.2598813263928006,False,False,False,0.0,False,False,retained
1031,4,7,MC-SH,8,4.0,4.5,13191,0.2600331289088713,False,False,False,0.0,False,False,retained
1031,4,7,MC-SH,18,9.0,9.5,276,0.27938226983863085,False,False,False,0.0,False,False,retained
1031,4,7,MC-SH,19,9.5,10.0,18109,0.29266560785344115,False,False,False,0.0,False,False,retained
1031,4,7,MC-SH,24,12.0,12.5,276,0.31652215238368225,False,False,False,0.0,False,False,retained
1031,4,7,MC-SH,25,12.5,13.0,1620,0.2660851259937597,False,False,False,0.0,False,False,retained
1031,4,7,MC-SH,26,13.0,13.5,156,0.27999456540209455,False,False,False,0.0,False,False,retained
1031,4,7,MC-SH,27,13.5,14.0,15582,0.3235670376127914,False,False,False,0.0,False,False,retained
1032,4,8,MC-UR,1,0.5,1.0,1336,0.24839657668289117,False,False,False,0.0,False,False,retained
1032,4,8,MC-UR,2,1.0,1.5,3976,0.2339379101432863,False,False,False,0.0,False,False,retained
1032,4,8,MC-UR,3,1.5,2.0,2768,0.17656039656675623,False,False,False,0.0,False,False,retained
1032,4,8,MC-UR,4,2.0,2.5,4716,0.18230332833522542,False,False,False,0.0,False,False,retained
1032,4,8,MC-UR,5,2.5,3.0,7335,0.1867671364138102,False,False,False,0.0,False,False,retained
1032,4,8,MC-UR,6,3.0,3.5,26246,0.1813476549625929,False,False,False,0.0,False,False,retained
1032,4,8,MC-UR,7,3.5,4.0,26560,0.18176379943209345,False,False,False,0.0,False,False,retained
1032,4,8,MC-UR,8,4.0,4.5,26287,0.17861986661195056,False,False,False,0.0,False,False,retained
1032,4,8,MC-UR,9,4.5,5.0,10840,0.16242271616952184,False,False,False,0.0,False,False,retained
1032,4,8,MC-UR,10,5.0,5.5,23837,0.16727272052432401,False,False,False,0.0,False,False,retained
1032,4,8,MC-UR,11,5.5,6.0,2655,0.171007793228004,False,False,False,0.0,False,False,retained
1032,4,8,MC-UR,18,9.0,9.5,223,0.298034727962434,False,False,False,0.0,False,False,retained
1032,4,8,MC-UR,19,9.5,10.0,7403,0.18092747441599263,False,False,False,0.0,False,False,retained
1032,4,8,MC-UR,20,10.0,10.5,22274,0.21563554488041453,False,False,False,0.0,False,False,retained
1032,4,8,MC-UR,21,10.5,11.0,25360,0.18239250802774531,False,False,False,0.0,False,False,retained
1032,4,8,MC-UR,22,11.0,11.5,16147,0.2138104260130166,False,False,False,0.0,False,False,retained
1032,4,8,MC-UR,23,11.5,12.0,238,0.1744465464289089,False,False,False,0.0,False,False,retained
1032,4,8,MC-UR,24,12.0,12.5,672,0.18047741932354247,False,False,False,0.0,False,False,retained
1032,4,8,MC-UR,25,12.5,13.0,2408,0.1943126110673845,False,False,False,0.0,False,False,retained
1032,4,8,MC-UR,26,13.0,13.5,6761,0.21722493139522603,False,False,False,0.0,False,False,retained
1032,4,8,MC-UR,27,13.5,14.0,6801,0.22688365070678984,False,False,False,0.0,False,False,retained
1033,4,9,MC-SV,2,1.0,1.5,22838,0.2548840002744251,False,False,False,0.0,False,False,retained
1033,4,9,MC-SV,3,1.5,2.0,6613,0.18610528567442278,False,False,False,0.0,False,False,retained
1033,4,9,MC-SV,4,2.0,2.5,25973,0.18628643619945903,False,False,False,0.0,False,False,retained
1033,4,9,MC-SV,5,2.5,3.0,26154,0.19058732047324262,False,False,False,0.0,False,False,retained
1033,4,9,MC-SV,6,3.0,3.5,26544,0.1916510155075126,False,False,False,0.0,False,False,retained
1033,4,9,MC-SV,7,3.5,4.0,26560,0.18780802229296475,False,False,False,0.0,False,False,retained
1033,4,9,MC-SV,8,4.0,4.5,26484,0.18910939496227452,False,False,False,0.0,False,False,retained
1033,4,9,MC-SV,9,4.5,5.0,10616,0.17567989299948975,False,False,False,0.0,False,False,retained
1033,4,9,MC-SV,10,5.0,5.5,25572,0.18135414741546274,False,False,False,0.0,False,False,retained
1033,4,9,MC-SV,16,8.0,8.5,15690,0.19224689494518896,False,False,False,0.0,False,False,retained
1033,4,9,MC-SV,17,8.5,9.0,25525,0.1949935970128138,False,False,False,0.0,False,False,retained
1033,4,9,MC-SV,18,9.0,9.5,26468,0.21550550577905786,False,False,False,0.0,False,False,retained
1033,4,9,MC-SV,19,9.5,10.0,21442,0.2070432016075441,False,False,False,0.0,False,False,retained
1033,4,9,MC-SV,20,10.0,10.5,25796,0.22263580461495291,False,False,False,0.0,False,False,retained
1033,4,9,MC-SV,21,10.5,11.0,26163,0.1859941456139677,False,False,False,0.0,False,False,retained
1033,4,9,MC-SV,22,11.0,11.5,25767,0.18941354775530883,False,False,False,0.0,False,False,retained
1033,4,9,MC-SV,23,11.5,12.0,25015,0.19274174037364336,False,False,False,0.0,False,False,retained
1033,4,9,MC-SV,24,12.0,12.5,9673,0.2048251592374848,False,False,False,0.0,False,False,retained
1033,4,9,MC-SV,25,12.5,13.0,21057,0.21575528146680736,False,False,False,0.0,False,False,retained
1033,4,9,MC-SV,26,13.0,13.5,18527,0.1921337973213903,False,False,False,0.0,False,False,retained
1033,4,9,MC-SV,27,13.5,14.0,18891,0.19872936100489771,False,False,False,0.0,False,False,retained
1034,4,10,MC-ZC,2,1.0,1.5,22642,0.2522785770781198,False,False,False,0.0,False,False,retained
1034,4,10,MC-ZC,3,1.5,2.0,4174,0.17523588011163416,False,False,False,0.0,False,False,retained
1034,4,10,MC-ZC,4,2.0,2.5,17254,0.17128882145310212,False,False,False,0.0,False,False,retained
1034,4,10,MC-ZC,5,2.5,3.0,16894,0.17971896182040895,False,False,False,0.0,False,False,retained
1034,4,10,MC-ZC,6,3.0,3.5,17082,0.17880659260793225,False,False,False,0.0,False,False,retained
1034,4,10,MC-ZC,7,3.5,4.0,9907,0.17964130087613342,False,False,False,0.0,False,False,retained
1034,4,10,MC-ZC,8,4.0,4.5,17366,0.1768734916001691,False,False,False,0.0,False,False,retained
1034,4,10,MC-ZC,9,4.5,5.0,7017,0.161507032468347,False,False,False,0.0,False,False,retained
1034,4,10,MC-ZC,10,5.0,5.5,26532,0.16580387699714447,False,False,False,0.0,False,False,retained
1034,4,10,MC-ZC,11,5.5,6.0,22915,0.16507889243969417,False,False,False,0.0,False,False,retained
1034,4,10,MC-ZC,12,6.0,6.5,26576,0.16702885932551761,False,False,False,0.0,False,False,retained
1034,4,10,MC-ZC,13,6.5,7.0,24645,0.16916318360017887,False,False,False,0.0,False,False,retained
1034,4,10,MC-ZC,14,7.0,7.5,24624,0.17441486170446752,False,False,False,0.0,False,False,retained
1034,4,10,MC-ZC,15,7.5,8.0,12846,0.21038655559989575,False,False,False,0.0,False,False,retained
1034,4,10,MC-ZC,16,8.0,8.5,7441,0.1796701572925999,False,False,False,0.0,False,False,retained
1034,4,10,MC-ZC,17,8.5,9.0,21840,0.18313128257162128,False,False,False,0.0,False,False,retained
1034,4,10,MC-ZC,18,9.0,9.5,14344,0.2204362408050967,False,False,False,0.0,False,False,retained
1034,4,10,MC-ZC,19,9.5,10.0,20800,0.17979220399259208,False,False,False,0.0,False,False,retained
1034,4,10,MC-ZC,20,10.0,10.5,16715,0.19888267799597772,False,False,False,0.0,False,False,retained
1034,4,10,MC-ZC,21,10.5,11.0,1066,0.15868098451265295,False,False,False,0.0,False,False,retained
1034,4,10,MC-ZC,22,11.0,11.5,5138,0.1737035731895099,False,False,False,0.0,False,False,retained
1034,4,10,MC-ZC,23,11.5,12.0,20863,0.175754371403663,False,False,False,0.0,False,False,retained
1034,4,10,MC-ZC,24,12.0,12.5,10782,0.1870830107308518,False,False,False,0.0,False,False,retained
1034,4,10,MC-ZC,25,12.5,13.0,21753,0.2163994511519631,False,False,False,0.0,False,False,retained
1034,4,10,MC-ZC,26,13.0,13.5,24691,0.18170839220797622,False,False,False,0.0,False,False,retained
1034,4,10,MC-ZC,27,13.5,14.0,23022,0.183664937381528,False,False,False,0.0,False,False,retained
1035,4,11,MC-BD,2,1.0,1.5,718,0.21611931493859435,False,False,False,0.0,False,False,retained
1035,4,11,MC-BD,3,1.5,2.0,3839,0.1732058308022039,False,False,False,0.0,False,False,retained
1035,4,11,MC-BD,4,2.0,2.5,25715,0.17531608768808377,False,False,False,0.0,False,False,retained
1035,4,11,MC-BD,5,2.5,3.0,26154,0.1794265588762297,False,False,False,0.0,False,False,retained
1035,4,11,MC-BD,6,3.0,3.5,26544,0.1780703174845174,False,False,False,0.0,False,False,retained
1035,4,11,MC-BD,7,3.5,4.0,26560,0.17562115951124393,False,False,False,0.0,False,False,retained
1035,4,11,MC-BD,8,4.0,4.5,24761,0.17677829069890938,False,False,False,0.0,False,False,retained
1035,4,11,MC-BD,9,4.5,5.0,5513,0.1638408927714639,False,False,False,0.0,False,False,retained
1035,4,11,MC-BD,10,5.0,5.5,6011,0.17183096401824413,False,False,False,0.0,False,False,retained
1035,4,11,MC-BD,18,9.0,9.5,5643,0.17613434305763365,False,False,False,0.0,False,False,retained
1035,4,11,MC-BD,19,9.5,10.0,26121,0.18058547949761372,False,False,False,0.0,False,False,retained
1035,4,11,MC-BD,20,10.0,10.5,25820,0.19680926427146925,False,False,False,0.0,False,False,retained
1035,4,11,MC-BD,21,10.5,11.0,21037,0.17990203785472242,False,False,False,0.0,False,False,retained
1035,4,11,MC-BD,22,11.0,11.5,15846,0.18233910256879032,False,False,False,0.0,False,False,retained
1035,4,11,MC-BD,23,11.5,12.0,238,0.15684791152045366,False,False,False,0.0,False,False,retained
1035,4,11,MC-BD,24,12.0,12.5,434,0.1564344000376428,False,False,False,0.0,False,False,retained
1035,4,11,MC-BD,25,12.5,13.0,3121,0.16281362936639174,False,False,False,0.0,False,False,retained
1035,4,11,MC-BD,26,13.0,13.5,1924,0.2254318857221303,False,False,False,0.0,False,False,retained
1035,4,11,MC-BD,27,13.5,14.0,2996,0.21158489538856598,False,False,False,0.0,False,False,retained
1036,4,12,MC-SC,18,9.0,9.5,26024,0.21439768241528132,False,False,False,0.0,False,False,retained
1036,4,12,MC-SC,19,9.5,10.0,17650,0.192893724359402,False,False,False,0.0,False,False,retained
1036,4,12,MC-SC,20,10.0,10.5,20621,0.20749228961380095,False,False,False,0.0,False,False,retained
1036,4,12,MC-SC,21,10.5,11.0,14292,0.17787718365970656,False,False,False,0.0,False,False,retained
1036,4,12,MC-SC,22,11.0,11.5,4690,0.18644633397613333,False,False,False,0.0,False,False,retained
1036,4,12,MC-SC,23,11.5,12.0,5569,0.18464632684732507,False,False,False,0.0,False,False,retained
1036,4,12,MC-SC,24,12.0,12.5,1426,0.20219680548300473,False,False,False,0.0,False,False,retained
1036,4,12,MC-SC,25,12.5,13.0,1674,0.17684133779652758,False,False,False,0.0,False,False,retained
1036,4,12,MC-SC,26,13.0,13.5,7740,0.1969376051282016,False,False,False,0.0,False,False,retained
1036,4,12,MC-SC,27,13.5,14.0,8874,0.1996417365694624,False,False,False,0.0,False,False,retained
1037,4,13,MC-HN,18,9.0,9.5,26452,0.20046529800512194,False,False,False,0.0,False,False,retained
1037,4,13,MC-HN,19,9.5,10.0,26138,0.18318937881264116,False,False,False,0.0,False,False,retained
1037,4,13,MC-HN,20,10.0,10.5,26073,0.19889928791192318,False,False,False,0.0,False,False,retained
1037,4,13,MC-HN,21,10.5,11.0,18051,0.17299954022434072,False,False,False,0.0,False,False,retained
1037,4,13,MC-HN,22,11.0,11.5,6393,0.17906040429218478,False,False,False,0.0,False,False,retained
1037,4,13,MC-HN,23,11.5,12.0,9075,0.18440681188831484,False,False,False,0.0,False,False,retained
1037,4,13,MC-HN,24,12.0,12.5,2146,0.18045196281911877,False,False,False,0.0,False,False,retained
1037,4,13,MC-HN,25,12.5,13.0,2947,0.1692363888261815,False,False,False,0.0,False,False,retained
1037,4,13,MC-HN,26,13.0,13.5,7592,0.1915303294161821,False,False,False,0.0,False,False,retained
1037,4,13,MC-HN,27,13.5,14.0,8903,0.1834962065943756,False,False,False,0.0,False,False,retained
1040,4,16,MC-LA,18,9.0,9.5,26436,0.18600174680341225,False,False,False,0.0,False,False,retained
1040,4,16,MC-LA,19,9.5,10.0,26364,0.1656369256711811,False,False,False,0.0,False,False,retained
1040,4,16,MC-LA,20,10.0,10.5,26418,0.18094662238008577,False,False,False,0.0,False,False,retained
1040,4,16,MC-LA,21,10.5,11.0,17886,0.15581033735348424,False,False,False,0.0,False,False,retained
1040,4,16,MC-LA,22,11.0,11.5,6453,0.15973020582601063,False,False,False,0.0,False,False,retained
1040,4,16,MC-LA,23,11.5,12.0,10515,0.15888089048068565,False,False,False,0.0,False,False,retained
1040,4,16,MC-LA,24,12.0,12.5,2179,0.16687430492589606,False,False,False,0.0,False,False,retained
1040,4,16,MC-LA,25,12.5,13.0,3165,0.14521941994033263,False,False,False,0.0,False,False,retained
1040,4,16,MC-LA,26,13.0,13.5,8148,0.17565009828506203,False,False,False,0.0,False,False,retained
1040,4,16,MC-LA,27,13.5,14.0,8554,0.16260614351131236,False,False,False,0.0,False,False,retained
1041,4,17,MC-PT,18,9.0,9.5,22559,0.18901496608559457,False,False,False,0.0,False,False,retained
1041,4,17,MC-PT,19,9.5,10.0,25536,0.17917426987308616,False,False,False,0.0,False,False,retained
1041,4,17,MC-PT,20,10.0,10.5,25874,0.1945071414453051,False,False,False,0.0,False,False,retained
1041,4,17,MC-PT,21,10.5,11.0,17370,0.16491164332196492,False,False,False,0.0,False,False,retained
1041,4,17,MC-PT,22,11.0,11.5,6374,0.1672713469427097,False,False,False,0.0,False,False,retained
1041,4,17,MC-PT,23,11.5,12.0,10075,0.17166193358146714,False,False,False,0.0,False,False,retained
1041,4,17,MC-PT,24,12.0,12.5,2109,0.17227672149972528,False,False,False,0.0,False,False,retained
1041,4,17,MC-PT,25,12.5,13.0,3158,0.15494949309178674,False,False,False,0.0,False,False,retained
1041,4,17,MC-PT,26,13.0,13.5,8112,0.18230626906086075,False,False,False,0.0,False,False,retained
1041,4,17,MC-PT,27,13.5,14.0,9043,0.172228483294329,False,False,False,0.0,False,False,retained
1043,4,19,MC-OV,23,11.5,12.0,2240,0.17432299958026773,False,False,False,0.0,False,False,retained
1043,4,19,MC-OV,24,12.0,12.5,2146,0.19986155320911783,False,False,False,0.0,False,False,retained
1043,4,19,MC-OV,25,12.5,13.0,3165,0.17886042506158764,False,False,False,0.0,False,False,retained
1043,4,19,MC-OV,26,13.0,13.5,8033,0.1989034488152964,False,False,False,0.0,False,False,retained
1043,4,19,MC-OV,27,13.5,14.0,8984,0.19688769874854076,False,False,False,0.0,False,False,retained
1044,4,20,MC-BR,25,12.5,13.0,2340,0.15470728173955497,False,False,False,0.0,False,False,retained
1044,4,20,MC-BR,26,13.0,13.5,7523,0.1733480571895066,False,False,False,0.0,False,False,retained
1044,4,20,MC-BR,27,13.5,14.0,8995,0.16534939174392005,False,False,False,0.0,False,False,retained
1046,4,22,MC-GB,18,9.0,9.5,26212,0.036846355923170405,False,False,False,0.0,False,False,retained
1046,4,22,MC-GB,19,9.5,10.0,26104,0.03303413863512246,False,False,False,0.0,False,False,retained
1046,4,22,MC-GB,20,10.0,10.5,25996,0.0361323324382324,False,False,False,0.0,False,False,retained
1046,4,22,MC-GB,21,10.5,11.0,18338,0.03136135004784802,False,False,False,0.0,False,False,retained
1046,4,22,MC-GB,22,11.0,11.5,6427,0.03161665938133562,False,False,False,0.0,False,False,retained
1046,4,22,MC-GB,23,11.5,12.0,10223,0.03231711474902598,False,False,False,0.0,False,False,retained
1046,4,22,MC-GB,24,12.0,12.5,2146,0.0334388808003244,False,False,False,0.0,False,False,retained
1046,4,22,MC-GB,25,12.5,13.0,3153,0.030246214630488946,False,False,False,0.0,False,False,retained
1046,4,22,MC-GB,26,13.0,13.5,8117,0.0347599104256286,False,False,False,0.0,False,False,retained
1046,4,22,MC-GB,27,13.5,14.0,8966,0.03338105576239095,False,False,False,0.0,False,False,retained
1286,5,6,TR-ON,0,0.0,0.5,23036,0.14783572471992065,False,False,False,0.0,False,False,retained
1286,5,6,TR-ON,1,0.5,1.0,21829,0.20524407556538055,False,False,False,0.0,False,False,retained
1286,5,6,TR-ON,2,1.0,1.5,22940,0.14383079660890827,False,False,False,0.0,False,False,retained
1286,5,6,TR-ON,3,1.5,2.0,22828,0.23999403063306454,False,False,False,0.0,False,False,retained
1286,5,6,TR-ON,4,2.0,2.5,21210,0.37245085853535115,False,False,False,0.0,False,False,retained
1286,5,6,TR-ON,5,2.5,3.0,22298,0.14309244813543545,False,False,False,0.0,False,False,retained
1286,5,6,TR-ON,6,3.0,3.5,23090,0.20195394718376794,False,False,False,0.0,False,False,retained
1286,5,6,TR-ON,7,3.5,4.0,22940,0.14423238445582698,False,False,False,0.0,False,False,retained
1286,5,6,TR-ON,8,4.0,4.5,12324,0.1408551256429367,False,False,False,0.0,False,False,retained
1286,5,6,TR-ON,9,4.5,5.0,6910,0.14180738475354598,False,False,False,0.0,False,False,retained
1286,5,6,TR-ON,10,5.0,5.5,23212,0.14090081512990504,False,False,False,0.0,False,False,retained
1286,5,6,TR-ON,11,5.5,6.0,21974,0.14200610384053564,False,False,False,0.0,False,False,retained
1286,5,6,TR-ON,12,6.0,6.5,22754,0.1405520754127294,False,False,False,0.0,False,False,retained
1286,5,6,TR-ON,13,6.5,7.0,22617,0.14163880845543048,False,False,False,0.0,False,False,retained
1286,5,6,TR-ON,14,7.0,7.5,22820,0.14003788253453076,False,False,False,0.0,False,False,retained
1286,5,6,TR-ON,15,7.5,8.0,10877,0.13797654190771388,False,False,False,0.0,False,False,retained
1286,5,6,TR-ON,16,8.0,8.5,17637,0.136773859093641,False,False,False,0.0,False,False,retained
1286,5,6,TR-ON,17,8.5,9.0,22586,0.13829867309737728,False,False,False,0.0,False,False,retained
1286,5,6,TR-ON,18,9.0,9.5,17472,0.13652178087419103,False,False,False,0.0,False,False,retained
1286,5,6,TR-ON,19,9.5,10.0,19311,0.13659247825624496,False,False,False,0.0,False,False,retained
1286,5,6,TR-ON,20,10.0,10.5,21388,0.13532279378105155,False,False,False,0.0,False,False,retained
1286,5,6,TR-ON,21,10.5,11.0,17122,0.13515262366964126,False,False,False,0.0,False,False,retained
1286,5,6,TR-ON,22,11.0,11.5,20462,0.13525499574891575,False,False,False,0.0,False,False,retained
1286,5,6,TR-ON,23,11.5,12.0,22881,0.13689279770213303,False,False,False,0.0,False,False,retained
1286,5,6,TR-ON,24,12.0,12.5,8455,0.1377811727973491,False,False,False,0.0,False,False,retained
1286,5,6,TR-ON,25,12.5,13.0,8389,0.1367546635463042,False,False,False,0.0,False,False,retained
1286,5,6,TR-ON,27,13.5,14.0,7150,0.14372184079162667,False,False,False,0.0,False,False,retained
1287,5,7,TR-SH,1,0.5,1.0,433,0.15955517032618685,False,False,False,0.0,False,False,retained
1287,5,7,TR-SH,3,1.5,2.0,1051,0.16767588247491708,False,False,False,0.0,False,False,retained
1287,5,7,TR-SH,4,2.0,2.5,13589,0.16487169671052565,False,False,False,0.0,False,False,retained
1287,5,7,TR-SH,5,2.5,3.0,21884,0.16182270595908044,False,False,False,0.0,False,False,retained
1287,5,7,TR-SH,6,3.0,3.5,14079,0.16283343640925757,False,False,False,0.0,False,False,retained
1287,5,7,TR-SH,7,3.5,4.0,22627,0.16177066905588108,False,False,False,0.0,False,False,retained
1287,5,7,TR-SH,8,4.0,4.5,10409,0.16301597303139728,False,False,False,0.0,False,False,retained
1287,5,7,TR-SH,18,9.0,9.5,270,0.17797096808040144,False,False,False,0.0,False,False,retained
1287,5,7,TR-SH,19,9.5,10.0,15444,0.17584009654551774,False,False,False,0.0,False,False,retained
1287,5,7,TR-SH,24,12.0,12.5,59,0.2053666480222503,False,True,False,0.0,False,True,insufficient_pairs
1287,5,7,TR-SH,25,12.5,13.0,13,0.13933811441672989,False,True,False,0.0,False,True,insufficient_pairs
1287,5,7,TR-SH,27,13.5,14.0,7230,0.19166830258447726,False,False,False,0.0,False,False,retained
1288,5,8,TR-UR,0,0.0,0.5,224,0.10922444568295954,False,False,False,0.0,False,False,retained
1288,5,8,TR-UR,1,0.5,1.0,1264,0.11122387218189671,False,False,False,0.0,False,False,retained
1288,5,8,TR-UR,2,1.0,1.5,2915,0.11369447138744657,False,False,False,0.0,False,False,retained
1288,5,8,TR-UR,3,1.5,2.0,7635,0.11303152161420188,False,False,False,0.0,False,False,retained
1288,5,8,TR-UR,4,2.0,2.5,3623,0.11309375300519359,False,False,False,0.0,False,False,retained
1288,5,8,TR-UR,5,2.5,3.0,5624,0.11005394991108973,False,False,False,0.0,False,False,retained
1288,5,8,TR-UR,6,3.0,3.5,22826,0.10803286011129404,False,False,False,0.0,False,False,retained
1288,5,8,TR-UR,7,3.5,4.0,23016,0.11251038926114726,False,False,False,0.0,False,False,retained
1288,5,8,TR-UR,8,4.0,4.5,21813,0.11187344083933382,False,False,False,0.0,False,False,retained
1288,5,8,TR-UR,9,4.5,5.0,7016,0.10745907240942631,False,False,False,0.0,False,False,retained
1288,5,8,TR-UR,10,5.0,5.5,20504,0.10765805542938099,False,False,False,0.0,False,False,retained
1288,5,8,TR-UR,11,5.5,6.0,1896,0.11423839105072835,False,False,False,0.0,False,False,retained
1288,5,8,TR-UR,18,9.0,9.5,209,0.11277683935623305,False,False,False,0.0,False,False,retained
1288,5,8,TR-UR,19,9.5,10.0,6890,0.10897824133273697,False,False,False,0.0,False,False,retained
1288,5,8,TR-UR,20,10.0,10.5,19045,0.11662450501758381,False,False,False,0.0,False,False,retained
1288,5,8,TR-UR,21,10.5,11.0,21448,0.11554749783916975,False,False,False,0.0,False,False,retained
1288,5,8,TR-UR,22,11.0,11.5,12818,0.11886753771408361,False,False,False,0.0,False,False,retained
1288,5,8,TR-UR,23,11.5,12.0,238,0.10797401278498867,False,False,False,0.0,False,False,retained
1288,5,8,TR-UR,24,12.0,12.5,672,0.11981757511454996,False,False,False,0.0,False,False,retained
1288,5,8,TR-UR,25,12.5,13.0,388,0.11021244743134395,False,False,False,0.0,False,False,retained
1288,5,8,TR-UR,27,13.5,14.0,2662,0.12926865717146352,False,False,False,0.0,False,False,retained
1289,5,9,TR-SV,2,1.0,1.5,22940,0.11947102667485442,False,False,False,0.0,False,False,retained
1289,5,9,TR-SV,3,1.5,2.0,23030,0.11964171055266014,False,False,False,0.0,False,False,retained
1289,5,9,TR-SV,4,2.0,2.5,22112,0.11797627585566482,False,False,False,0.0,False,False,retained
1289,5,9,TR-SV,5,2.5,3.0,22298,0.11850834096471398,False,False,False,0.0,False,False,retained
1289,5,9,TR-SV,6,3.0,3.5,23132,0.1187967540597404,False,False,False,0.0,False,False,retained
1289,5,9,TR-SV,7,3.5,4.0,23016,0.11715636287486599,False,False,False,0.0,False,False,retained
1289,5,9,TR-SV,8,4.0,4.5,22102,0.11703090861758082,False,False,False,0.0,False,False,retained
1289,5,9,TR-SV,9,4.5,5.0,7016,0.11788161903140672,False,False,False,0.0,False,False,retained
1289,5,9,TR-SV,10,5.0,5.5,22235,0.11776589745603597,False,False,False,0.0,False,False,retained
1289,5,9,TR-SV,16,8.0,8.5,13637,0.11588361636981946,False,False,False,0.0,False,False,retained
1289,5,9,TR-SV,17,8.5,9.0,22042,0.11751434321680271,False,False,False,0.0,False,False,retained
1289,5,9,TR-SV,18,9.0,9.5,22894,0.11674315644773285,False,False,False,0.0,False,False,retained
1289,5,9,TR-SV,19,9.5,10.0,17134,0.11676689414421322,False,False,False,0.0,False,False,retained
1289,5,9,TR-SV,20,10.0,10.5,19368,0.11696505777968715,False,False,False,0.0,False,False,retained
1289,5,9,TR-SV,21,10.5,11.0,22235,0.1164521968726135,False,False,False,0.0,False,False,retained
1289,5,9,TR-SV,22,11.0,11.5,20624,0.11730851642385583,False,False,False,0.0,False,False,retained
1289,5,9,TR-SV,23,11.5,12.0,21534,0.11824223940380775,False,False,False,0.0,False,False,retained
1289,5,9,TR-SV,24,12.0,12.5,7741,0.11859009077792527,False,False,False,0.0,False,False,retained
1289,5,9,TR-SV,25,12.5,13.0,7073,0.11700706883816375,False,False,False,0.0,False,False,retained
1289,5,9,TR-SV,27,13.5,14.0,6924,0.12052657253405262,False,False,False,0.0,False,False,retained
1290,5,10,TR-ZC,2,1.0,1.5,22518,0.10949707595501523,False,False,False,0.0,False,False,retained
1290,5,10,TR-ZC,3,1.5,2.0,14770,0.10825513668662386,False,False,False,0.0,False,False,retained
1290,5,10,TR-ZC,4,2.0,2.5,10878,0.10872814464534405,False,False,False,0.0,False,False,retained
1290,5,10,TR-ZC,5,2.5,3.0,13868,0.10861815812711903,False,False,False,0.0,False,False,retained
1290,5,10,TR-ZC,6,3.0,3.5,14087,0.10876059338831032,False,False,False,0.0,False,False,retained
1290,5,10,TR-ZC,7,3.5,4.0,8266,0.10751955994068386,False,False,False,0.0,False,False,retained
1290,5,10,TR-ZC,8,4.0,4.5,14687,0.1080092459129446,False,False,False,0.0,False,False,retained
1290,5,10,TR-ZC,9,4.5,5.0,5326,0.10941401059764329,False,False,False,0.0,False,False,retained
1290,5,10,TR-ZC,10,5.0,5.5,23120,0.10679586615949913,False,False,False,0.0,False,False,retained
1290,5,10,TR-ZC,11,5.5,6.0,22190,0.10706382492194276,False,False,False,0.0,False,False,retained
1290,5,10,TR-ZC,12,6.0,6.5,22916,0.10772680127484405,False,False,False,0.0,False,False,retained
1290,5,10,TR-ZC,13,6.5,7.0,22617,0.10678658108805156,False,False,False,0.0,False,False,retained
1290,5,10,TR-ZC,14,7.0,7.5,22862,0.1070874738037027,False,False,False,0.0,False,False,retained
1290,5,10,TR-ZC,15,7.5,8.0,10877,0.10745769077442932,False,False,False,0.0,False,False,retained
1290,5,10,TR-ZC,16,8.0,8.5,7036,0.10454965230252204,False,False,False,0.0,False,False,retained
1290,5,10,TR-ZC,17,8.5,9.0,18530,0.10644553669822711,False,False,False,0.0,False,False,retained
1290,5,10,TR-ZC,18,9.0,9.5,12125,0.10737091130877896,False,False,False,0.0,False,False,retained
1290,5,10,TR-ZC,19,9.5,10.0,17451,0.10711715971199975,False,False,False,0.0,False,False,retained
1290,5,10,TR-ZC,20,10.0,10.5,13913,0.10712810723613009,False,False,False,0.0,False,False,retained
1290,5,10,TR-ZC,21,10.5,11.0,1057,0.10339572816048559,False,False,False,0.0,False,False,retained
1290,5,10,TR-ZC,22,11.0,11.5,4624,0.1073332693024955,False,False,False,0.0,False,False,retained
1290,5,10,TR-ZC,23,11.5,12.0,17748,0.10857775245112797,False,False,False,0.0,False,False,retained
1290,5,10,TR-ZC,24,12.0,12.5,8409,0.10834670272473954,False,False,False,0.0,False,False,retained
1290,5,10,TR-ZC,25,12.5,13.0,8389,0.10813968138301472,False,False,False,0.0,False,False,retained
1290,5,10,TR-ZC,27,13.5,14.0,6363,0.10931606876948322,False,False,False,0.0,False,False,retained
1291,5,11,TR-BD,2,1.0,1.5,924,0.10937565513947563,False,False,False,0.0,False,False,retained
1291,5,11,TR-BD,3,1.5,2.0,6524,0.10990046754788822,False,False,False,0.0,False,False,retained
1291,5,11,TR-BD,4,2.0,2.5,21947,0.11094693224557087,False,False,False,0.0,False,False,retained
1291,5,11,TR-BD,5,2.5,3.0,22298,0.11112664450671945,False,False,False,0.0,False,False,retained
1291,5,11,TR-BD,6,3.0,3.5,23132,0.1108431730939001,False,False,False,0.0,False,False,retained
1291,5,11,TR-BD,7,3.5,4.0,23016,0.11043901378827986,False,False,False,0.0,False,False,retained
1291,5,11,TR-BD,8,4.0,4.5,20495,0.11104656822230441,False,False,False,0.0,False,False,retained
1291,5,11,TR-BD,9,4.5,5.0,3790,0.10947891194163388,False,False,False,0.0,False,False,retained
1291,5,11,TR-BD,10,5.0,5.5,5172,0.10963556207217202,False,False,False,0.0,False,False,retained
1291,5,11,TR-BD,18,9.0,9.5,4645,0.10718035570084979,False,False,False,0.0,False,False,retained
1291,5,11,TR-BD,19,9.5,10.0,22529,0.10951535656703099,False,False,False,0.0,False,False,retained
1291,5,11,TR-BD,20,10.0,10.5,22328,0.109107214993227,False,False,False,0.0,False,False,retained
1291,5,11,TR-BD,21,10.5,11.0,17847,0.11089112368389613,False,False,False,0.0,False,False,retained
1291,5,11,TR-BD,22,11.0,11.5,11560,0.11175995957562447,False,False,False,0.0,False,False,retained
1291,5,11,TR-BD,23,11.5,12.0,238,0.10669716165647948,False,False,False,0.0,False,False,retained
1291,5,11,TR-BD,24,12.0,12.5,400,0.10857989148100651,False,False,False,0.0,False,False,retained
1291,5,11,TR-BD,25,12.5,13.0,564,0.10919882555957322,False,False,False,0.0,False,False,retained
1291,5,11,TR-BD,27,13.5,14.0,2808,0.1124073122126607,False,False,False,0.0,False,False,retained
1292,5,12,TR-SC,18,9.0,9.5,22237,0.11476893225144268,False,False,False,0.0,False,False,retained
1292,5,12,TR-SC,19,9.5,10.0,14900,0.11479796084622365,False,False,False,0.0,False,False,retained
1292,5,12,TR-SC,20,10.0,10.5,17543,0.1142976893846591,False,False,False,0.0,False,False,retained
1292,5,12,TR-SC,21,10.5,11.0,12078,0.11392453815197819,False,False,False,0.0,False,False,retained
1292,5,12,TR-SC,22,11.0,11.5,3708,0.11298075187561686,False,False,False,0.0,False,False,retained
1292,5,12,TR-SC,23,11.5,12.0,4767,0.11328565317384177,False,False,False,0.0,False,False,retained
1292,5,12,TR-SC,24,12.0,12.5,544,0.11471789586409604,False,False,False,0.0,False,False,retained
1292,5,12,TR-SC,25,12.5,13.0,223,0.10159935705496871,False,False,False,0.0,False,False,retained
1292,5,12,TR-SC,27,13.5,14.0,6160,0.12101097083175119,False,False,False,0.0,False,False,retained
1293,5,13,TR-HN,18,9.0,9.5,22656,0.11037931684548334,False,False,False,0.0,False,False,retained
1293,5,13,TR-HN,19,9.5,10.0,22495,0.11015340613937015,False,False,False,0.0,False,False,retained
1293,5,13,TR-HN,20,10.0,10.5,22429,0.11004857355814278,False,False,False,0.0,False,False,retained
1293,5,13,TR-HN,21,10.5,11.0,15091,0.109032351111199,False,False,False,0.0,False,False,retained
1293,5,13,TR-HN,22,11.0,11.5,4589,0.10987286333287725,False,False,False,0.0,False,False,retained
1293,5,13,TR-HN,23,11.5,12.0,7730,0.11399713316722401,False,False,False,0.0,False,False,retained
1293,5,13,TR-HN,24,12.0,12.5,721,0.10996794020254547,False,False,False,0.0,False,False,retained
1293,5,13,TR-HN,25,12.5,13.0,564,0.10733985299233202,False,False,False,0.0,False,False,retained
1293,5,13,TR-HN,27,13.5,14.0,5384,0.11225284683635114,False,False,False,0.0,False,False,retained
1296,5,16,TR-LA,18,9.0,9.5,22642,0.1015794125755102,False,False,False,0.0,False,False,retained
1296,5,16,TR-LA,19,9.5,10.0,22629,0.10116864674548977,False,False,False,0.0,False,False,retained
1296,5,16,TR-LA,20,10.0,10.5,22764,0.09981059782494828,False,False,False,0.0,False,False,retained
1296,5,16,TR-LA,21,10.5,11.0,15031,0.09939985721034143,False,False,False,0.0,False,False,retained
1296,5,16,TR-LA,22,11.0,11.5,4639,0.09839008900073504,False,False,False,0.0,False,False,retained
1296,5,16,TR-LA,23,11.5,12.0,9035,0.09890200036128179,False,False,False,0.0,False,False,retained
1296,5,16,TR-LA,24,12.0,12.5,721,0.10082856089105664,False,False,False,0.0,False,False,retained
1296,5,16,TR-LA,25,12.5,13.0,564,0.09262347501209747,False,False,False,0.0,False,False,retained
1296,5,16,TR-LA,27,13.5,14.0,5384,0.10108152013624272,False,False,False,0.0,False,False,retained
1297,5,17,TR-PT,18,9.0,9.5,19319,0.10866465311613571,False,False,False,0.0,False,False,retained
1297,5,17,TR-PT,19,9.5,10.0,21905,0.10869414528071322,False,False,False,0.0,False,False,retained
1297,5,17,TR-PT,20,10.0,10.5,22288,0.10719506023421393,False,False,False,0.0,False,False,retained
1297,5,17,TR-PT,21,10.5,11.0,14482,0.10487094319296682,False,False,False,0.0,False,False,retained
1297,5,17,TR-PT,22,11.0,11.5,4572,0.1060438672936711,False,False,False,0.0,False,False,retained
1297,5,17,TR-PT,23,11.5,12.0,8648,0.10472532466765004,False,False,False,0.0,False,False,retained
1297,5,17,TR-PT,24,12.0,12.5,721,0.10616066507117203,False,False,False,0.0,False,False,retained
1297,5,17,TR-PT,25,12.5,13.0,564,0.09796166222003883,False,False,False,0.0,False,False,retained
1297,5,17,TR-PT,27,13.5,14.0,5495,0.10664442637613776,False,False,False,0.0,False,False,retained
1299,5,19,TR-OV,23,11.5,12.0,1854,0.11836002383616347,False,False,False,0.0,False,False,retained
1299,5,19,TR-OV,24,12.0,12.5,721,0.11518091471948026,False,False,False,0.0,False,False,retained
1299,5,19,TR-OV,25,12.5,13.0,564,0.1106055272244911,False,False,False,0.0,False,False,retained
1299,5,19,TR-OV,27,13.5,14.0,5384,0.1190971062632634,False,False,False,0.0,False,False,retained
1300,5,20,TR-BR,25,12.5,13.0,13,0.09112453165360745,False,True,False,0.0,False,True,insufficient_pairs
1300,5,20,TR-BR,27,13.5,14.0,5384,0.10500210772192381,False,False,False,0.0,False,False,retained
1302,5,22,TR-GB,18,9.0,9.5,22446,0.020119885327080752,False,False,False,0.0,False,False,retained
1302,5,22,TR-GB,19,9.5,10.0,22425,0.020096327477364062,False,False,False,0.0,False,False,retained
1302,5,22,TR-GB,20,10.0,10.5,22375,0.02003499998427687,False,False,False,0.0,False,False,retained
1302,5,22,TR-GB,21,10.5,11.0,15431,0.020046990931511056,False,False,False,0.0,False,False,retained
1302,5,22,TR-GB,22,11.0,11.5,4621,0.01990810860763901,False,False,False,0.0,False,False,retained
1302,5,22,TR-GB,23,11.5,12.0,8753,0.020091178857465666,False,False,False,0.0,False,False,retained
1302,5,22,TR-GB,24,12.0,12.5,721,0.020072275189367616,False,False,False,0.0,False,False,retained
1302,5,22,TR-GB,25,12.5,13.0,564,0.019770268860927618,False,False,False,0.0,False,False,retained
1302,5,22,TR-GB,27,13.5,14.0,5384,0.020333117777377133,False,False,False,0.0,False,False,retained
1543,6,7,ON-SH,1,0.5,1.0,448,0.17758842152694812,False,False,False,0.0,False,False,retained
1543,6,7,ON-SH,3,1.5,2.0,1061,0.20514648875871314,False,False,False,0.0,False,False,retained
1543,6,7,ON-SH,4,2.0,2.5,15789,0.19471495042187476,False,False,False,0.0,False,False,retained
1543,6,7,ON-SH,5,2.5,3.0,26330,0.19176979225825705,False,False,False,0.0,False,False,retained
1543,6,7,ON-SH,6,3.0,3.5,16558,0.19126036591960693,False,False,False,0.0,False,False,retained
1543,6,7,ON-SH,7,3.5,4.0,26483,0.1917875760367854,False,False,False,0.0,False,False,retained
1543,6,7,ON-SH,8,4.0,4.5,13033,0.19223824926618055,False,False,False,0.0,False,False,retained
1543,6,7,ON-SH,18,9.0,9.5,135,0.20579030076782695,False,False,False,0.0,False,False,retained
1543,6,7,ON-SH,19,9.5,10.0,15621,0.20147405614999245,False,False,False,0.0,False,False,retained
1543,6,7,ON-SH,24,12.0,12.5,138,0.20325195133374083,False,False,False,0.0,False,False,retained
1543,6,7,ON-SH,25,12.5,13.0,1626,0.219221053985064,False,False,False,0.0,False,False,retained
1543,6,7,ON-SH,26,13.0,13.5,160,0.2358835377794611,False,False,False,0.0,False,False,retained
1543,6,7,ON-SH,27,13.5,14.0,17445,0.21335135673758304,False,False,False,0.0,False,False,retained
1544,6,8,ON-UR,0,0.0,0.5,224,0.11460268743179673,False,False,False,0.0,False,False,retained
1544,6,8,ON-UR,1,0.5,1.0,1340,0.12308169858672428,False,False,False,0.0,False,False,retained
1544,6,8,ON-UR,2,1.0,1.5,4249,0.12627225535723227,False,False,False,0.0,False,False,retained
1544,6,8,ON-UR,3,1.5,2.0,9469,0.1290807458251395,False,False,False,0.0,False,False,retained
1544,6,8,ON-UR,4,2.0,2.5,4766,0.1318908249784011,False,False,False,0.0,False,False,retained
1544,6,8,ON-UR,5,2.5,3.0,7451,0.1255902874080305,False,False,False,0.0,False,False,retained
1544,6,8,ON-UR,6,3.0,3.5,26594,0.12726001768212125,False,False,False,0.0,False,False,retained
1544,6,8,ON-UR,7,3.5,4.0,26860,0.13431690885426464,False,False,False,0.0,False,False,retained
1544,6,8,ON-UR,8,4.0,4.5,26303,0.13268749287092482,False,False,False,0.0,False,False,retained
1544,6,8,ON-UR,9,4.5,5.0,11116,0.12833046357551364,False,False,False,0.0,False,False,retained
1544,6,8,ON-UR,10,5.0,5.5,24179,0.12747312646715778,False,False,False,0.0,False,False,retained
1544,6,8,ON-UR,11,5.5,6.0,2710,0.12914898770203834,False,False,False,0.0,False,False,retained
1544,6,8,ON-UR,18,9.0,9.5,223,0.15135833977496327,False,False,False,0.0,False,False,retained
1544,6,8,ON-UR,19,9.5,10.0,7348,0.12083714088209009,False,False,False,0.0,False,False,retained
1544,6,8,ON-UR,20,10.0,10.5,21021,0.13273267118521173,False,False,False,0.0,False,False,retained
1544,6,8,ON-UR,21,10.5,11.0,19329,0.13198020314637035,False,False,False,0.0,False,False,retained
1544,6,8,ON-UR,22,11.0,11.5,17514,0.13270799444309597,False,False,False,0.0,False,False,retained
1544,6,8,ON-UR,23,11.5,12.0,238,0.13124574602989747,False,False,False,0.0,False,False,retained
1544,6,8,ON-UR,24,12.0,12.5,672,0.13239875410616492,False,False,False,0.0,False,False,retained
1544,6,8,ON-UR,25,12.5,13.0,2426,0.12655985865135946,False,False,False,0.0,False,False,retained
1544,6,8,ON-UR,26,13.0,13.5,7145,0.14405087364914063,False,False,False,0.0,False,False,retained
1544,6,8,ON-UR,27,13.5,14.0,7559,0.14188701980650636,False,False,False,0.0,False,False,retained
1545,6,9,ON-SV,2,1.0,1.5,26698,0.14163886116025204,False,False,False,0.0,False,False,retained
1545,6,9,ON-SV,3,1.5,2.0,26511,0.14067332168215615,False,False,False,0.0,False,False,retained
1545,6,9,ON-SV,4,2.0,2.5,25874,0.14158520333254518,False,False,False,0.0,False,False,retained
1545,6,9,ON-SV,5,2.5,3.0,26944,0.13965577550794667,False,False,False,0.0,False,False,retained
1545,6,9,ON-SV,6,3.0,3.5,26902,0.1387300993791799,False,False,False,0.0,False,False,retained
1545,6,9,ON-SV,7,3.5,4.0,26860,0.13922849093261283,False,False,False,0.0,False,False,retained
1545,6,9,ON-SV,8,4.0,4.5,26500,0.1381641912950876,False,False,False,0.0,False,False,retained
1545,6,9,ON-SV,9,4.5,5.0,10668,0.14069812273396243,False,False,False,0.0,False,False,retained
1545,6,9,ON-SV,10,5.0,5.5,25918,0.1376720690553578,False,False,False,0.0,False,False,retained
1545,6,9,ON-SV,16,8.0,8.5,16258,0.1352243657197067,False,False,False,0.0,False,False,retained
1545,6,9,ON-SV,17,8.5,9.0,25905,0.13507377584509525,False,False,False,0.0,False,False,retained
1545,6,9,ON-SV,18,9.0,9.5,20520,0.13631353117049552,False,False,False,0.0,False,False,retained
1545,6,9,ON-SV,19,9.5,10.0,22655,0.1342117968845784,False,False,False,0.0,False,False,retained
1545,6,9,ON-SV,20,10.0,10.5,25053,0.13387146363029326,False,False,False,0.0,False,False,retained
1545,6,9,ON-SV,21,10.5,11.0,19963,0.1332021789284078,False,False,False,0.0,False,False,retained
1545,6,9,ON-SV,22,11.0,11.5,25836,0.13349676293558776,False,False,False,0.0,False,False,retained
1545,6,9,ON-SV,23,11.5,12.0,25314,0.13714318186654856,False,False,False,0.0,False,False,retained
1545,6,9,ON-SV,24,12.0,12.5,9416,0.1358229583576757,False,False,False,0.0,False,False,retained
1545,6,9,ON-SV,25,12.5,13.0,21401,0.1353392827509592,False,False,False,0.0,False,False,retained
1545,6,9,ON-SV,26,13.0,13.5,19641,0.13561450110003348,False,False,False,0.0,False,False,retained
1545,6,9,ON-SV,27,13.5,14.0,20731,0.13565776205825214,False,False,False,0.0,False,False,retained
1546,6,10,ON-ZC,2,1.0,1.5,26349,0.12847654255207155,False,False,False,0.0,False,False,retained
1546,6,10,ON-ZC,3,1.5,2.0,17542,0.1303042202125325,False,False,False,0.0,False,False,retained
1546,6,10,ON-ZC,4,2.0,2.5,17154,0.12999199732425437,False,False,False,0.0,False,False,retained
1546,6,10,ON-ZC,5,2.5,3.0,15467,0.13141654105719308,False,False,False,0.0,False,False,retained
1546,6,10,ON-ZC,6,3.0,3.5,17301,0.12689536012204342,False,False,False,0.0,False,False,retained
1546,6,10,ON-ZC,7,3.5,4.0,9972,0.12868038026080436,False,False,False,0.0,False,False,retained
1546,6,10,ON-ZC,8,4.0,4.5,17340,0.1277148264896984,False,False,False,0.0,False,False,retained
1546,6,10,ON-ZC,9,4.5,5.0,7065,0.12836916495164494,False,False,False,0.0,False,False,retained
1546,6,10,ON-ZC,10,5.0,5.5,26852,0.1261654090783011,False,False,False,0.0,False,False,retained
1546,6,10,ON-ZC,11,5.5,6.0,26714,0.1272922419592512,False,False,False,0.0,False,False,retained
1546,6,10,ON-ZC,12,6.0,6.5,26782,0.12666979427306715,False,False,False,0.0,False,False,retained
1546,6,10,ON-ZC,13,6.5,7.0,26852,0.12667715357176246,False,False,False,0.0,False,False,retained
1546,6,10,ON-ZC,14,7.0,7.5,26902,0.12617590213383156,False,False,False,0.0,False,False,retained
1546,6,10,ON-ZC,15,7.5,8.0,13102,0.12517393773331983,False,False,False,0.0,False,False,retained
1546,6,10,ON-ZC,16,8.0,8.5,9217,0.123913828682869,False,False,False,0.0,False,False,retained
1546,6,10,ON-ZC,17,8.5,9.0,22102,0.12447745029231148,False,False,False,0.0,False,False,retained
1546,6,10,ON-ZC,18,9.0,9.5,12572,0.12419790151194965,False,False,False,0.0,False,False,retained
1546,6,10,ON-ZC,19,9.5,10.0,18775,0.12095213353901697,False,False,False,0.0,False,False,retained
1546,6,10,ON-ZC,20,10.0,10.5,16244,0.12247411022465664,False,False,False,0.0,False,False,retained
1546,6,10,ON-ZC,21,10.5,11.0,785,0.12851249510017784,False,False,False,0.0,False,False,retained
1546,6,10,ON-ZC,22,11.0,11.5,5190,0.12446584526152017,False,False,False,0.0,False,False,retained
1546,6,10,ON-ZC,23,11.5,12.0,21072,0.12211534128773249,False,False,False,0.0,False,False,retained
1546,6,10,ON-ZC,24,12.0,12.5,10208,0.12310187115431827,False,False,False,0.0,False,False,retained
1546,6,10,ON-ZC,25,12.5,13.0,26340,0.1219123427316921,False,False,False,0.0,False,False,retained
1546,6,10,ON-ZC,26,13.0,13.5,25767,0.1232092429012053,False,False,False,0.0,False,False,retained
1546,6,10,ON-ZC,27,13.5,14.0,25091,0.12383958896929528,False,False,False,0.0,False,False,retained
1547,6,11,ON-BD,2,1.0,1.5,940,0.1286421307462227,False,False,False,0.0,False,False,retained
1547,6,11,ON-BD,3,1.5,2.0,7003,0.13220815249815507,False,False,False,0.0,False,False,retained
1547,6,11,ON-BD,4,2.0,2.5,25592,0.13233159030527938,False,False,False,0.0,False,False,retained
1547,6,11,ON-BD,5,2.5,3.0,26944,0.13125229760094967,False,False,False,0.0,False,False,retained
1547,6,11,ON-BD,6,3.0,3.5,26902,0.13055261197268495,False,False,False,0.0,False,False,retained
1547,6,11,ON-BD,7,3.5,4.0,26860,0.12978689610626276,False,False,False,0.0,False,False,retained
1547,6,11,ON-BD,8,4.0,4.5,24772,0.1293927768204107,False,False,False,0.0,False,False,retained
1547,6,11,ON-BD,9,4.5,5.0,5529,0.12585728008194572,False,False,False,0.0,False,False,retained
1547,6,11,ON-BD,10,5.0,5.5,6122,0.12805188598745826,False,False,False,0.0,False,False,retained
1547,6,11,ON-BD,18,9.0,9.5,3264,0.12077003843108883,False,False,False,0.0,False,False,retained
1547,6,11,ON-BD,19,9.5,10.0,22481,0.12563466527126965,False,False,False,0.0,False,False,retained
1547,6,11,ON-BD,20,10.0,10.5,24536,0.12547148388327656,False,False,False,0.0,False,False,retained
1547,6,11,ON-BD,21,10.5,11.0,17238,0.125097076913781,False,False,False,0.0,False,False,retained
1547,6,11,ON-BD,22,11.0,11.5,14122,0.12696629262730863,False,False,False,0.0,False,False,retained
1547,6,11,ON-BD,23,11.5,12.0,238,0.10514126411140388,False,False,False,0.0,False,False,retained
1547,6,11,ON-BD,24,12.0,12.5,448,0.1306153629696181,False,False,False,0.0,False,False,retained
1547,6,11,ON-BD,25,12.5,13.0,3144,0.12562553616013952,False,False,False,0.0,False,False,retained
1547,6,11,ON-BD,26,13.0,13.5,1955,0.13622694167747237,False,False,False,0.0,False,False,retained
1547,6,11,ON-BD,27,13.5,14.0,3003,0.1274242500680748,False,False,False,0.0,False,False,retained
1548,6,12,ON-SC,18,9.0,9.5,19757,0.13332310202214082,False,False,False,0.0,False,False,retained
1548,6,12,ON-SC,19,9.5,10.0,14242,0.13196165784527164,False,False,False,0.0,False,False,retained
1548,6,12,ON-SC,20,10.0,10.5,19213,0.13103264470373782,False,False,False,0.0,False,False,retained
1548,6,12,ON-SC,21,10.5,11.0,10914,0.13117185594680894,False,False,False,0.0,False,False,retained
1548,6,12,ON-SC,22,11.0,11.5,4590,0.12991524419959163,False,False,False,0.0,False,False,retained
1548,6,12,ON-SC,23,11.5,12.0,5554,0.12648856946244177,False,False,False,0.0,False,False,retained
1548,6,12,ON-SC,24,12.0,12.5,703,0.13135556305115573,False,False,False,0.0,False,False,retained
1548,6,12,ON-SC,25,12.5,13.0,1670,0.12254109290194715,False,False,False,0.0,False,False,retained
1548,6,12,ON-SC,26,13.0,13.5,8000,0.13182131026384772,False,False,False,0.0,False,False,retained
1548,6,12,ON-SC,27,13.5,14.0,9612,0.1357095773043747,False,False,False,0.0,False,False,retained
1549,6,13,ON-HN,18,9.0,9.5,20084,0.12801587848435608,False,False,False,0.0,False,False,retained
1549,6,13,ON-HN,19,9.5,10.0,22109,0.1261391707181503,False,False,False,0.0,False,False,retained
1549,6,13,ON-HN,20,10.0,10.5,24310,0.12541589888353902,False,False,False,0.0,False,False,retained
1549,6,13,ON-HN,21,10.5,11.0,13885,0.12381843843332185,False,False,False,0.0,False,False,retained
1549,6,13,ON-HN,22,11.0,11.5,6259,0.12627534565997267,False,False,False,0.0,False,False,retained
1549,6,13,ON-HN,23,11.5,12.0,9052,0.12721981741654573,False,False,False,0.0,False,False,retained
1549,6,13,ON-HN,24,12.0,12.5,1146,0.12839143961055924,False,False,False,0.0,False,False,retained
1549,6,13,ON-HN,25,12.5,13.0,2943,0.1219644603491419,False,False,False,0.0,False,False,retained
1549,6,13,ON-HN,26,13.0,13.5,7959,0.12770482799090183,False,False,False,0.0,False,False,retained
1549,6,13,ON-HN,27,13.5,14.0,9332,0.12670452496343543,False,False,False,0.0,False,False,retained
1552,6,16,ON-LA,18,9.0,9.5,20068,0.11807119393665017,False,False,False,0.0,False,False,retained
1552,6,16,ON-LA,19,9.5,10.0,22287,0.11648213806276919,False,False,False,0.0,False,False,retained
1552,6,16,ON-LA,20,10.0,10.5,24610,0.11481705989779283,False,False,False,0.0,False,False,retained
1552,6,16,ON-LA,21,10.5,11.0,13708,0.11513193886419106,False,False,False,0.0,False,False,retained
1552,6,16,ON-LA,22,11.0,11.5,6319,0.11203073353832134,False,False,False,0.0,False,False,retained
1552,6,16,ON-LA,23,11.5,12.0,10492,0.11064781214157678,False,False,False,0.0,False,False,retained
1552,6,16,ON-LA,24,12.0,12.5,1146,0.1119075599887752,False,False,False,0.0,False,False,retained
1552,6,16,ON-LA,25,12.5,13.0,3160,0.10854449325459459,False,False,False,0.0,False,False,retained
1552,6,16,ON-LA,26,13.0,13.5,8520,0.11549010338915966,False,False,False,0.0,False,False,retained
1552,6,16,ON-LA,27,13.5,14.0,8987,0.11355903690402969,False,False,False,0.0,False,False,retained
1553,6,17,ON-PT,18,9.0,9.5,16355,0.12629132291896858,False,False,False,0.0,False,False,retained
1553,6,17,ON-PT,19,9.5,10.0,21587,0.1235889952174905,False,False,False,0.0,False,False,retained
1553,6,17,ON-PT,20,10.0,10.5,24066,0.1224355419782437,False,False,False,0.0,False,False,retained
1553,6,17,ON-PT,21,10.5,11.0,13311,0.11954424025542322,False,False,False,0.0,False,False,retained
1553,6,17,ON-PT,22,11.0,11.5,6240,0.11929009234073965,False,False,False,0.0,False,False,retained
1553,6,17,ON-PT,23,11.5,12.0,10052,0.11664449469489786,False,False,False,0.0,False,False,retained
1553,6,17,ON-PT,24,12.0,12.5,1146,0.11622211022917713,False,False,False,0.0,False,False,retained
1553,6,17,ON-PT,25,12.5,13.0,3155,0.11714603880746315,False,False,False,0.0,False,False,retained
1553,6,17,ON-PT,26,13.0,13.5,8477,0.12441307268033609,False,False,False,0.0,False,False,retained
1553,6,17,ON-PT,27,13.5,14.0,9475,0.12005959889088852,False,False,False,0.0,False,False,retained
1555,6,19,ON-OV,23,11.5,12.0,2234,0.13160367263260586,False,False,False,0.0,False,False,retained
1555,6,19,ON-OV,24,12.0,12.5,1146,0.13166393542252058,False,False,False,0.0,False,False,retained
1555,6,19,ON-OV,25,12.5,13.0,3160,0.13463377516917768,False,False,False,0.0,False,False,retained
1555,6,19,ON-OV,26,13.0,13.5,8397,0.13773283098749436,False,False,False,0.0,False,False,retained
1555,6,19,ON-OV,27,13.5,14.0,9414,0.13621533039632427,False,False,False,0.0,False,False,retained
1556,6,20,ON-BR,25,12.5,13.0,2335,0.11613207399734118,False,False,False,0.0,False,False,retained
1556,6,20,ON-BR,26,13.0,13.5,7889,0.11967851451420096,False,False,False,0.0,False,False,retained
1556,6,20,ON-BR,27,13.5,14.0,9426,0.11755797800249833,False,False,False,0.0,False,False,retained
1558,6,22,ON-GB,18,9.0,9.5,19892,0.023398095198132563,False,False,False,0.0,False,False,retained
1558,6,22,ON-GB,19,9.5,10.0,22043,0.023088238167116717,False,False,False,0.0,False,False,retained
1558,6,22,ON-GB,20,10.0,10.5,24233,0.02281682891054446,False,False,False,0.0,False,False,retained
1558,6,22,ON-GB,21,10.5,11.0,14095,0.022706955658370657,False,False,False,0.0,False,False,retained
1558,6,22,ON-GB,22,11.0,11.5,6293,0.022792963439946967,False,False,False,0.0,False,False,retained
1558,6,22,ON-GB,23,11.5,12.0,10201,0.022372645135406884,False,False,False,0.0,False,False,retained
1558,6,22,ON-GB,24,12.0,12.5,1146,0.02216004869988045,False,False,False,0.0,False,False,retained
1558,6,22,ON-GB,25,12.5,13.0,3148,0.022592259735043252,False,False,False,0.0,False,False,retained
1558,6,22,ON-GB,26,13.0,13.5,8480,0.02354454324731475,False,False,False,0.0,False,False,retained
1558,6,22,ON-GB,27,13.5,14.0,9393,0.02326296218950145,False,False,False,0.0,False,False,retained
1800,7,8,SH-UR,1,0.5,1.0,448,0.14627190477908764,False,False,False,0.0,False,False,retained
1800,7,8,SH-UR,3,1.5,2.0,1061,0.14732018333322947,False,False,False,0.0,False,False,retained
1800,7,8,SH-UR,4,2.0,2.5,1740,0.1596409568959436,False,False,False,0.0,False,False,retained
1800,7,8,SH-UR,5,2.5,3.0,7082,0.1501395440131265,False,False,False,0.0,False,False,retained
1800,7,8,SH-UR,6,3.0,3.5,16243,0.1507238948299121,False,False,False,0.0,False,False,retained
1800,7,8,SH-UR,7,3.5,4.0,26551,0.15763899075714038,False,False,False,0.0,False,False,retained
1800,7,8,SH-UR,8,4.0,4.5,13141,0.16055512809293226,False,False,False,0.0,False,False,retained
1800,7,8,SH-UR,19,9.5,10.0,4367,0.16983905934149143,False,False,False,0.0,False,False,retained
1800,7,8,SH-UR,25,12.5,13.0,355,0.18647892730294727,False,False,False,0.0,False,False,retained
1800,7,8,SH-UR,27,13.5,14.0,6048,0.1958432745780693,False,False,False,0.0,False,False,retained
1801,7,9,SH-SV,3,1.5,2.0,1061,0.16218380093008364,False,False,False,0.0,False,False,retained
1801,7,9,SH-SV,4,2.0,2.5,16475,0.16441319694760778,False,False,False,0.0,False,False,retained
1801,7,9,SH-SV,5,2.5,3.0,26298,0.1633943554555914,False,False,False,0.0,False,False,retained
1801,7,9,SH-SV,6,3.0,3.5,16551,0.16443864069611583,False,False,False,0.0,False,False,retained
1801,7,9,SH-SV,7,3.5,4.0,26551,0.16494352854101227,False,False,False,0.0,False,False,retained
1801,7,9,SH-SV,8,4.0,4.5,13338,0.1656964002469825,False,False,False,0.0,False,False,retained
1801,7,9,SH-SV,18,9.0,9.5,276,0.17384680784206996,False,False,False,0.0,False,False,retained
1801,7,9,SH-SV,19,9.5,10.0,18302,0.17823944508370307,False,False,False,0.0,False,False,retained
1801,7,9,SH-SV,24,12.0,12.5,236,0.19036228827263837,False,False,False,0.0,False,False,retained
1801,7,9,SH-SV,25,12.5,13.0,982,0.19173226129148668,False,False,False,0.0,False,False,retained
1801,7,9,SH-SV,26,13.0,13.5,160,0.19942812447220687,False,False,False,0.0,False,False,retained
1801,7,9,SH-SV,27,13.5,14.0,13772,0.18968290522010162,False,False,False,0.0,False,False,retained
1802,7,10,SH-ZC,3,1.5,2.0,1064,0.15177461660589237,False,False,False,0.0,False,False,retained
1802,7,10,SH-ZC,4,2.0,2.5,11311,0.15109860695867383,False,False,False,0.0,False,False,retained
1802,7,10,SH-ZC,5,2.5,3.0,16888,0.15061074440451525,False,False,False,0.0,False,False,retained
1802,7,10,SH-ZC,6,3.0,3.5,11962,0.15066618935713724,False,False,False,0.0,False,False,retained
1802,7,10,SH-ZC,7,3.5,4.0,9825,0.1519949228496189,False,False,False,0.0,False,False,retained
1802,7,10,SH-ZC,8,4.0,4.5,8039,0.1494533537881412,False,False,False,0.0,False,False,retained
1802,7,10,SH-ZC,18,9.0,9.5,53,0.18560026039238903,False,True,False,0.0,False,True,insufficient_pairs
1802,7,10,SH-ZC,19,9.5,10.0,14606,0.16269454433570726,False,False,False,0.0,False,False,retained
1802,7,10,SH-ZC,24,12.0,12.5,236,0.18077354926245937,False,False,False,0.0,False,False,retained
1802,7,10,SH-ZC,25,12.5,13.0,1629,0.1692738182368539,False,False,False,0.0,False,False,retained
1802,7,10,SH-ZC,26,13.0,13.5,160,0.1690788333601488,False,False,False,0.0,False,False,retained
1802,7,10,SH-ZC,27,13.5,14.0,16292,0.1725032204097397,False,False,False,0.0,False,False,retained
1803,7,11,SH-BD,3,1.5,2.0,613,0.15646764571613445,False,False,False,0.0,False,False,retained
1803,7,11,SH-BD,4,2.0,2.5,16475,0.1550302239777885,False,False,False,0.0,False,False,retained
1803,7,11,SH-BD,5,2.5,3.0,26298,0.15435479316071046,False,False,False,0.0,False,False,retained
1803,7,11,SH-BD,6,3.0,3.5,16551,0.1539644812308304,False,False,False,0.0,False,False,retained
1803,7,11,SH-BD,7,3.5,4.0,26551,0.15399835076292634,False,False,False,0.0,False,False,retained
1803,7,11,SH-BD,8,4.0,4.5,13338,0.1531564015911332,False,False,False,0.0,False,False,retained
1803,7,11,SH-BD,18,9.0,9.5,276,0.1578012391493005,False,False,False,0.0,False,False,retained
1803,7,11,SH-BD,19,9.5,10.0,18302,0.16727927385492752,False,False,False,0.0,False,False,retained
1803,7,11,SH-BD,25,12.5,13.0,1626,0.17321245055214696,False,False,False,0.0,False,False,retained
1803,7,11,SH-BD,26,13.0,13.5,160,0.17952235403012234,False,False,False,0.0,False,False,retained
1803,7,11,SH-BD,27,13.5,14.0,3101,0.17758627153869855,False,False,False,0.0,False,False,retained
1804,7,12,SH-SC,18,9.0,9.5,273,0.17103333484722327,False,False,False,0.0,False,False,retained
1804,7,12,SH-SC,19,9.5,10.0,11534,0.17541505441431735,False,False,False,0.0,False,False,retained
1804,7,12,SH-SC,24,12.0,12.5,220,0.1978277725505562,False,False,False,0.0,False,False,retained
1804,7,12,SH-SC,25,12.5,13.0,876,0.18202090212040656,False,False,False,0.0,False,False,retained
1804,7,12,SH-SC,26,13.0,13.5,154,0.18817192629850643,False,False,False,0.0,False,False,retained
1804,7,12,SH-SC,27,13.5,14.0,8872,0.18688559166306248,False,False,False,0.0,False,False,retained
1805,7,13,SH-HN,18,9.0,9.5,273,0.17089376040454468,False,False,False,0.0,False,False,retained
1805,7,13,SH-HN,19,9.5,10.0,17992,0.16766185987696117,False,False,False,0.0,False,False,retained
1805,7,13,SH-HN,24,12.0,12.5,382,0.18120040263409803,False,False,False,0.0,False,False,retained
1805,7,13,SH-HN,25,12.5,13.0,1323,0.17564913924861802,False,False,False,0.0,False,False,retained
1805,7,13,SH-HN,26,13.0,13.5,154,0.174316765890656,False,False,False,0.0,False,False,retained
1805,7,13,SH-HN,27,13.5,14.0,7926,0.17605340615454684,False,False,False,0.0,False,False,retained
1808,7,16,SH-LA,18,9.0,9.5,273,0.14897591705168964,False,False,False,0.0,False,False,retained
1808,7,16,SH-LA,19,9.5,10.0,18047,0.15315664021082642,False,False,False,0.0,False,False,retained
1808,7,16,SH-LA,24,12.0,12.5,446,0.14911794494253336,False,False,False,0.0,False,False,retained
1808,7,16,SH-LA,25,12.5,13.0,1613,0.15401148977075763,False,False,False,0.0,False,False,retained
1808,7,16,SH-LA,26,13.0,13.5,155,0.15473073046255187,False,False,False,0.0,False,False,retained
1808,7,16,SH-LA,27,13.5,14.0,7720,0.15961012910350472,False,False,False,0.0,False,False,retained
1809,7,17,SH-PT,18,9.0,9.5,272,0.15354243128635284,False,False,False,0.0,False,False,retained
1809,7,17,SH-PT,19,9.5,10.0,17483,0.16309619962164376,False,False,False,0.0,False,False,retained
1809,7,17,SH-PT,24,12.0,12.5,424,0.16063083313952564,False,False,False,0.0,False,False,retained
1809,7,17,SH-PT,25,12.5,13.0,1608,0.17065731675753015,False,False,False,0.0,False,False,retained
1809,7,17,SH-PT,26,13.0,13.5,155,0.18259292655786794,False,False,False,0.0,False,False,retained
1809,7,17,SH-PT,27,13.5,14.0,8007,0.16709056546324208,False,False,False,0.0,False,False,retained
1811,7,19,SH-OV,24,12.0,12.5,446,0.19543201098766957,False,False,False,0.0,False,False,retained
1811,7,19,SH-OV,25,12.5,13.0,1613,0.19302253321954943,False,False,False,0.0,False,False,retained
1811,7,19,SH-OV,26,13.0,13.5,155,0.2042999021945167,False,False,False,0.0,False,False,retained
1811,7,19,SH-OV,27,13.5,14.0,7926,0.1870057199510487,False,False,False,0.0,False,False,retained
1812,7,20,SH-BR,25,12.5,13.0,1390,0.1655066221808046,False,False,False,0.0,False,False,retained
1812,7,20,SH-BR,26,13.0,13.5,155,0.14063614103971792,False,False,False,0.0,False,False,retained
1812,7,20,SH-BR,27,13.5,14.0,7938,0.16223031152431389,False,False,False,0.0,False,False,retained
1814,7,22,SH-GB,18,9.0,9.5,273,0.030881403316152998,False,False,False,0.0,False,False,retained
1814,7,22,SH-GB,19,9.5,10.0,17931,0.030599503027843093,False,False,False,0.0,False,False,retained
1814,7,22,SH-GB,24,12.0,12.5,296,0.03504514382023817,False,False,False,0.0,False,False,retained
1814,7,22,SH-GB,25,12.5,13.0,1607,0.032069476824933954,False,False,False,0.0,False,False,retained
1814,7,22,SH-GB,26,13.0,13.5,153,0.03127781842047225,False,False,False,0.0,False,False,retained
1814,7,22,SH-GB,27,13.5,14.0,7912,0.03229301471411465,False,False,False,0.0,False,False,retained
2057,8,9,UR-SV,2,1.0,1.5,4156,0.11059561880847617,False,False,False,0.0,False,False,retained
2057,8,9,UR-SV,3,1.5,2.0,9500,0.10947129087522611,False,False,False,0.0,False,False,retained
2057,8,9,UR-SV,4,2.0,2.5,4783,0.11062884806906884,False,False,False,0.0,False,False,retained
2057,8,9,UR-SV,5,2.5,3.0,7451,0.10926014163147867,False,False,False,0.0,False,False,retained
2057,8,9,UR-SV,6,3.0,3.5,26636,0.10817319025761182,False,False,False,0.0,False,False,retained
2057,8,9,UR-SV,7,3.5,4.0,26944,0.11427757415630839,False,False,False,0.0,False,False,retained
2057,8,9,UR-SV,8,4.0,4.5,26623,0.1132698623078764,False,False,False,0.0,False,False,retained
2057,8,9,UR-SV,9,4.5,5.0,10774,0.10843560405533942,False,False,False,0.0,False,False,retained
2057,8,9,UR-SV,10,5.0,5.5,24110,0.10865728756088815,False,False,False,0.0,False,False,retained
2057,8,9,UR-SV,18,9.0,9.5,223,0.11907831385802627,False,False,False,0.0,False,False,retained
2057,8,9,UR-SV,19,9.5,10.0,7511,0.11364773529923647,False,False,False,0.0,False,False,retained
2057,8,9,UR-SV,20,10.0,10.5,22610,0.1204491123465398,False,False,False,0.0,False,False,retained
2057,8,9,UR-SV,21,10.5,11.0,25651,0.11748221932118828,False,False,False,0.0,False,False,retained
2057,8,9,UR-SV,22,11.0,11.5,17487,0.119402184344759,False,False,False,0.0,False,False,retained
2057,8,9,UR-SV,23,11.5,12.0,38,0.1353276090084675,False,True,False,0.0,False,True,insufficient_pairs
2057,8,9,UR-SV,24,12.0,12.5,476,0.11877931870082607,False,False,False,0.0,False,False,retained
2057,8,9,UR-SV,25,12.5,13.0,1813,0.1207200386328442,False,False,False,0.0,False,False,retained
2057,8,9,UR-SV,26,13.0,13.5,5993,0.12688963973007544,False,False,False,0.0,False,False,retained
2057,8,9,UR-SV,27,13.5,14.0,6368,0.12378746989232661,False,False,False,0.0,False,False,retained
2058,8,10,UR-ZC,2,1.0,1.5,4201,0.1000221036496137,False,False,False,0.0,False,False,retained
2058,8,10,UR-ZC,3,1.5,2.0,8348,0.10237406927253166,False,False,False,0.0,False,False,retained
2058,8,10,UR-ZC,4,2.0,2.5,4783,0.10191491472278717,False,False,False,0.0,False,False,retained
2058,8,10,UR-ZC,5,2.5,3.0,7346,0.09976260539714697,False,False,False,0.0,False,False,retained
2058,8,10,UR-ZC,6,3.0,3.5,17149,0.1010779367842799,False,False,False,0.0,False,False,retained
2058,8,10,UR-ZC,7,3.5,4.0,9998,0.10556713611463733,False,False,False,0.0,False,False,retained
2058,8,10,UR-ZC,8,4.0,4.5,17445,0.10504078507243982,False,False,False,0.0,False,False,retained
2058,8,10,UR-ZC,9,4.5,5.0,7192,0.0979276889082242,False,False,False,0.0,False,False,retained
2058,8,10,UR-ZC,10,5.0,5.5,24087,0.09982315521656576,False,False,False,0.0,False,False,retained
2058,8,10,UR-ZC,11,5.5,6.0,2710,0.10282776132382253,False,False,False,0.0,False,False,retained
2058,8,10,UR-ZC,18,9.0,9.5,223,0.10726592009447472,False,False,False,0.0,False,False,retained
2058,8,10,UR-ZC,19,9.5,10.0,7314,0.1041307867778802,False,False,False,0.0,False,False,retained
2058,8,10,UR-ZC,20,10.0,10.5,12634,0.11435395799061478,False,False,False,0.0,False,False,retained
2058,8,10,UR-ZC,21,10.5,11.0,864,0.10698266367395107,False,False,False,0.0,False,False,retained
2058,8,10,UR-ZC,22,11.0,11.5,1908,0.10948100369855968,False,False,False,0.0,False,False,retained
2058,8,10,UR-ZC,23,11.5,12.0,238,0.12483248362803347,False,False,False,0.0,False,False,retained
2058,8,10,UR-ZC,24,12.0,12.5,672,0.14162736908746906,False,False,False,0.0,False,False,retained
2058,8,10,UR-ZC,25,12.5,13.0,2430,0.1117994401291579,False,False,False,0.0,False,False,retained
2058,8,10,UR-ZC,26,13.0,13.5,7149,0.11464936733963144,False,False,False,0.0,False,False,retained
2058,8,10,UR-ZC,27,13.5,14.0,7561,0.11322575683583122,False,False,False,0.0,False,False,retained
2059,8,11,UR-BD,2,1.0,1.5,13,0.13445060275288084,False,True,False,0.0,False,True,insufficient_pairs
2059,8,11,UR-BD,3,1.5,2.0,3430,0.10449269948299977,False,False,False,0.0,False,False,retained
2059,8,11,UR-BD,4,2.0,2.5,4595,0.10267759400930405,False,False,False,0.0,False,False,retained
2059,8,11,UR-BD,5,2.5,3.0,7451,0.10140670527844495,False,False,False,0.0,False,False,retained
2059,8,11,UR-BD,6,3.0,3.5,26636,0.10311285228385926,False,False,False,0.0,False,False,retained
2059,8,11,UR-BD,7,3.5,4.0,26944,0.10763329133938579,False,False,False,0.0,False,False,retained
2059,8,11,UR-BD,8,4.0,4.5,24895,0.10648751470602259,False,False,False,0.0,False,False,retained
2059,8,11,UR-BD,9,4.5,5.0,5941,0.10273097580565929,False,False,False,0.0,False,False,retained
2059,8,11,UR-BD,10,5.0,5.5,6122,0.10380958449170034,False,False,False,0.0,False,False,retained
2059,8,11,UR-BD,19,9.5,10.0,7511,0.10685492715279239,False,False,False,0.0,False,False,retained
2059,8,11,UR-BD,20,10.0,10.5,22445,0.11137829547780989,False,False,False,0.0,False,False,retained
2059,8,11,UR-BD,21,10.5,11.0,23036,0.10975257811287491,False,False,False,0.0,False,False,retained
2059,8,11,UR-BD,22,11.0,11.5,16069,0.11108173483130489,False,False,False,0.0,False,False,retained
2059,8,11,UR-BD,23,11.5,12.0,238,0.12561570436428515,False,False,False,0.0,False,False,retained
2059,8,11,UR-BD,25,12.5,13.0,355,0.10679887206514838,False,False,False,0.0,False,False,retained
2059,8,11,UR-BD,26,13.0,13.5,683,0.11318872490983849,False,False,False,0.0,False,False,retained
2059,8,11,UR-BD,27,13.5,14.0,1660,0.11728634689255682,False,False,False,0.0,False,False,retained
2060,8,12,UR-SC,18,9.0,9.5,223,0.10458259983559651,False,False,False,0.0,False,False,retained
2060,8,12,UR-SC,19,9.5,10.0,4885,0.11062695187459383,False,False,False,0.0,False,False,retained
2060,8,12,UR-SC,20,10.0,10.5,17292,0.11844399315343963,False,False,False,0.0,False,False,retained
2060,8,12,UR-SC,21,10.5,11.0,13756,0.11404324351751462,False,False,False,0.0,False,False,retained
2060,8,12,UR-SC,22,11.0,11.5,3303,0.11424876941904295,False,False,False,0.0,False,False,retained
2060,8,12,UR-SC,25,12.5,13.0,132,0.10096902461386209,False,False,False,0.0,False,False,retained
2060,8,12,UR-SC,26,13.0,13.5,6475,0.12000376433922684,False,False,False,0.0,False,False,retained
2060,8,12,UR-SC,27,13.5,14.0,3505,0.12358507248073475,False,False,False,0.0,False,False,retained
2061,8,13,UR-HN,18,9.0,9.5,223,0.11105185671508175,False,False,False,0.0,False,False,retained
2061,8,13,UR-HN,19,9.5,10.0,7361,0.10611104941799089,False,False,False,0.0,False,False,retained
2061,8,13,UR-HN,20,10.0,10.5,21878,0.11197993046904611,False,False,False,0.0,False,False,retained
2061,8,13,UR-HN,21,10.5,11.0,17374,0.10915492740176665,False,False,False,0.0,False,False,retained
2061,8,13,UR-HN,22,11.0,11.5,5050,0.11116283055363645,False,False,False,0.0,False,False,retained
2061,8,13,UR-HN,25,12.5,13.0,341,0.11202427449739955,False,False,False,0.0,False,False,retained
2061,8,13,UR-HN,26,13.0,13.5,6708,0.11593073160862719,False,False,False,0.0,False,False,retained
2061,8,13,UR-HN,27,13.5,14.0,3027,0.11659151388617467,False,False,False,0.0,False,False,retained
2064,8,16,UR-LA,18,9.0,9.5,223,0.09999407087829627,False,False,False,0.0,False,False,retained
2064,8,16,UR-LA,19,9.5,10.0,7389,0.09701170382752332,False,False,False,0.0,False,False,retained
2064,8,16,UR-LA,20,10.0,10.5,22233,0.10134721168781453,False,False,False,0.0,False,False,retained
2064,8,16,UR-LA,21,10.5,11.0,17044,0.09887541762811727,False,False,False,0.0,False,False,retained
2064,8,16,UR-LA,22,11.0,11.5,5055,0.10003205769053734,False,False,False,0.0,False,False,retained
2064,8,16,UR-LA,23,11.5,12.0,13,0.1185193942339384,False,True,False,0.0,False,True,insufficient_pairs
2064,8,16,UR-LA,25,12.5,13.0,355,0.09401197225151346,False,False,False,0.0,False,False,retained
2064,8,16,UR-LA,26,13.0,13.5,6990,0.1051636541729488,False,False,False,0.0,False,False,retained
2064,8,16,UR-LA,27,13.5,14.0,3079,0.10192557304751813,False,False,False,0.0,False,False,retained
2065,8,17,UR-PT,18,9.0,9.5,222,0.11300112322377774,False,False,False,0.0,False,False,retained
2065,8,17,UR-PT,19,9.5,10.0,7132,0.10080652168100677,False,False,False,0.0,False,False,retained
2065,8,17,UR-PT,20,10.0,10.5,21776,0.10618602360000337,False,False,False,0.0,False,False,retained
2065,8,17,UR-PT,21,10.5,11.0,16541,0.10390377901298639,False,False,False,0.0,False,False,retained
2065,8,17,UR-PT,22,11.0,11.5,5008,0.10484839151163988,False,False,False,0.0,False,False,retained
2065,8,17,UR-PT,25,12.5,13.0,355,0.09767333439018287,False,False,False,0.0,False,False,retained
2065,8,17,UR-PT,26,13.0,13.5,6952,0.11115963985398153,False,False,False,0.0,False,False,retained
2065,8,17,UR-PT,27,13.5,14.0,3101,0.10688015377474444,False,False,False,0.0,False,False,retained
2067,8,19,UR-OV,25,12.5,13.0,355,0.1155303846245088,False,False,False,0.0,False,False,retained
2067,8,19,UR-OV,26,13.0,13.5,6870,0.12248930714688404,False,False,False,0.0,False,False,retained
2067,8,19,UR-OV,27,13.5,14.0,3075,0.12261520902385595,False,False,False,0.0,False,False,retained
2068,8,20,UR-BR,25,12.5,13.0,355,0.1040859122969986,False,False,False,0.0,False,False,retained
2068,8,20,UR-BR,26,13.0,13.5,6465,0.10942159870965783,False,False,False,0.0,False,False,retained
2068,8,20,UR-BR,27,13.5,14.0,3078,0.10866443323480807,False,False,False,0.0,False,False,retained
2070,8,22,UR-GB,18,9.0,9.5,223,0.01790635985306434,False,False,False,0.0,False,False,retained
2070,8,22,UR-GB,19,9.5,10.0,7361,0.019407711180457532,False,False,False,0.0,False,False,retained
2070,8,22,UR-GB,20,10.0,10.5,21814,0.020393647004978695,False,False,False,0.0,False,False,retained
2070,8,22,UR-GB,21,10.5,11.0,17496,0.01997498643685045,False,False,False,0.0,False,False,retained
2070,8,22,UR-GB,22,11.0,11.5,5039,0.020150168906349627,False,False,False,0.0,False,False,retained
2070,8,22,UR-GB,23,11.5,12.0,13,0.019557388001814308,False,True,False,0.0,False,True,insufficient_pairs
2070,8,22,UR-GB,25,12.5,13.0,355,0.020270226535603664,False,False,False,0.0,False,False,retained
2070,8,22,UR-GB,26,13.0,13.5,6960,0.021162636246420948,False,False,False,0.0,False,False,retained
2070,8,22,UR-GB,27,13.5,14.0,3067,0.021171083062168767,False,False,False,0.0,False,False,retained
2314,9,10,SV-ZC,2,1.0,1.5,26212,0.10866716832587484,False,False,False,0.0,False,False,retained
2314,9,10,SV-ZC,3,1.5,2.0,17531,0.10971195623184493,False,False,False,0.0,False,False,retained
2314,9,10,SV-ZC,4,2.0,2.5,17665,0.10890023351012884,False,False,False,0.0,False,False,retained
2314,9,10,SV-ZC,5,2.5,3.0,17307,0.10897252004618573,False,False,False,0.0,False,False,retained
2314,9,10,SV-ZC,6,3.0,3.5,17303,0.10880984670171055,False,False,False,0.0,False,False,retained
2314,9,10,SV-ZC,7,3.5,4.0,9998,0.10880961468507996,False,False,False,0.0,False,False,retained
2314,9,10,SV-ZC,8,4.0,4.5,13199,0.11309173218469269,False,False,False,0.0,False,False,retained
2314,9,10,SV-ZC,9,4.5,5.0,7015,0.110300098016808,False,False,False,0.0,False,False,retained
2314,9,10,SV-ZC,10,5.0,5.5,25826,0.11002568815807554,False,False,False,0.0,False,False,retained
2314,9,10,SV-ZC,16,8.0,8.5,6811,0.10956012637995062,False,False,False,0.0,False,False,retained
2314,9,10,SV-ZC,17,8.5,9.0,22102,0.1095106825620917,False,False,False,0.0,False,False,retained
2314,9,10,SV-ZC,18,9.0,9.5,14534,0.10937207168809922,False,False,False,0.0,False,False,retained
2314,9,10,SV-ZC,19,9.5,10.0,21044,0.10901796725951432,False,False,False,0.0,False,False,retained
2314,9,10,SV-ZC,20,10.0,10.5,16951,0.10919595118999541,False,False,False,0.0,False,False,retained
2314,9,10,SV-ZC,21,10.5,11.0,1075,0.10583995235282904,False,False,False,0.0,False,False,retained
2314,9,10,SV-ZC,22,11.0,11.5,5190,0.10908997602385556,False,False,False,0.0,False,False,retained
2314,9,10,SV-ZC,23,11.5,12.0,19968,0.10875932643337549,False,False,False,0.0,False,False,retained
2314,9,10,SV-ZC,24,12.0,12.5,9808,0.1090805360635481,False,False,False,0.0,False,False,retained
2314,9,10,SV-ZC,25,12.5,13.0,21405,0.10892436935464049,False,False,False,0.0,False,False,retained
2314,9,10,SV-ZC,26,13.0,13.5,19553,0.10917534148134034,False,False,False,0.0,False,False,retained
2314,9,10,SV-ZC,27,13.5,14.0,19457,0.10940550577860424,False,False,False,0.0,False,False,retained
2315,9,11,SV-BD,2,1.0,1.5,940,0.11093424834235464,False,False,False,0.0,False,False,retained
2315,9,11,SV-BD,3,1.5,2.0,7077,0.11088418477731317,False,False,False,0.0,False,False,retained
2315,9,11,SV-BD,4,2.0,2.5,26570,0.11207273974714678,False,False,False,0.0,False,False,retained
2315,9,11,SV-BD,5,2.5,3.0,26944,0.11158118096938921,False,False,False,0.0,False,False,retained
2315,9,11,SV-BD,6,3.0,3.5,26944,0.1119559050901462,False,False,False,0.0,False,False,retained
2315,9,11,SV-BD,7,3.5,4.0,26944,0.11207359624540707,False,False,False,0.0,False,False,retained
2315,9,11,SV-BD,8,4.0,4.5,25092,0.11168991642808956,False,False,False,0.0,False,False,retained
2315,9,11,SV-BD,9,4.5,5.0,5545,0.10933022732464734,False,False,False,0.0,False,False,retained
2315,9,11,SV-BD,10,5.0,5.5,6122,0.11053306849072542,False,False,False,0.0,False,False,retained
2315,9,11,SV-BD,18,9.0,9.5,5717,0.10945266557630733,False,False,False,0.0,False,False,retained
2315,9,11,SV-BD,19,9.5,10.0,26539,0.11205492427141321,False,False,False,0.0,False,False,retained
2315,9,11,SV-BD,20,10.0,10.5,26206,0.11167319354336339,False,False,False,0.0,False,False,retained
2315,9,11,SV-BD,21,10.5,11.0,20888,0.1131357673902779,False,False,False,0.0,False,False,retained
2315,9,11,SV-BD,22,11.0,11.5,15978,0.11285384894311283,False,False,False,0.0,False,False,retained
2315,9,11,SV-BD,23,11.5,12.0,118,0.11584921157615188,False,False,False,0.0,False,False,retained
2315,9,11,SV-BD,24,12.0,12.5,448,0.11068926795973004,False,False,False,0.0,False,False,retained
2315,9,11,SV-BD,25,12.5,13.0,2067,0.11279452185939551,False,False,False,0.0,False,False,retained
2315,9,11,SV-BD,26,13.0,13.5,1416,0.11391170711304846,False,False,False,0.0,False,False,retained
2315,9,11,SV-BD,27,13.5,14.0,3058,0.1103489754886982,False,False,False,0.0,False,False,retained
2316,9,12,SV-SC,18,9.0,9.5,25961,0.11796425367270806,False,False,False,0.0,False,False,retained
2316,9,12,SV-SC,19,9.5,10.0,17599,0.11717680394482996,False,False,False,0.0,False,False,retained
2316,9,12,SV-SC,20,10.0,10.5,20571,0.11750014357990655,False,False,False,0.0,False,False,retained
2316,9,12,SV-SC,21,10.5,11.0,14072,0.1161694282861224,False,False,False,0.0,False,False,retained
2316,9,12,SV-SC,22,11.0,11.5,4470,0.11608376985804984,False,False,False,0.0,False,False,retained
2316,9,12,SV-SC,23,11.5,12.0,5449,0.11603420657094168,False,False,False,0.0,False,False,retained
2316,9,12,SV-SC,24,12.0,12.5,550,0.1174165618443626,False,False,False,0.0,False,False,retained
2316,9,12,SV-SC,25,12.5,13.0,1021,0.11919346468159896,False,False,False,0.0,False,False,retained
2316,9,12,SV-SC,26,13.0,13.5,6402,0.11423276159189956,False,False,False,0.0,False,False,retained
2316,9,12,SV-SC,27,13.5,14.0,8944,0.11842504752108184,False,False,False,0.0,False,False,retained
2317,9,13,SV-HN,18,9.0,9.5,26388,0.1126896053099366,False,False,False,0.0,False,False,retained
2317,9,13,SV-HN,19,9.5,10.0,26077,0.1124122934393508,False,False,False,0.0,False,False,retained
2317,9,13,SV-HN,20,10.0,10.5,26011,0.1124018621118741,False,False,False,0.0,False,False,retained
2317,9,13,SV-HN,21,10.5,11.0,17827,0.11248382905625327,False,False,False,0.0,False,False,retained
2317,9,13,SV-HN,22,11.0,11.5,6171,0.11374185330015396,False,False,False,0.0,False,False,retained
2317,9,13,SV-HN,23,11.5,12.0,8765,0.11666574460986436,False,False,False,0.0,False,False,retained
2317,9,13,SV-HN,24,12.0,12.5,1084,0.1076342596396509,False,False,False,0.0,False,False,retained
2317,9,13,SV-HN,25,12.5,13.0,2090,0.11145890572079792,False,False,False,0.0,False,False,retained
2317,9,13,SV-HN,26,13.0,13.5,6515,0.1103176723693693,False,False,False,0.0,False,False,retained
2317,9,13,SV-HN,27,13.5,14.0,8359,0.11017297215855047,False,False,False,0.0,False,False,retained
2320,9,16,SV-LA,18,9.0,9.5,26372,0.10336183829120854,False,False,False,0.0,False,False,retained
2320,9,16,SV-LA,19,9.5,10.0,26319,0.10187248439160163,False,False,False,0.0,False,False,retained
2320,9,16,SV-LA,20,10.0,10.5,26370,0.10150284287791496,False,False,False,0.0,False,False,retained
2320,9,16,SV-LA,21,10.5,11.0,17662,0.10060595537180142,False,False,False,0.0,False,False,retained
2320,9,16,SV-LA,22,11.0,11.5,6231,0.10074080199713813,False,False,False,0.0,False,False,retained
2320,9,16,SV-LA,23,11.5,12.0,10137,0.0990228604610707,False,False,False,0.0,False,False,retained
2320,9,16,SV-LA,24,12.0,12.5,1097,0.10166511667920212,False,False,False,0.0,False,False,retained
2320,9,16,SV-LA,25,12.5,13.0,2090,0.09710323157530609,False,False,False,0.0,False,False,retained
2320,9,16,SV-LA,26,13.0,13.5,6917,0.10175785960896876,False,False,False,0.0,False,False,retained
2320,9,16,SV-LA,27,13.5,14.0,8196,0.09789453335643726,False,False,False,0.0,False,False,retained
2321,9,17,SV-PT,18,9.0,9.5,22511,0.10962961448592479,False,False,False,0.0,False,False,retained
2321,9,17,SV-PT,19,9.5,10.0,25491,0.10881988555999676,False,False,False,0.0,False,False,retained
2321,9,17,SV-PT,20,10.0,10.5,25826,0.10725568277750847,False,False,False,0.0,False,False,retained
2321,9,17,SV-PT,21,10.5,11.0,17152,0.10677992895683826,False,False,False,0.0,False,False,retained
2321,9,17,SV-PT,22,11.0,11.5,6156,0.10668075849426985,False,False,False,0.0,False,False,retained
2321,9,17,SV-PT,23,11.5,12.0,9716,0.104873068881148,False,False,False,0.0,False,False,retained
2321,9,17,SV-PT,24,12.0,12.5,1062,0.1014716625074634,False,False,False,0.0,False,False,retained
2321,9,17,SV-PT,25,12.5,13.0,2085,0.10548073986111142,False,False,False,0.0,False,False,retained
2321,9,17,SV-PT,26,13.0,13.5,6880,0.10679962598006307,False,False,False,0.0,False,False,retained
2321,9,17,SV-PT,27,13.5,14.0,8525,0.1049539442046251,False,False,False,0.0,False,False,retained
2323,9,19,SV-OV,23,11.5,12.0,2146,0.12039386824092002,False,False,False,0.0,False,False,retained
2323,9,19,SV-OV,24,12.0,12.5,1084,0.1186969247635054,False,False,False,0.0,False,False,retained
2323,9,19,SV-OV,25,12.5,13.0,2090,0.12438156188401345,False,False,False,0.0,False,False,retained
2323,9,19,SV-OV,26,13.0,13.5,6799,0.11774834472224702,False,False,False,0.0,False,False,retained
2323,9,19,SV-OV,27,13.5,14.0,8407,0.11809174878791977,False,False,False,0.0,False,False,retained
2324,9,20,SV-BR,25,12.5,13.0,1803,0.10250711762310075,False,False,False,0.0,False,False,retained
2324,9,20,SV-BR,26,13.0,13.5,6479,0.10495452029514413,False,False,False,0.0,False,False,retained
2324,9,20,SV-BR,27,13.5,14.0,8418,0.10293657267166076,False,False,False,0.0,False,False,retained
2326,9,22,SV-GB,18,9.0,9.5,26148,0.02052314896725518,False,False,False,0.0,False,False,retained
2326,9,22,SV-GB,19,9.5,10.0,26043,0.020566039533060628,False,False,False,0.0,False,False,retained
2326,9,22,SV-GB,20,10.0,10.5,25934,0.020472990488955494,False,False,False,0.0,False,False,retained
2326,9,22,SV-GB,21,10.5,11.0,18114,0.020384625154460517,False,False,False,0.0,False,False,retained
2326,9,22,SV-GB,22,11.0,11.5,6205,0.020305087504365646,False,False,False,0.0,False,False,retained
2326,9,22,SV-GB,23,11.5,12.0,9847,0.020309971621679204,False,False,False,0.0,False,False,retained
2326,9,22,SV-GB,24,12.0,12.5,1084,0.020119578251153326,False,False,False,0.0,False,False,retained
2326,9,22,SV-GB,25,12.5,13.0,2081,0.020427034805782597,False,False,False,0.0,False,False,retained
2326,9,22,SV-GB,26,13.0,13.5,6887,0.020290153413756666,False,False,False,0.0,False,False,retained
2326,9,22,SV-GB,27,13.5,14.0,8391,0.020211712831146457,False,False,False,0.0,False,False,retained
2571,10,11,ZC-BD,2,1.0,1.5,940,0.10376637425350771,False,False,False,0.0,False,False,retained
2571,10,11,ZC-BD,3,1.5,2.0,6037,0.10175621594973774,False,False,False,0.0,False,False,retained
2571,10,11,ZC-BD,4,2.0,2.5,17430,0.10242298649675344,False,False,False,0.0,False,False,retained
2571,10,11,ZC-BD,5,2.5,3.0,17307,0.10234620584383863,False,False,False,0.0,False,False,retained
2571,10,11,ZC-BD,6,3.0,3.5,17303,0.10298081789499597,False,False,False,0.0,False,False,retained
2571,10,11,ZC-BD,7,3.5,4.0,9998,0.10336480726976428,False,False,False,0.0,False,False,retained
2571,10,11,ZC-BD,8,4.0,4.5,16157,0.10281408407114916,False,False,False,0.0,False,False,retained
2571,10,11,ZC-BD,9,4.5,5.0,3555,0.10066661160214854,False,False,False,0.0,False,False,retained
2571,10,11,ZC-BD,10,5.0,5.5,6122,0.10157355059484993,False,False,False,0.0,False,False,retained
2571,10,11,ZC-BD,18,9.0,9.5,633,0.1052484235531482,False,False,False,0.0,False,False,retained
2571,10,11,ZC-BD,19,9.5,10.0,20952,0.10289373082641387,False,False,False,0.0,False,False,retained
2571,10,11,ZC-BD,20,10.0,10.5,16648,0.10246715049020194,False,False,False,0.0,False,False,retained
2571,10,11,ZC-BD,21,10.5,11.0,627,0.10043133687882143,False,False,False,0.0,False,False,retained
2571,10,11,ZC-BD,22,11.0,11.5,1533,0.10202075679970714,False,False,False,0.0,False,False,retained
2571,10,11,ZC-BD,23,11.5,12.0,238,0.10046066877200112,False,False,False,0.0,False,False,retained
2571,10,11,ZC-BD,24,12.0,12.5,448,0.10527389598677821,False,False,False,0.0,False,False,retained
2571,10,11,ZC-BD,25,12.5,13.0,3144,0.10127220567146651,False,False,False,0.0,False,False,retained
2571,10,11,ZC-BD,26,13.0,13.5,1955,0.10388385729257163,False,False,False,0.0,False,False,retained
2571,10,11,ZC-BD,27,13.5,14.0,2589,0.10149497973528394,False,False,False,0.0,False,False,retained
2572,10,12,ZC-SC,18,9.0,9.5,14264,0.1084620119345098,False,False,False,0.0,False,False,retained
2572,10,12,ZC-SC,19,9.5,10.0,14071,0.1063297564065143,False,False,False,0.0,False,False,retained
2572,10,12,ZC-SC,20,10.0,10.5,13750,0.10701284691517525,False,False,False,0.0,False,False,retained
2572,10,12,ZC-SC,21,10.5,11.0,619,0.10699568511467233,False,False,False,0.0,False,False,retained
2572,10,12,ZC-SC,22,11.0,11.5,691,0.10454224100607912,False,False,False,0.0,False,False,retained
2572,10,12,ZC-SC,23,11.5,12.0,4718,0.10508175356548262,False,False,False,0.0,False,False,retained
2572,10,12,ZC-SC,24,12.0,12.5,1088,0.10704537241025397,False,False,False,0.0,False,False,retained
2572,10,12,ZC-SC,25,12.5,13.0,1674,0.10189357870992112,False,False,False,0.0,False,False,retained
2572,10,12,ZC-SC,26,13.0,13.5,7918,0.10528467053007388,False,False,False,0.0,False,False,retained
2572,10,12,ZC-SC,27,13.5,14.0,8738,0.10663894375409821,False,False,False,0.0,False,False,retained
2573,10,13,ZC-HN,18,9.0,9.5,14290,0.10302655225269487,False,False,False,0.0,False,False,retained
2573,10,13,ZC-HN,19,9.5,10.0,20703,0.10215486668225283,False,False,False,0.0,False,False,retained
2573,10,13,ZC-HN,20,10.0,10.5,16580,0.10240697061402611,False,False,False,0.0,False,False,retained
2573,10,13,ZC-HN,21,10.5,11.0,555,0.09672829735683751,False,False,False,0.0,False,False,retained
2573,10,13,ZC-HN,22,11.0,11.5,701,0.10077391713239293,False,False,False,0.0,False,False,retained
2573,10,13,ZC-HN,23,11.5,12.0,7174,0.10548548523238699,False,False,False,0.0,False,False,retained
2573,10,13,ZC-HN,24,12.0,12.5,1728,0.10037400710487612,False,False,False,0.0,False,False,retained
2573,10,13,ZC-HN,25,12.5,13.0,2947,0.10116927629115478,False,False,False,0.0,False,False,retained
2573,10,13,ZC-HN,26,13.0,13.5,7876,0.10172222686070702,False,False,False,0.0,False,False,retained
2573,10,13,ZC-HN,27,13.5,14.0,8637,0.1018762735863607,False,False,False,0.0,False,False,retained
2576,10,16,ZC-LA,18,9.0,9.5,14273,0.09544911028717605,False,False,False,0.0,False,False,retained
2576,10,16,ZC-LA,19,9.5,10.0,20777,0.09414600810851503,False,False,False,0.0,False,False,retained
2576,10,16,ZC-LA,20,10.0,10.5,16693,0.09325912259940823,False,False,False,0.0,False,False,retained
2576,10,16,ZC-LA,21,10.5,11.0,674,0.08803963916862552,False,False,False,0.0,False,False,retained
2576,10,16,ZC-LA,22,11.0,11.5,702,0.0921243204496541,False,False,False,0.0,False,False,retained
2576,10,16,ZC-LA,23,11.5,12.0,8614,0.0911743576230989,False,False,False,0.0,False,False,retained
2576,10,16,ZC-LA,24,12.0,12.5,1741,0.0899891567706008,False,False,False,0.0,False,False,retained
2576,10,16,ZC-LA,25,12.5,13.0,3165,0.08988466871071421,False,False,False,0.0,False,False,retained
2576,10,16,ZC-LA,26,13.0,13.5,8439,0.09123551835020567,False,False,False,0.0,False,False,retained
2576,10,16,ZC-LA,27,13.5,14.0,8289,0.09056217096246025,False,False,False,0.0,False,False,retained
2577,10,17,ZC-PT,18,9.0,9.5,10885,0.1014881617979617,False,False,False,0.0,False,False,retained
2577,10,17,ZC-PT,19,9.5,10.0,20117,0.10043158989295,False,False,False,0.0,False,False,retained
2577,10,17,ZC-PT,20,10.0,10.5,16327,0.09848879881031278,False,False,False,0.0,False,False,retained
2577,10,17,ZC-PT,21,10.5,11.0,659,0.09804580302667643,False,False,False,0.0,False,False,retained
2577,10,17,ZC-PT,22,11.0,11.5,681,0.1012283789168189,False,False,False,0.0,False,False,retained
2577,10,17,ZC-PT,23,11.5,12.0,8203,0.0966450743061845,False,False,False,0.0,False,False,retained
2577,10,17,ZC-PT,24,12.0,12.5,1676,0.09556697032546127,False,False,False,0.0,False,False,retained
2577,10,17,ZC-PT,25,12.5,13.0,3158,0.09624198238588064,False,False,False,0.0,False,False,retained
2577,10,17,ZC-PT,26,13.0,13.5,8396,0.09668074566232442,False,False,False,0.0,False,False,retained
2577,10,17,ZC-PT,27,13.5,14.0,8790,0.09533806226408008,False,False,False,0.0,False,False,retained
2579,10,19,ZC-OV,23,11.5,12.0,2126,0.10931298793724599,False,False,False,0.0,False,False,retained
2579,10,19,ZC-OV,24,12.0,12.5,1728,0.10917524304620112,False,False,False,0.0,False,False,retained
2579,10,19,ZC-OV,25,12.5,13.0,3165,0.1070854476955598,False,False,False,0.0,False,False,retained
2579,10,19,ZC-OV,26,13.0,13.5,8316,0.10788583178542488,False,False,False,0.0,False,False,retained
2579,10,19,ZC-OV,27,13.5,14.0,8719,0.10785980995940898,False,False,False,0.0,False,False,retained
2580,10,20,ZC-BR,25,12.5,13.0,2340,0.09339670010561384,False,False,False,0.0,False,False,retained
2580,10,20,ZC-BR,26,13.0,13.5,7807,0.09444837992225627,False,False,False,0.0,False,False,retained
2580,10,20,ZC-BR,27,13.5,14.0,8729,0.09340831973320132,False,False,False,0.0,False,False,retained
2582,10,22,ZC-GB,18,9.0,9.5,14125,0.018918643229607054,False,False,False,0.0,False,False,retained
2582,10,22,ZC-GB,19,9.5,10.0,20671,0.018526181163027105,False,False,False,0.0,False,False,retained
2582,10,22,ZC-GB,20,10.0,10.5,16527,0.018622697178514676,False,False,False,0.0,False,False,retained
2582,10,22,ZC-GB,21,10.5,11.0,670,0.019109155526770182,False,False,False,0.0,False,False,retained
2582,10,22,ZC-GB,22,11.0,11.5,700,0.01857307493458863,False,False,False,0.0,False,False,retained
2582,10,22,ZC-GB,23,11.5,12.0,8326,0.018728111661859448,False,False,False,0.0,False,False,retained
2582,10,22,ZC-GB,24,12.0,12.5,1728,0.019071349104456868,False,False,False,0.0,False,False,retained
2582,10,22,ZC-GB,25,12.5,13.0,3153,0.018834565078349744,False,False,False,0.0,False,False,retained
2582,10,22,ZC-GB,26,13.0,13.5,8399,0.01857239018215607,False,False,False,0.0,False,False,retained
2582,10,22,ZC-GB,27,13.5,14.0,8700,0.0186428191706872,False,False,False,0.0,False,False,retained
2828,11,12,BD-SC,18,9.0,9.5,5629,0.10793064462395344,False,False,False,0.0,False,False,retained
2828,11,12,BD-SC,19,9.5,10.0,17599,0.10976317151485658,False,False,False,0.0,False,False,retained
2828,11,12,BD-SC,20,10.0,10.5,20113,0.10979199069479592,False,False,False,0.0,False,False,retained
2828,11,12,BD-SC,21,10.5,11.0,11679,0.10986115287229065,False,False,False,0.0,False,False,retained
2828,11,12,BD-SC,22,11.0,11.5,3189,0.1076787059950884,False,False,False,0.0,False,False,retained
2828,11,12,BD-SC,24,12.0,12.5,13,0.09007683579216257,False,True,False,0.0,False,True,insufficient_pairs
2828,11,12,BD-SC,25,12.5,13.0,1398,0.10599285570245502,False,False,False,0.0,False,False,retained
2828,11,12,BD-SC,26,13.0,13.5,947,0.11060693873288562,False,False,False,0.0,False,False,retained
2828,11,12,BD-SC,27,13.5,14.0,2820,0.11100353596296421,False,False,False,0.0,False,False,retained
2829,11,13,BD-HN,18,9.0,9.5,5636,0.10711093070815084,False,False,False,0.0,False,False,retained
2829,11,13,BD-HN,19,9.5,10.0,25985,0.10627451567944468,False,False,False,0.0,False,False,retained
2829,11,13,BD-HN,20,10.0,10.5,25460,0.10457267807317777,False,False,False,0.0,False,False,retained
2829,11,13,BD-HN,21,10.5,11.0,15281,0.10537789440262726,False,False,False,0.0,False,False,retained
2829,11,13,BD-HN,22,11.0,11.5,4840,0.10713738465020142,False,False,False,0.0,False,False,retained
2829,11,13,BD-HN,24,12.0,12.5,13,0.07673500730057167,False,True,False,0.0,False,True,insufficient_pairs
2829,11,13,BD-HN,25,12.5,13.0,2620,0.10664041325231488,False,False,False,0.0,False,False,retained
2829,11,13,BD-HN,26,13.0,13.5,948,0.10475256774305398,False,False,False,0.0,False,False,retained
2829,11,13,BD-HN,27,13.5,14.0,2623,0.1041552498699047,False,False,False,0.0,False,False,retained
2832,11,16,BD-LA,18,9.0,9.5,5636,0.095318026260823,False,False,False,0.0,False,False,retained
2832,11,16,BD-LA,19,9.5,10.0,26107,0.09651560852554483,False,False,False,0.0,False,False,retained
2832,11,16,BD-LA,20,10.0,10.5,25774,0.09562357259565156,False,False,False,0.0,False,False,retained
2832,11,16,BD-LA,21,10.5,11.0,14992,0.09633999168553382,False,False,False,0.0,False,False,retained
2832,11,16,BD-LA,22,11.0,11.5,4845,0.09456541342319426,False,False,False,0.0,False,False,retained
2832,11,16,BD-LA,23,11.5,12.0,13,0.10155410798932445,False,True,False,0.0,False,True,insufficient_pairs
2832,11,16,BD-LA,24,12.0,12.5,13,0.10455325346002278,False,True,False,0.0,False,True,insufficient_pairs
2832,11,16,BD-LA,25,12.5,13.0,2837,0.09054433757887427,False,False,False,0.0,False,False,retained
2832,11,16,BD-LA,26,13.0,13.5,949,0.09842600895930094,False,False,False,0.0,False,False,retained
2832,11,16,BD-LA,27,13.5,14.0,2623,0.09203572977834884,False,False,False,0.0,False,False,retained
2833,11,17,BD-PT,18,9.0,9.5,5437,0.10051249775142126,False,False,False,0.0,False,False,retained
2833,11,17,BD-PT,19,9.5,10.0,25290,0.10266784739687405,False,False,False,0.0,False,False,retained
2833,11,17,BD-PT,20,10.0,10.5,25247,0.10020858565053213,False,False,False,0.0,False,False,retained
2833,11,17,BD-PT,21,10.5,11.0,14555,0.09975868681075621,False,False,False,0.0,False,False,retained
2833,11,17,BD-PT,22,11.0,11.5,4804,0.1003528639950416,False,False,False,0.0,False,False,retained
2833,11,17,BD-PT,24,12.0,12.5,13,0.07135256870545777,False,True,False,0.0,False,True,insufficient_pairs
2833,11,17,BD-PT,25,12.5,13.0,2833,0.09784355123687162,False,False,False,0.0,False,False,retained
2833,11,17,BD-PT,26,13.0,13.5,933,0.10310614280612677,False,False,False,0.0,False,False,retained
2833,11,17,BD-PT,27,13.5,14.0,2610,0.09547362307727082,False,False,False,0.0,False,False,retained
2835,11,19,BD-OV,24,12.0,12.5,13,0.11454619698598284,False,True,False,0.0,False,True,insufficient_pairs
2835,11,19,BD-OV,25,12.5,13.0,2837,0.11503428018943272,False,False,False,0.0,False,False,retained
2835,11,19,BD-OV,26,13.0,13.5,843,0.116809150438258,False,False,False,0.0,False,False,retained
2835,11,19,BD-OV,27,13.5,14.0,2623,0.11215823871323116,False,False,False,0.0,False,False,retained
2836,11,20,BD-BR,25,12.5,13.0,2063,0.09606501090046005,False,False,False,0.0,False,False,retained
2836,11,20,BD-BR,26,13.0,13.5,844,0.09611376889856987,False,False,False,0.0,False,False,retained
2836,11,20,BD-BR,27,13.5,14.0,2623,0.09610186175116973,False,False,False,0.0,False,False,retained
2838,11,22,BD-GB,18,9.0,9.5,5615,0.01960860904996908,False,False,False,0.0,False,False,retained
2838,11,22,BD-GB,19,9.5,10.0,25951,0.019136326790021186,False,False,False,0.0,False,False,retained
2838,11,22,BD-GB,20,10.0,10.5,25385,0.01932241536358749,False,False,False,0.0,False,False,retained
2838,11,22,BD-GB,21,10.5,11.0,15413,0.019141317472968933,False,False,False,0.0,False,False,retained
2838,11,22,BD-GB,22,11.0,11.5,4829,0.019105651274140826,False,False,False,0.0,False,False,retained
2838,11,22,BD-GB,23,11.5,12.0,13,0.02214918341283158,False,True,False,0.0,False,True,insufficient_pairs
2838,11,22,BD-GB,24,12.0,12.5,13,0.013933813604584662,False,True,False,0.0,False,True,insufficient_pairs
2838,11,22,BD-GB,25,12.5,13.0,2828,0.0192973501622402,False,False,False,0.0,False,False,retained
2838,11,22,BD-GB,26,13.0,13.5,945,0.018748161697368475,False,False,False,0.0,False,False,retained
2838,11,22,BD-GB,27,13.5,14.0,2623,0.01926274144538918,False,False,False,0.0,False,False,retained
3085,12,13,SC-HN,18,9.0,9.5,26008,0.11115161806870692,False,False,False,0.0,False,False,retained
3085,12,13,SC-HN,19,9.5,10.0,17584,0.11151060992407401,False,False,False,0.0,False,False,retained
3085,12,13,SC-HN,20,10.0,10.5,20621,0.11049036497637464,False,False,False,0.0,False,False,retained
3085,12,13,SC-HN,21,10.5,11.0,13909,0.10868138998848242,False,False,False,0.0,False,False,retained
3085,12,13,SC-HN,22,11.0,11.5,3630,0.10997637697708812,False,False,False,0.0,False,False,retained
3085,12,13,SC-HN,23,11.5,12.0,5462,0.11184233647579565,False,False,False,0.0,False,False,retained
3085,12,13,SC-HN,24,12.0,12.5,2101,0.10843810873583626,False,False,False,0.0,False,False,retained
3085,12,13,SC-HN,25,12.5,13.0,1457,0.10911156986536324,False,False,False,0.0,False,False,retained
3085,12,13,SC-HN,26,13.0,13.5,7641,0.10761572019865985,False,False,False,0.0,False,False,retained
3085,12,13,SC-HN,27,13.5,14.0,8787,0.10961753234864118,False,False,False,0.0,False,False,retained
3085,12,13,SC-HN,28,14.0,14.5,18896,0.10680357746722983,False,False,False,0.0,False,False,retained
3085,12,13,SC-HN,29,14.5,15.0,18400,0.10752099093081291,False,False,False,0.0,False,False,retained
3085,12,13,SC-HN,30,15.0,15.5,7744,0.10650671000146965,False,False,False,0.0,False,False,retained
3085,12,13,SC-HN,31,15.5,16.0,19040,0.10782642757385315,False,False,False,0.0,False,False,retained
3085,12,13,SC-HN,32,16.0,16.5,17840,0.1096954908603168,False,False,False,0.0,False,False,retained
3085,12,13,SC-HN,33,16.5,17.0,18416,0.1104293875565156,False,False,False,0.0,False,False,retained
3085,12,13,SC-HN,34,17.0,17.5,16639,0.11127526083222669,False,False,False,0.0,False,False,retained
3085,12,13,SC-HN,35,17.5,18.0,9429,0.11315242075018887,False,False,False,0.0,False,False,retained
3085,12,13,SC-HN,36,18.0,18.5,17174,0.116850010931875,False,False,False,0.0,False,False,retained
3085,12,13,SC-HN,37,18.5,19.0,16864,0.12871442061510907,False,False,False,0.0,False,False,retained
3085,12,13,SC-HN,38,19.0,19.5,11643,0.12345065865942727,False,False,False,0.0,False,False,retained
3085,12,13,SC-HN,39,19.5,20.0,16374,0.12966594519919553,False,False,False,0.0,False,False,retained
3085,12,13,SC-HN,40,20.0,20.5,16588,0.13491429372180344,False,False,False,0.0,False,False,retained
3085,12,13,SC-HN,41,20.5,21.0,17936,0.14484126666441494,False,False,False,0.0,False,False,retained
3085,12,13,SC-HN,42,21.0,21.5,18009,0.15779361931931057,False,False,False,0.0,False,False,retained
3085,12,13,SC-HN,43,21.5,22.0,705,0.1748535428039196,False,False,False,0.0,False,False,retained
3088,12,16,SC-LA,18,9.0,9.5,23240,0.106947988169145,False,False,False,0.0,False,False,retained
3088,12,16,SC-LA,19,9.5,10.0,17650,0.10029438451634133,False,False,False,0.0,False,False,retained
3088,12,16,SC-LA,20,10.0,10.5,20621,0.09992325336912908,False,False,False,0.0,False,False,retained
3088,12,16,SC-LA,21,10.5,11.0,13976,0.09821824890702809,False,False,False,0.0,False,False,retained
3088,12,16,SC-LA,22,11.0,11.5,4690,0.09734487114635143,False,False,False,0.0,False,False,retained
3088,12,16,SC-LA,23,11.5,12.0,5462,0.09517346349220329,False,False,False,0.0,False,False,retained
3088,12,16,SC-LA,24,12.0,12.5,2420,0.09711279956880506,False,False,False,0.0,False,False,retained
3088,12,16,SC-LA,25,12.5,13.0,1674,0.09509582253824284,False,False,False,0.0,False,False,retained
3088,12,16,SC-LA,26,13.0,13.5,8023,0.09661442414866983,False,False,False,0.0,False,False,retained
3088,12,16,SC-LA,27,13.5,14.0,8834,0.09815286312508918,False,False,False,0.0,False,False,retained
3088,12,16,SC-LA,28,14.0,14.5,18848,0.0958516704462973,False,False,False,0.0,False,False,retained
3088,12,16,SC-LA,29,14.5,15.0,14843,0.09645065853340964,False,False,False,0.0,False,False,retained
3088,12,16,SC-LA,30,15.0,15.5,2288,0.09618369855209845,False,False,False,0.0,False,False,retained
3088,12,16,SC-LA,31,15.5,16.0,2861,0.09985980974811605,False,False,False,0.0,False,False,retained
3088,12,16,SC-LA,32,16.0,16.5,2409,0.0956652851349262,False,False,False,0.0,False,False,retained
3088,12,16,SC-LA,33,16.5,17.0,6417,0.09880625277195833,False,False,False,0.0,False,False,retained
3088,12,16,SC-LA,34,17.0,17.5,5533,0.0977301159973659,False,False,False,0.0,False,False,retained
3088,12,16,SC-LA,35,17.5,18.0,4479,0.10066500814863906,False,False,False,0.0,False,False,retained
3088,12,16,SC-LA,36,18.0,18.5,16687,0.1016831179171079,False,False,False,0.0,False,False,retained
3088,12,16,SC-LA,37,18.5,19.0,16996,0.10447899469323062,False,False,False,0.0,False,False,retained
3088,12,16,SC-LA,38,19.0,19.5,11884,0.10713282697567633,False,False,False,0.0,False,False,retained
3088,12,16,SC-LA,39,19.5,20.0,16998,0.11245995953273684,False,False,False,0.0,False,False,retained
3088,12,16,SC-LA,40,20.0,20.5,14656,0.11938324680759056,False,False,False,0.0,False,False,retained
3088,12,16,SC-LA,41,20.5,21.0,16292,0.12899097329118198,False,False,False,0.0,False,False,retained
3088,12,16,SC-LA,42,21.0,21.5,16643,0.14000611784475397,False,False,False,0.0,False,False,retained
3088,12,16,SC-LA,43,21.5,22.0,750,0.15204912611130525,False,False,False,0.0,False,False,retained
3089,12,17,SC-PT,18,9.0,9.5,19524,0.1087307273445553,False,False,False,0.0,False,False,retained
3089,12,17,SC-PT,19,9.5,10.0,17120,0.10728842238778583,False,False,False,0.0,False,False,retained
3089,12,17,SC-PT,20,10.0,10.5,20231,0.10624412588723353,False,False,False,0.0,False,False,retained
3089,12,17,SC-PT,21,10.5,11.0,13582,0.10448705309988637,False,False,False,0.0,False,False,retained
3089,12,17,SC-PT,22,11.0,11.5,4636,0.10424276777167141,False,False,False,0.0,False,False,retained
3089,12,17,SC-PT,23,11.5,12.0,5371,0.10199736109949485,False,False,False,0.0,False,False,retained
3089,12,17,SC-PT,24,12.0,12.5,2299,0.10255402992298683,False,False,False,0.0,False,False,retained
3089,12,17,SC-PT,25,12.5,13.0,1668,0.10375608102221871,False,False,False,0.0,False,False,retained
3089,12,17,SC-PT,26,13.0,13.5,7991,0.10311843758366208,False,False,False,0.0,False,False,retained
3089,12,17,SC-PT,27,13.5,14.0,8816,0.10276167381043423,False,False,False,0.0,False,False,retained
3089,12,17,SC-PT,28,14.0,14.5,18888,0.10139805889588682,False,False,False,0.0,False,False,retained
3089,12,17,SC-PT,29,14.5,15.0,14843,0.10072523926435088,False,False,False,0.0,False,False,retained
3089,12,17,SC-PT,30,15.0,15.5,2289,0.10203444981532203,False,False,False,0.0,False,False,retained
3089,12,17,SC-PT,31,15.5,16.0,2869,0.10076906903538392,False,False,False,0.0,False,False,retained
3089,12,17,SC-PT,32,16.0,16.5,2407,0.09826443853943416,False,False,False,0.0,False,False,retained
3089,12,17,SC-PT,33,16.5,17.0,6343,0.10675778813548387,False,False,False,0.0,False,False,retained
3089,12,17,SC-PT,34,17.0,17.5,4989,0.10598319874326087,False,False,False,0.0,False,False,retained
3089,12,17,SC-PT,35,17.5,18.0,4945,0.10657135460698951,False,False,False,0.0,False,False,retained
3089,12,17,SC-PT,36,18.0,18.5,16805,0.10777680922132192,False,False,False,0.0,False,False,retained
3089,12,17,SC-PT,37,18.5,19.0,16996,0.10972257383138811,False,False,False,0.0,False,False,retained
3089,12,17,SC-PT,38,19.0,19.5,11734,0.11457983565089498,False,False,False,0.0,False,False,retained
3089,12,17,SC-PT,39,19.5,20.0,16966,0.11888176993166613,False,False,False,0.0,False,False,retained
3089,12,17,SC-PT,40,20.0,20.5,14845,0.12797608503774574,False,False,False,0.0,False,False,retained
3089,12,17,SC-PT,41,20.5,21.0,16101,0.13421722187406251,False,False,False,0.0,False,False,retained
3089,12,17,SC-PT,42,21.0,21.5,16306,0.1469751027525869,False,False,False,0.0,False,False,retained
3089,12,17,SC-PT,43,21.5,22.0,765,0.1546487128824512,False,False,False,0.0,False,False,retained
3091,12,19,SC-OV,23,11.5,12.0,958,0.11632811907501159,False,False,False,0.0,False,False,retained
3091,12,19,SC-OV,24,12.0,12.5,2420,0.11551298858187546,False,False,False,0.0,False,False,retained
3091,12,19,SC-OV,25,12.5,13.0,1674,0.11815451186277164,False,False,False,0.0,False,False,retained
3091,12,19,SC-OV,26,13.0,13.5,7918,0.1137447818888113,False,False,False,0.0,False,False,retained
3091,12,19,SC-OV,27,13.5,14.0,8821,0.11769709950692185,False,False,False,0.0,False,False,retained
3091,12,19,SC-OV,28,14.0,14.5,18928,0.114838762367532,False,False,False,0.0,False,False,retained
3091,12,19,SC-OV,29,14.5,15.0,14843,0.11425376780114839,False,False,False,0.0,False,False,retained
3091,12,19,SC-OV,30,15.0,15.5,2288,0.11483708444254424,False,False,False,0.0,False,False,retained
3091,12,19,SC-OV,31,15.5,16.0,2857,0.11469306513181754,False,False,False,0.0,False,False,retained
3091,12,19,SC-OV,32,16.0,16.5,2142,0.11733351775677284,False,False,False,0.0,False,False,retained
3091,12,19,SC-OV,33,16.5,17.0,1813,0.11765511813307379,False,False,False,0.0,False,False,retained
3091,12,19,SC-OV,34,17.0,17.5,1531,0.11825713612388981,False,False,False,0.0,False,False,retained
3091,12,19,SC-OV,35,17.5,18.0,211,0.1290304044604332,False,False,False,0.0,False,False,retained
3091,12,19,SC-OV,36,18.0,18.5,410,0.11214784972013857,False,False,False,0.0,False,False,retained
3091,12,19,SC-OV,37,18.5,19.0,3023,0.12697877242032962,False,False,False,0.0,False,False,retained
3091,12,19,SC-OV,38,19.0,19.5,11236,0.12878297929122223,False,False,False,0.0,False,False,retained
3091,12,19,SC-OV,39,19.5,20.0,16970,0.13326584454916057,False,False,False,0.0,False,False,retained
3091,12,19,SC-OV,40,20.0,20.5,16669,0.14189185620267253,False,False,False,0.0,False,False,retained
3091,12,19,SC-OV,41,20.5,21.0,18142,0.14962399062153547,False,False,False,0.0,False,False,retained
3091,12,19,SC-OV,42,21.0,21.5,16732,0.1634695123790827,False,False,False,0.0,False,False,retained
3091,12,19,SC-OV,43,21.5,22.0,765,0.16737311823724157,False,False,False,0.0,False,False,retained
3092,12,20,SC-BR,25,12.5,13.0,1228,0.09901490223867616,False,False,False,0.0,False,False,retained
3092,12,20,SC-BR,26,13.0,13.5,7399,0.09937058807005862,False,False,False,0.0,False,False,retained
3092,12,20,SC-BR,27,13.5,14.0,8833,0.10168225807513741,False,False,False,0.0,False,False,retained
3092,12,20,SC-BR,28,14.0,14.5,18304,0.09897085301100748,False,False,False,0.0,False,False,retained
3092,12,20,SC-BR,29,14.5,15.0,15808,0.09949305241903034,False,False,False,0.0,False,False,retained
3092,12,20,SC-BR,30,15.0,15.5,7712,0.0989984025706168,False,False,False,0.0,False,False,retained
3092,12,20,SC-BR,31,15.5,16.0,18912,0.1003961448531588,False,False,False,0.0,False,False,retained
3092,12,20,SC-BR,32,16.0,16.5,12491,0.09999303132685718,False,False,False,0.0,False,False,retained
3092,12,20,SC-BR,33,16.5,17.0,4598,0.10153941168119297,False,False,False,0.0,False,False,retained
3092,12,20,SC-BR,34,17.0,17.5,4904,0.10244572530952892,False,False,False,0.0,False,False,retained
3092,12,20,SC-BR,35,17.5,18.0,4522,0.10275243006510391,False,False,False,0.0,False,False,retained
3092,12,20,SC-BR,36,18.0,18.5,16805,0.1046305792883489,False,False,False,0.0,False,False,retained
3092,12,20,SC-BR,37,18.5,19.0,16436,0.10701013549817678,False,False,False,0.0,False,False,retained
3092,12,20,SC-BR,38,19.0,19.5,11884,0.10998527269682412,False,False,False,0.0,False,False,retained
3092,12,20,SC-BR,39,19.5,20.0,15163,0.11573508053574288,False,False,False,0.0,False,False,retained
3092,12,20,SC-BR,40,20.0,20.5,16267,0.12300742063911092,False,False,False,0.0,False,False,retained
3092,12,20,SC-BR,41,20.5,21.0,17129,0.1293591195907393,False,False,False,0.0,False,False,retained
3092,12,20,SC-BR,42,21.0,21.5,18153,0.14099117456004584,False,False,False,0.0,False,False,retained
3092,12,20,SC-BR,43,21.5,22.0,750,0.1496952717471476,False,False,False,0.0,False,False,retained
3093,12,21,SC-MK,40,20.0,20.5,2092,0.15544366395072715,False,False,False,0.0,False,False,retained
3093,12,21,SC-MK,41,20.5,21.0,18108,0.16580515652191505,False,False,False,0.0,False,False,retained
3093,12,21,SC-MK,42,21.0,21.5,5328,0.1775802066442328,False,False,False,0.0,False,False,retained
3094,12,22,SC-GB,18,9.0,9.5,25834,0.020463474817955418,False,False,False,0.0,False,False,retained
3094,12,22,SC-GB,19,9.5,10.0,16352,0.02041883615914341,False,False,False,0.0,False,False,retained
3094,12,22,SC-GB,20,10.0,10.5,20578,0.0203012813335945,False,False,False,0.0,False,False,retained
3094,12,22,SC-GB,21,10.5,11.0,14245,0.020099301484129025,False,False,False,0.0,False,False,retained
3094,12,22,SC-GB,22,11.0,11.5,4679,0.019807455827269758,False,False,False,0.0,False,False,retained
3094,12,22,SC-GB,23,11.5,12.0,5248,0.0198491196370477,False,False,False,0.0,False,False,retained
3094,12,22,SC-GB,24,12.0,12.5,1628,0.019738288661073845,False,False,False,0.0,False,False,retained
3094,12,22,SC-GB,25,12.5,13.0,1670,0.019263706616945164,False,False,False,0.0,False,False,retained
3094,12,22,SC-GB,26,13.0,13.5,8003,0.01961593869301724,False,False,False,0.0,False,False,retained
3094,12,22,SC-GB,27,13.5,14.0,8805,0.02010618336910104,False,False,False,0.0,False,False,retained
3094,12,22,SC-GB,28,14.0,14.5,17568,0.019603060245769625,False,False,False,0.0,False,False,retained
3094,12,22,SC-GB,29,14.5,15.0,17152,0.0199342878954683,False,False,False,0.0,False,False,retained
3094,12,22,SC-GB,30,15.0,15.5,6912,0.019952135671351633,False,False,False,0.0,False,False,retained
3094,12,22,SC-GB,31,15.5,16.0,17312,0.019788008778671835,False,False,False,0.0,False,False,retained
3094,12,22,SC-GB,32,16.0,16.5,16832,0.02032425196601588,False,False,False,0.0,False,False,retained
3094,12,22,SC-GB,33,16.5,17.0,16888,0.020213725115535562,False,False,False,0.0,False,False,retained
3094,12,22,SC-GB,34,17.0,17.5,15841,0.02040931130050911,False,False,False,0.0,False,False,retained
3094,12,22,SC-GB,35,17.5,18.0,8693,0.020633399637194835,False,False,False,0.0,False,False,retained
3094,12,22,SC-GB,36,18.0,18.5,14393,0.021063535804623775,False,False,False,0.0,False,False,retained
3094,12,22,SC-GB,37,18.5,19.0,15923,0.0215015426495559,False,False,False,0.0,False,False,retained
3094,12,22,SC-GB,38,19.0,19.5,10861,0.022126577700674256,False,False,False,0.0,False,False,retained
3094,12,22,SC-GB,39,19.5,20.0,15691,0.023189667866451914,False,False,False,0.0,False,False,retained
3094,12,22,SC-GB,40,20.0,20.5,15324,0.024750751967064902,False,False,False,0.0,False,False,retained
3094,12,22,SC-GB,41,20.5,21.0,16903,0.026304174403654228,False,False,False,0.0,False,False,retained
3094,12,22,SC-GB,42,21.0,21.5,16953,0.028818057336133407,False,False,False,0.0,False,False,retained
3344,13,16,HN-LA,18,9.0,9.5,26420,0.09731155280250042,False,False,False,0.0,False,False,retained
3344,13,16,HN-LA,19,9.5,10.0,26138,0.09654013314430301,False,False,False,0.0,False,False,retained
3344,13,16,HN-LA,20,10.0,10.5,26073,0.09565988675000021,False,False,False,0.0,False,False,retained
3344,13,16,HN-LA,21,10.5,11.0,17449,0.09503642139087197,False,False,False,0.0,False,False,retained
3344,13,16,HN-LA,22,11.0,11.5,6393,0.09615309264479588,False,False,False,0.0,False,False,retained
3344,13,16,HN-LA,23,11.5,12.0,9075,0.09827047975780426,False,False,False,0.0,False,False,retained
3344,13,16,HN-LA,24,12.0,12.5,3033,0.0942424407672334,False,False,False,0.0,False,False,retained
3344,13,16,HN-LA,25,12.5,13.0,2947,0.0909220303085902,False,False,False,0.0,False,False,retained
3344,13,16,HN-LA,26,13.0,13.5,7981,0.09314646810541334,False,False,False,0.0,False,False,retained
3344,13,16,HN-LA,27,13.5,14.0,9263,0.09319401957280113,False,False,False,0.0,False,False,retained
3344,13,16,HN-LA,28,14.0,14.5,18912,0.09164648770423744,False,False,False,0.0,False,False,retained
3344,13,16,HN-LA,29,14.5,15.0,14861,0.09055540183848972,False,False,False,0.0,False,False,retained
3344,13,16,HN-LA,30,15.0,15.5,2288,0.08907412697014043,False,False,False,0.0,False,False,retained
3344,13,16,HN-LA,31,15.5,16.0,2865,0.09372894152821185,False,False,False,0.0,False,False,retained
3344,13,16,HN-LA,32,16.0,16.5,2409,0.08953320414280468,False,False,False,0.0,False,False,retained
3344,13,16,HN-LA,33,16.5,17.0,6446,0.09460424461038416,False,False,False,0.0,False,False,retained
3344,13,16,HN-LA,34,17.0,17.5,5557,0.09369280715729192,False,False,False,0.0,False,False,retained
3344,13,16,HN-LA,35,17.5,18.0,4546,0.09254472728405563,False,False,False,0.0,False,False,retained
3344,13,16,HN-LA,36,18.0,18.5,17001,0.09403483753321484,False,False,False,0.0,False,False,retained
3344,13,16,HN-LA,37,18.5,19.0,17651,0.10365849899732993,False,False,False,0.0,False,False,retained
3344,13,16,HN-LA,38,19.0,19.5,17400,0.09543801709990085,False,False,False,0.0,False,False,retained
3344,13,16,HN-LA,39,19.5,20.0,15906,0.10493541106452811,False,False,False,0.0,False,False,retained
3344,13,16,HN-LA,40,20.0,20.5,15220,0.09687851745106812,False,False,False,0.0,False,False,retained
3344,13,16,HN-LA,41,20.5,21.0,16283,0.09811898390527879,False,False,False,0.0,False,False,retained
3344,13,16,HN-LA,42,21.0,21.5,17432,0.09973427602746979,False,False,False,0.0,False,False,retained
3344,13,16,HN-LA,43,21.5,22.0,876,0.10084574442038625,False,False,False,0.0,False,False,retained
3344,13,16,HN-LA,44,22.0,22.5,959,0.10797407940459042,False,False,False,0.0,False,False,retained
3345,13,17,HN-PT,18,9.0,9.5,22545,0.10347671771288888,False,False,False,0.0,False,False,retained
3345,13,17,HN-PT,19,9.5,10.0,25317,0.10287402291507293,False,False,False,0.0,False,False,retained
3345,13,17,HN-PT,20,10.0,10.5,25529,0.10107501570505786,False,False,False,0.0,False,False,retained
3345,13,17,HN-PT,21,10.5,11.0,16942,0.09989046769423265,False,False,False,0.0,False,False,retained
3345,13,17,HN-PT,22,11.0,11.5,6315,0.10172791513851767,False,False,False,0.0,False,False,retained
3345,13,17,HN-PT,23,11.5,12.0,8907,0.10288798152620376,False,False,False,0.0,False,False,retained
3345,13,17,HN-PT,24,12.0,12.5,2958,0.09988372916639553,False,False,False,0.0,False,False,retained
3345,13,17,HN-PT,25,12.5,13.0,2940,0.09868168922584782,False,False,False,0.0,False,False,retained
3345,13,17,HN-PT,26,13.0,13.5,7953,0.09881591363213808,False,False,False,0.0,False,False,retained
3345,13,17,HN-PT,27,13.5,14.0,9444,0.09796439557887543,False,False,False,0.0,False,False,retained
3345,13,17,HN-PT,28,14.0,14.5,18890,0.09731006972569119,False,False,False,0.0,False,False,retained
3345,13,17,HN-PT,29,14.5,15.0,14829,0.09597790848650681,False,False,False,0.0,False,False,retained
3345,13,17,HN-PT,30,15.0,15.5,2302,0.09783366904850645,False,False,False,0.0,False,False,retained
3345,13,17,HN-PT,31,15.5,16.0,2870,0.09496246110605273,False,False,False,0.0,False,False,retained
3345,13,17,HN-PT,32,16.0,16.5,2409,0.09449027776705031,False,False,False,0.0,False,False,retained
3345,13,17,HN-PT,33,16.5,17.0,6364,0.09987013839214613,False,False,False,0.0,False,False,retained
3345,13,17,HN-PT,34,17.0,17.5,5009,0.09782744989664782,False,False,False,0.0,False,False,retained
3345,13,17,HN-PT,35,17.5,18.0,5012,0.09735509351471672,False,False,False,0.0,False,False,retained
3345,13,17,HN-PT,36,18.0,18.5,17122,0.09970688980687721,False,False,False,0.0,False,False,retained
3345,13,17,HN-PT,37,18.5,19.0,17651,0.10887228854784538,False,False,False,0.0,False,False,retained
3345,13,17,HN-PT,38,19.0,19.5,17240,0.09975503045101486,False,False,False,0.0,False,False,retained
3345,13,17,HN-PT,39,19.5,20.0,15667,0.10219268191136122,False,False,False,0.0,False,False,retained
3345,13,17,HN-PT,40,20.0,20.5,15405,0.10180241101177764,False,False,False,0.0,False,False,retained
3345,13,17,HN-PT,41,20.5,21.0,16958,0.10253723586554957,False,False,False,0.0,False,False,retained
3345,13,17,HN-PT,42,21.0,21.5,17240,0.10517417791327423,False,False,False,0.0,False,False,retained
3345,13,17,HN-PT,43,21.5,22.0,990,0.10753445257452683,False,False,False,0.0,False,False,retained
3345,13,17,HN-PT,44,22.0,22.5,2047,0.11077232198472632,False,False,False,0.0,False,False,retained
3347,13,19,HN-OV,23,11.5,12.0,1958,0.11568264085697207,False,False,False,0.0,False,False,retained
3347,13,19,HN-OV,24,12.0,12.5,3033,0.11339284572568323,False,False,False,0.0,False,False,retained
3347,13,19,HN-OV,25,12.5,13.0,2947,0.11449092463319732,False,False,False,0.0,False,False,retained
3347,13,19,HN-OV,26,13.0,13.5,7865,0.11112067967357356,False,False,False,0.0,False,False,retained
3347,13,19,HN-OV,27,13.5,14.0,9704,0.11052208677327702,False,False,False,0.0,False,False,retained
3347,13,19,HN-OV,28,14.0,14.5,18944,0.10988765689487494,False,False,False,0.0,False,False,retained
3347,13,19,HN-OV,29,14.5,15.0,14861,0.10984729526612291,False,False,False,0.0,False,False,retained
3347,13,19,HN-OV,30,15.0,15.5,2288,0.107203471947661,False,False,False,0.0,False,False,retained
3347,13,19,HN-OV,31,15.5,16.0,2857,0.10834809177104171,False,False,False,0.0,False,False,retained
3347,13,19,HN-OV,32,16.0,16.5,2142,0.10841798687949888,False,False,False,0.0,False,False,retained
3347,13,19,HN-OV,33,16.5,17.0,1818,0.10905995513189515,False,False,False,0.0,False,False,retained
3347,13,19,HN-OV,34,17.0,17.5,1531,0.11419675240585628,False,False,False,0.0,False,False,retained
3347,13,19,HN-OV,35,17.5,18.0,213,0.10946324358034609,False,False,False,0.0,False,False,retained
3347,13,19,HN-OV,36,18.0,18.5,412,0.10610107094536955,False,False,False,0.0,False,False,retained
3347,13,19,HN-OV,37,18.5,19.0,3187,0.12297713051542372,False,False,False,0.0,False,False,retained
3347,13,19,HN-OV,38,19.0,19.5,16284,0.11257531781018139,False,False,False,0.0,False,False,retained
3347,13,19,HN-OV,39,19.5,20.0,18231,0.1139897999315365,False,False,False,0.0,False,False,retained
3347,13,19,HN-OV,40,20.0,20.5,17232,0.11416107585632922,False,False,False,0.0,False,False,retained
3347,13,19,HN-OV,41,20.5,21.0,16832,0.11485452676766308,False,False,False,0.0,False,False,retained
3347,13,19,HN-OV,42,21.0,21.5,18028,0.11590290493484715,False,False,False,0.0,False,False,retained
3347,13,19,HN-OV,43,21.5,22.0,1459,0.11824699675074865,False,False,False,0.0,False,False,retained
3347,13,19,HN-OV,44,22.0,22.5,2557,0.12407735949924868,False,False,False,0.0,False,False,retained
3348,13,20,HN-BR,25,12.5,13.0,2122,0.09618798494793404,False,False,False,0.0,False,False,retained
3348,13,20,HN-BR,26,13.0,13.5,7461,0.09700431233282637,False,False,False,0.0,False,False,retained
3348,13,20,HN-BR,27,13.5,14.0,9704,0.09688766508795438,False,False,False,0.0,False,False,retained
3348,13,20,HN-BR,28,14.0,14.5,18320,0.09588492566440378,False,False,False,0.0,False,False,retained
3348,13,20,HN-BR,29,14.5,15.0,15840,0.09536519874245543,False,False,False,0.0,False,False,retained
3348,13,20,HN-BR,30,15.0,15.5,7712,0.09421777735080898,False,False,False,0.0,False,False,retained
3348,13,20,HN-BR,31,15.5,16.0,18912,0.09516888316100318,False,False,False,0.0,False,False,retained
3348,13,20,HN-BR,32,16.0,16.5,12501,0.09574343708426733,False,False,False,0.0,False,False,retained
3348,13,20,HN-BR,33,16.5,17.0,4602,0.09547291298401618,False,False,False,0.0,False,False,retained
3348,13,20,HN-BR,34,17.0,17.5,4928,0.09550103445716501,False,False,False,0.0,False,False,retained
3348,13,20,HN-BR,35,17.5,18.0,4581,0.09422126484395342,False,False,False,0.0,False,False,retained
3348,13,20,HN-BR,36,18.0,18.5,17122,0.09700262718527154,False,False,False,0.0,False,False,retained
3348,13,20,HN-BR,37,18.5,19.0,17091,0.10672126413594477,False,False,False,0.0,False,False,retained
3348,13,20,HN-BR,38,19.0,19.5,17400,0.09788701984372213,False,False,False,0.0,False,False,retained
3348,13,20,HN-BR,39,19.5,20.0,16341,0.09946653913753034,False,False,False,0.0,False,False,retained
3348,13,20,HN-BR,40,20.0,20.5,16881,0.09860592422119817,False,False,False,0.0,False,False,retained
3348,13,20,HN-BR,41,20.5,21.0,17208,0.09871822528020394,False,False,False,0.0,False,False,retained
3348,13,20,HN-BR,42,21.0,21.5,16601,0.10084676364670898,False,False,False,0.0,False,False,retained
3348,13,20,HN-BR,43,21.5,22.0,1459,0.10357493411086136,False,False,False,0.0,False,False,retained
3348,13,20,HN-BR,44,22.0,22.5,1019,0.10453538778035151,False,False,False,0.0,False,False,retained
3349,13,21,HN-MK,40,20.0,20.5,2072,0.12293974803424713,False,False,False,0.0,False,False,retained
3349,13,21,HN-MK,41,20.5,21.0,18094,0.12642100166482317,False,False,False,0.0,False,False,retained
3349,13,21,HN-MK,42,21.0,21.5,5316,0.12670014804894347,False,False,False,0.0,False,False,retained
3350,13,22,HN-GB,18,9.0,9.5,26212,0.020978388563954675,False,False,True,1.7597319852806153,False,False,retained
3350,13,22,HN-GB,19,9.5,10.0,26058,0.020828168662887767,False,False,True,1.5711681003585292,False,False,retained
3350,13,22,HN-GB,20,10.0,10.5,25996,0.019526736121749728,False,False,True,-0.12180300313845561,False,False,retained
3350,13,22,HN-GB,21,10.5,11.0,17959,0.019216428683972272,False,False,True,-0.5421229103841045,False,False,retained
3350,13,22,HN-GB,22,11.0,11.5,6377,0.01941760989106024,False,False,True,-0.2688511166912904,False,False,retained
3350,13,22,HN-GB,23,11.5,12.0,8845,0.01982213666878765,False,False,True,0.2721648080918373,False,False,retained
3350,13,22,HN-GB,24,12.0,12.5,2388,0.019849463469808478,False,False,True,0.3083126793309045,False,False,retained
3350,13,22,HN-GB,25,12.5,13.0,2938,0.01889121257686024,False,False,True,-0.9899847956285276,False,False,retained
3350,13,22,HN-GB,26,13.0,13.5,7950,0.019089992925455743,False,False,True,-0.7153331220843178,False,False,retained
3350,13,22,HN-GB,27,13.5,14.0,9688,0.019139495000857615,False,False,True,-0.6473816686169453,False,False,retained
3350,13,22,HN-GB,28,14.0,14.5,17632,0.018904442002415606,False,False,True,-0.9716163369917958,False,False,retained
3350,13,22,HN-GB,29,14.5,15.0,17152,0.018826733054504365,False,False,True,-1.0796962269868657,False,False,retained
3350,13,22,HN-GB,30,15.0,15.5,6912,0.01891562888594163,False,False,True,-0.9560938833362341,False,False,retained
3350,13,22,HN-GB,31,15.5,16.0,17312,0.01884580918825389,False,False,True,-1.0531233211414996,False,False,retained
3350,13,22,HN-GB,32,16.0,16.5,16832,0.01912361224473445,False,False,True,-0.6691647462221675,False,False,retained
3350,13,22,HN-GB,33,16.5,17.0,16888,0.01931067577465791,False,False,True,-0.4137492188332316,False,False,retained
3350,13,22,HN-GB,34,17.0,17.5,15841,0.01912150654133405,False,False,True,-0.6720540603830117,False,False,retained
3350,13,22,HN-GB,35,17.5,18.0,8752,0.020130286091293824,False,False,True,0.6769274585701787,False,False,retained
3350,13,22,HN-GB,36,18.0,18.5,14654,0.020104894228403527,False,False,True,0.6438095996817177,False,False,retained
3350,13,22,HN-GB,37,18.5,19.0,16599,0.021188604784568243,False,False,True,2.0213518806930937,False,False,retained
3350,13,22,HN-GB,38,19.0,19.5,16062,0.019708870388396974,False,False,True,0.12180300313846727,False,False,retained
3350,13,22,HN-GB,39,19.5,20.0,17090,0.019932987260675484,False,False,True,0.4184901715822285,False,False,retained
3350,13,22,HN-GB,40,20.0,20.5,15984,0.019886745441174917,False,False,True,0.35754906298527916,False,False,retained
3350,13,22,HN-GB,41,20.5,21.0,16968,0.020360917775260407,False,False,True,0.975834784151891,False,False,retained
3350,13,22,HN-GB,42,21.0,21.5,17017,0.02051472611723357,False,False,True,1.1733001411481359,False,False,retained
3350,13,22,HN-GB,44,22.0,22.5,2548,0.022345370971158903,False,False,True,3.4160913076156385,False,False,retained
4113,16,17,LA-PT,18,9.0,9.5,22543,0.14682407001124795,False,False,True,6.141645132117382,True,True,data_driven_rfi
4113,16,17,LA-PT,19,9.5,10.0,25552,0.21200989210210094,False,False,True,11.217881978880786,True,True,data_driven_rfi
4113,16,17,LA-PT,20,10.0,10.5,25890,0.09456825052918738,False,False,True,0.06348265682489095,False,False,retained
4113,16,17,LA-PT,21,10.5,11.0,17279,0.09413474177204952,False,False,True,0.0,False,False,retained
4113,16,17,LA-PT,22,11.0,11.5,6374,0.09126724526771048,False,False,True,-0.4274234914465165,False,False,retained
4113,16,17,LA-PT,23,11.5,12.0,10075,0.09154670464923917,False,False,True,-0.3851814457681749,False,False,retained
4113,16,17,LA-PT,24,12.0,12.5,4036,0.09159604283051348,False,False,True,-0.3777370635364833,False,False,retained
4113,16,17,LA-PT,25,12.5,13.0,3158,0.09064199707881164,False,False,True,-0.5224040304548119,False,False,retained
4113,16,17,LA-PT,26,13.0,13.5,8501,0.09220843211858062,False,False,True,-0.28566913881520206,False,False,retained
4113,16,17,LA-PT,27,13.5,14.0,9119,0.08853493326938344,False,False,True,-0.8473797086299941,False,False,retained
4113,16,17,LA-PT,28,14.0,14.5,18842,0.0884631321140288,False,False,True,-0.8585895167578824,False,False,retained
4113,16,17,LA-PT,29,14.5,15.0,14737,0.08830211800589328,False,False,True,-0.8837606286959905,False,False,retained
4113,16,17,LA-PT,30,15.0,15.5,2276,0.09027563331819004,False,False,True,-0.5783627094010795,False,False,retained
4113,16,17,LA-PT,31,15.5,16.0,2861,0.09290627878839978,False,False,True,-0.18149584966039226,False,False,retained
4113,16,17,LA-PT,32,16.0,16.5,2400,0.08650079461873529,False,False,True,-1.1685302373970103,False,False,retained
4113,16,17,LA-PT,33,16.5,17.0,7000,0.10012667868554066,False,False,True,0.8526164351216989,False,False,retained
4113,16,17,LA-PT,34,17.0,17.5,3892,0.09024096853149795,False,False,True,-0.5836691906037919,False,False,retained
4113,16,17,LA-PT,35,17.5,18.0,4554,0.08964973247996995,False,False,True,-0.6744907594765952,False,False,retained
4113,16,17,LA-PT,36,18.0,18.5,17373,0.09439887227634654,False,False,True,0.038713754721112915,False,False,retained
4113,16,17,LA-PT,37,18.5,19.0,18096,0.1010681124710004,False,False,True,0.9819202859500024,False,False,retained
4113,16,17,LA-PT,38,19.0,19.5,10320,0.13072759323985703,False,False,True,4.537255513352017,False,False,retained
4113,16,17,LA-PT,40,20.0,20.5,5365,0.09558841214350045,False,False,True,0.21173338675522452,False,False,retained
4113,16,17,LA-PT,41,20.5,21.0,15651,0.10207220362805527,False,False,True,1.1185093085977196,False,False,retained
4113,16,17,LA-PT,42,21.0,21.5,17469,0.09908029780816106,False,False,True,0.7074639462628647,False,False,retained
4113,16,17,LA-PT,43,21.5,22.0,4906,0.09528973314647535,False,False,True,0.16849354713021245,False,False,retained
4113,16,17,LA-PT,44,22.0,22.5,2648,0.09969097185466909,False,False,True,0.7923609689163391,False,False,retained
4113,16,17,LA-PT,45,22.5,23.0,12109,0.10004270507585658,False,False,True,0.8410238461523668,False,False,retained
4115,16,19,LA-OV,23,11.5,12.0,2218,0.0984447068785917,False,False,False,0.0,False,False,retained
4115,16,19,LA-OV,24,12.0,12.5,3513,0.10069892037033763,False,False,False,0.0,False,False,retained
4115,16,19,LA-OV,25,12.5,13.0,3165,0.10151495753434983,False,False,False,0.0,False,False,retained
4115,16,19,LA-OV,26,13.0,13.5,8421,0.09967896700363536,False,False,False,0.0,False,False,retained
4115,16,19,LA-OV,27,13.5,14.0,9345,0.09878856839233008,False,False,False,0.0,False,False,retained
4115,16,19,LA-OV,28,14.0,14.5,18912,0.09744718854789855,False,False,False,0.0,False,False,retained
4115,16,19,LA-OV,29,14.5,15.0,14861,0.09713977963103061,False,False,False,0.0,False,False,retained
4115,16,19,LA-OV,30,15.0,15.5,2288,0.09899757077746321,False,False,False,0.0,False,False,retained
4115,16,19,LA-OV,31,15.5,16.0,2857,0.09798432192392768,False,False,False,0.0,False,False,retained
4115,16,19,LA-OV,32,16.0,16.5,2139,0.09719723778106025,False,False,False,0.0,False,False,retained
4115,16,19,LA-OV,33,16.5,17.0,2371,0.09462142662722642,False,False,False,0.0,False,False,retained
4115,16,19,LA-OV,34,17.0,17.5,1115,0.09552473401959503,False,False,False,0.0,False,False,retained
4115,16,19,LA-OV,35,17.5,18.0,213,0.08728642745588851,False,False,False,0.0,False,False,retained
4115,16,19,LA-OV,36,18.0,18.5,412,0.09937678653597992,False,False,False,0.0,False,False,retained
4115,16,19,LA-OV,37,18.5,19.0,3281,0.09830059724642742,False,False,False,0.0,False,False,retained
4115,16,19,LA-OV,38,19.0,19.5,16600,0.09879560375531964,False,False,False,0.0,False,False,retained
4115,16,19,LA-OV,39,19.5,20.0,19090,0.09967992233289368,False,False,False,0.0,False,False,retained
4115,16,19,LA-OV,40,20.0,20.5,15398,0.10031636679103118,False,False,False,0.0,False,False,retained
4115,16,19,LA-OV,41,20.5,21.0,16628,0.1009962620016231,False,False,False,0.0,False,False,retained
4115,16,19,LA-OV,42,21.0,21.5,17573,0.10250559791114362,False,False,False,0.0,False,False,retained
4115,16,19,LA-OV,43,21.5,22.0,5080,0.10159044099399281,False,False,False,0.0,False,False,retained
4115,16,19,LA-OV,44,22.0,22.5,457,0.10975336307559352,False,False,False,0.0,False,False,retained
4115,16,19,LA-OV,45,22.5,23.0,9273,0.11768860598156977,False,False,False,0.0,False,False,retained
4116,16,20,LA-BR,25,12.5,13.0,1197,0.09857067012757895,False,False,False,0.0,False,False,retained
4116,16,20,LA-BR,26,13.0,13.5,7912,0.08837112903754413,False,False,False,0.0,False,False,retained
4116,16,20,LA-BR,27,13.5,14.0,9357,0.08578560814914041,False,False,False,0.0,False,False,retained
4116,16,20,LA-BR,28,14.0,14.5,18288,0.08506503901316156,False,False,False,0.0,False,False,retained
4116,16,20,LA-BR,29,14.5,15.0,12435,0.0855126081252023,False,False,False,0.0,False,False,retained
4116,16,20,LA-BR,30,15.0,15.5,2288,0.08660325395028037,False,False,False,0.0,False,False,retained
4116,16,20,LA-BR,31,15.5,16.0,2857,0.08528701231011114,False,False,False,0.0,False,False,retained
4116,16,20,LA-BR,32,16.0,16.5,1323,0.08608153260740212,False,False,False,0.0,False,False,retained
4116,16,20,LA-BR,33,16.5,17.0,4705,0.08492637783717626,False,False,False,0.0,False,False,retained
4116,16,20,LA-BR,34,17.0,17.5,5013,0.08663083669371374,False,False,False,0.0,False,False,retained
4116,16,20,LA-BR,35,17.5,18.0,4538,0.08589814251880641,False,False,False,0.0,False,False,retained
4116,16,20,LA-BR,36,18.0,18.5,17328,0.08448734230278733,False,False,False,0.0,False,False,retained
4116,16,20,LA-BR,37,18.5,19.0,17472,0.08551473158376367,False,False,False,0.0,False,False,retained
4116,16,20,LA-BR,38,19.0,19.5,17712,0.08555951416292715,False,False,False,0.0,False,False,retained
4116,16,20,LA-BR,39,19.5,20.0,17031,0.08599355185380965,False,False,False,0.0,False,False,retained
4116,16,20,LA-BR,40,20.0,20.5,14942,0.0864476989945259,False,False,False,0.0,False,False,retained
4116,16,20,LA-BR,41,20.5,21.0,15480,0.08725524743431075,False,False,False,0.0,False,False,retained
4116,16,20,LA-BR,42,21.0,21.5,17618,0.08812064635135353,False,False,False,0.0,False,False,retained
4116,16,20,LA-BR,43,21.5,22.0,5080,0.08929347187236474,False,False,False,0.0,False,False,retained
4116,16,20,LA-BR,44,22.0,22.5,924,0.09168705922161166,False,False,False,0.0,False,False,retained
4116,16,20,LA-BR,45,22.5,23.0,5403,0.09138587962458461,False,False,False,0.0,False,False,retained
4117,16,21,LA-MK,40,20.0,20.5,1057,0.1016828541887555,False,False,False,0.0,False,False,retained
4117,16,21,LA-MK,41,20.5,21.0,16724,0.11183994316703134,False,False,False,0.0,False,False,retained
4117,16,21,LA-MK,42,21.0,21.5,5334,0.11409985869347755,False,False,False,0.0,False,False,retained
4118,16,22,LA-GB,18,9.0,9.5,26212,0.018046066376980956,False,False,False,0.0,False,False,retained
4118,16,22,LA-GB,19,9.5,10.0,26104,0.017562374865117455,False,False,False,0.0,False,False,retained
4118,16,22,LA-GB,20,10.0,10.5,25996,0.017357688384384208,False,False,False,0.0,False,False,retained
4118,16,22,LA-GB,21,10.5,11.0,17739,0.01724408027238383,False,False,False,0.0,False,False,retained
4118,16,22,LA-GB,22,11.0,11.5,6427,0.017275560215540744,False,False,False,0.0,False,False,retained
4118,16,22,LA-GB,23,11.5,12.0,10223,0.01708553904287827,False,False,False,0.0,False,False,retained
4118,16,22,LA-GB,24,12.0,12.5,2388,0.01751448571282436,False,False,False,0.0,False,False,retained
4118,16,22,LA-GB,25,12.5,13.0,3153,0.017189878258551217,False,False,False,0.0,False,False,retained
4118,16,22,LA-GB,26,13.0,13.5,8504,0.017309709149433583,False,False,False,0.0,False,False,retained
4118,16,22,LA-GB,27,13.5,14.0,9326,0.016914259748009128,False,False,False,0.0,False,False,retained
4118,16,22,LA-GB,28,14.0,14.5,17632,0.0169612664885165,False,False,False,0.0,False,False,retained
4118,16,22,LA-GB,29,14.5,15.0,13744,0.0167061003338063,False,False,False,0.0,False,False,retained
4118,16,22,LA-GB,30,15.0,15.5,2076,0.01706127220402757,False,False,False,0.0,False,False,retained
4118,16,22,LA-GB,31,15.5,16.0,2646,0.017163291207308654,False,False,False,0.0,False,False,retained
4118,16,22,LA-GB,32,16.0,16.5,2328,0.016836372133551276,False,False,False,0.0,False,False,retained
4118,16,22,LA-GB,33,16.5,17.0,5953,0.01717349984527145,False,False,False,0.0,False,False,retained
4118,16,22,LA-GB,34,17.0,17.5,5343,0.016931458452829045,False,False,False,0.0,False,False,retained
4118,16,22,LA-GB,35,17.5,18.0,4201,0.01690847782784249,False,False,False,0.0,False,False,retained
4118,16,22,LA-GB,36,18.0,18.5,14608,0.01703123127565772,False,False,False,0.0,False,False,retained
4118,16,22,LA-GB,37,18.5,19.0,16864,0.017114482171547648,False,False,False,0.0,False,False,retained
4118,16,22,LA-GB,38,19.0,19.5,16240,0.017397834198510112,False,False,False,0.0,False,False,retained
4118,16,22,LA-GB,39,19.5,20.0,17712,0.017468760807562985,False,False,False,0.0,False,False,retained
4118,16,22,LA-GB,40,20.0,20.5,13586,0.01991831019189288,False,False,False,0.0,False,False,retained
4118,16,22,LA-GB,41,20.5,21.0,14271,0.019531267820186497,False,False,False,0.0,False,False,retained
4118,16,22,LA-GB,42,21.0,21.5,16451,0.018081919315800096,False,False,False,0.0,False,False,retained
4118,16,22,LA-GB,44,22.0,22.5,3226,0.01873513324165243,False,False,False,0.0,False,False,retained
4118,16,22,LA-GB,45,22.5,23.0,12356,0.018970079875916944,False,False,False,0.0,False,False,retained
4371,17,19,PT-OV,23,11.5,12.0,2155,0.10814370313407136,False,False,False,0.0,False,False,retained
4371,17,19,PT-OV,24,12.0,12.5,3348,0.10580706827129009,False,False,False,0.0,False,False,retained
4371,17,19,PT-OV,25,12.5,13.0,3158,0.10652462120282366,False,False,False,0.0,False,False,retained
4371,17,19,PT-OV,26,13.0,13.5,8385,0.10453230720008434,False,False,False,0.0,False,False,retained
4371,17,19,PT-OV,27,13.5,14.0,9525,0.1053748952350579,False,False,False,0.0,False,False,retained
4371,17,19,PT-OV,28,14.0,14.5,18968,0.10469181875524763,False,False,False,0.0,False,False,retained
4371,17,19,PT-OV,29,14.5,15.0,14737,0.10320910781382911,False,False,False,0.0,False,False,retained
4371,17,19,PT-OV,30,15.0,15.5,2276,0.10412248316612609,False,False,False,0.0,False,False,retained
4371,17,19,PT-OV,31,15.5,16.0,2857,0.10413742354334099,False,False,False,0.0,False,False,retained
4371,17,19,PT-OV,32,16.0,16.5,2134,0.09983330492986807,False,False,False,0.0,False,False,retained
4371,17,19,PT-OV,33,16.5,17.0,2354,0.10163384909314432,False,False,False,0.0,False,False,retained
4371,17,19,PT-OV,34,17.0,17.5,1602,0.10430047503704273,False,False,False,0.0,False,False,retained
4371,17,19,PT-OV,35,17.5,18.0,213,0.09905400811011122,False,False,False,0.0,False,False,retained
4371,17,19,PT-OV,36,18.0,18.5,412,0.09378257480692503,False,False,False,0.0,False,False,retained
4371,17,19,PT-OV,37,18.5,19.0,3281,0.10487115628489431,False,False,False,0.0,False,False,retained
4371,17,19,PT-OV,38,19.0,19.5,16483,0.10443134954427018,False,False,False,0.0,False,False,retained
4371,17,19,PT-OV,39,19.5,20.0,19058,0.10457759688017321,False,False,False,0.0,False,False,retained
4371,17,19,PT-OV,40,20.0,20.5,15587,0.10588770982476049,False,False,False,0.0,False,False,retained
4371,17,19,PT-OV,41,20.5,21.0,17306,0.10701115879679983,False,False,False,0.0,False,False,retained
4371,17,19,PT-OV,42,21.0,21.5,17443,0.10785781710496527,False,False,False,0.0,False,False,retained
4371,17,19,PT-OV,43,21.5,22.0,6414,0.11003871762683959,False,False,False,0.0,False,False,retained
4371,17,19,PT-OV,44,22.0,22.5,3556,0.10996656812822402,False,False,False,0.0,False,False,retained
4371,17,19,PT-OV,45,22.5,23.0,5259,0.11176067222626761,False,False,False,0.0,False,False,retained
4372,17,20,PT-BR,25,12.5,13.0,2334,0.09072914372808534,False,False,False,0.0,False,False,retained
4372,17,20,PT-BR,26,13.0,13.5,5332,0.09347369355777141,False,False,False,0.0,False,False,retained
4372,17,20,PT-BR,27,13.5,14.0,9538,0.09052610977670143,False,False,False,0.0,False,False,retained
4372,17,20,PT-BR,28,14.0,14.5,18296,0.09007187698540957,False,False,False,0.0,False,False,retained
4372,17,20,PT-BR,29,14.5,15.0,12311,0.08969830197581886,False,False,False,0.0,False,False,retained
4372,17,20,PT-BR,30,15.0,15.5,2279,0.09134761111281589,False,False,False,0.0,False,False,retained
4372,17,20,PT-BR,31,15.5,16.0,2857,0.08690676100667617,False,False,False,0.0,False,False,retained
4372,17,20,PT-BR,32,16.0,16.5,1320,0.08801720377727944,False,False,False,0.0,False,False,retained
4372,17,20,PT-BR,33,16.5,17.0,4679,0.09030960457464898,False,False,False,0.0,False,False,retained
4372,17,20,PT-BR,34,17.0,17.5,3514,0.09030184154484822,False,False,False,0.0,False,False,retained
4372,17,20,PT-BR,35,17.5,18.0,4581,0.08803190005697717,False,False,False,0.0,False,False,retained
4372,17,20,PT-BR,36,18.0,18.5,17559,0.08959741255656574,False,False,False,0.0,False,False,retained
4372,17,20,PT-BR,37,18.5,19.0,17472,0.09024047250384794,False,False,False,0.0,False,False,retained
4372,17,20,PT-BR,38,19.0,19.5,17552,0.08984949204702877,False,False,False,0.0,False,False,retained
4372,17,20,PT-BR,39,19.5,20.0,17005,0.0910828531273776,False,False,False,0.0,False,False,retained
4372,17,20,PT-BR,40,20.0,20.5,15131,0.09178638132661326,False,False,False,0.0,False,False,retained
4372,17,20,PT-BR,41,20.5,21.0,16155,0.09294433712540305,False,False,False,0.0,False,False,retained
4372,17,20,PT-BR,42,21.0,21.5,17426,0.09372681171451358,False,False,False,0.0,False,False,retained
4372,17,20,PT-BR,43,21.5,22.0,6364,0.09543711343119171,False,False,False,0.0,False,False,retained
4372,17,20,PT-BR,44,22.0,22.5,1348,0.0960755979537077,False,False,False,0.0,False,False,retained
4372,17,20,PT-BR,45,22.5,23.0,5287,0.0985734976629711,False,False,False,0.0,False,False,retained
4373,17,21,PT-MK,40,20.0,20.5,1468,0.1157972462112167,False,False,False,0.0,False,False,retained
4373,17,21,PT-MK,41,20.5,21.0,17307,0.11820724718611789,False,False,False,0.0,False,False,retained
4373,17,21,PT-MK,42,21.0,21.5,5270,0.11917688175684034,False,False,False,0.0,False,False,retained
4374,17,22,PT-GB,18,9.0,9.5,22423,0.01893331113907812,False,False,True,0.9987641254430525,False,False,retained
4374,17,22,PT-GB,19,9.5,10.0,25283,0.018856115191107258,False,False,True,0.8677106087262619,False,False,retained
4374,17,22,PT-GB,20,10.0,10.5,25452,0.01844020279816719,False,False,True,0.1522631005755802,False,False,retained
4374,17,22,PT-GB,21,10.5,11.0,17243,0.018411221516204904,False,False,True,0.10181006825313618,False,False,retained
4374,17,22,PT-GB,22,11.0,11.5,6349,0.018244409909711864,False,False,True,-0.19014258572601786,False,False,retained
4374,17,22,PT-GB,23,11.5,12.0,9815,0.018203690201350483,False,False,True,-0.2618152937667999,False,False,retained
4374,17,22,PT-GB,24,12.0,12.5,2313,0.018417300231875686,False,False,True,0.11239898213672073,False,False,retained
4374,17,22,PT-GB,25,12.5,13.0,3147,0.018742874442736333,False,False,True,0.6744907594765952,False,False,retained
4374,17,22,PT-GB,26,13.0,13.5,8468,0.0182223877447928,False,False,True,-0.2288849665527285,False,False,retained
4374,17,22,PT-GB,27,13.5,14.0,9505,0.017923320802998362,False,False,True,-0.75970272961185,False,False,retained
4374,17,22,PT-GB,28,14.0,14.5,17584,0.017991086758624247,False,False,True,-0.6386520462986635,False,False,retained
4374,17,22,PT-GB,29,14.5,15.0,13620,0.01783147720275893,False,False,True,-0.9244959707687357,False,False,retained
4374,17,22,PT-GB,30,15.0,15.5,2064,0.018352878291312765,False,False,True,0.0,False,False,retained
4374,17,22,PT-GB,31,15.5,16.0,2646,0.017323682450583976,False,False,True,-1.8512259445185302,False,False,retained
4374,17,22,PT-GB,32,16.0,16.5,2323,0.01718430892518974,False,False,True,-2.1103375324015627,False,False,retained
4374,17,22,PT-GB,33,16.5,17.0,5880,0.018467886719002506,False,False,True,0.20038358430815023,False,False,retained
4374,17,22,PT-GB,34,17.0,17.5,4823,0.018013117330957246,False,False,True,-0.5993969100711658,False,False,retained
4374,17,22,PT-GB,35,17.5,18.0,4648,0.017539418607358165,False,False,True,-1.454229757054277,False,False,retained
4374,17,22,PT-GB,36,18.0,18.5,14636,0.017770937908480236,False,False,True,-1.0335852776946568,False,False,retained
4374,17,22,PT-GB,37,18.5,19.0,16864,0.018083048300240604,False,False,True,-0.4751078539100526,False,False,retained
4374,17,22,PT-GB,38,19.0,19.5,16080,0.018106752150398368,False,False,True,-0.43308779698533706,False,False,retained
4374,17,22,PT-GB,39,19.5,20.0,17587,0.01840445291124442,False,False,True,0.09001527638593769,False,False,retained
4374,17,22,PT-GB,40,20.0,20.5,12483,0.018905551392315367,False,False,True,0.9516987665369108,False,False,retained
4374,17,22,PT-GB,41,20.5,21.0,15985,0.019032094880728403,False,False,True,1.1656894667499718,False,False,retained
4374,17,22,PT-GB,42,21.0,21.5,16259,0.019020384595879437,False,False,True,1.145946683288649,False,False,retained
4374,17,22,PT-GB,44,22.0,22.5,4247,0.01996093557052337,False,False,True,2.6941712828858044,False,False,retained
4374,17,22,PT-GB,45,22.5,23.0,11988,0.020072378076388557,False,False,True,2.8727601248965366,False,False,retained
4884,19,20,OV-BR,25,12.5,13.0,2340,0.10780984250956444,False,False,False,0.0,False,False,retained
4884,19,20,OV-BR,26,13.0,13.5,7797,0.10320667425498116,False,False,False,0.0,False,False,retained
4884,19,20,OV-BR,27,13.5,14.0,9785,0.10352014850252739,False,False,False,0.0,False,False,retained
4884,19,20,OV-BR,28,14.0,14.5,18400,0.10142129631260081,False,False,False,0.0,False,False,retained
4884,19,20,OV-BR,29,14.5,15.0,12435,0.10240189109705256,False,False,False,0.0,False,False,retained
4884,19,20,OV-BR,30,15.0,15.5,2288,0.10404144301291383,False,False,False,0.0,False,False,retained
4884,19,20,OV-BR,31,15.5,16.0,2855,0.1024512101696253,False,False,False,0.0,False,False,retained
4884,19,20,OV-BR,32,16.0,16.5,1016,0.10166810308418575,False,False,False,0.0,False,False,retained
4884,19,20,OV-BR,33,16.5,17.0,1764,0.1036458115513171,False,False,False,0.0,False,False,retained
4884,19,20,OV-BR,34,17.0,17.5,1025,0.10596026717720455,False,False,False,0.0,False,False,retained
4884,19,20,OV-BR,35,17.5,18.0,212,0.09483039617524326,False,False,False,0.0,False,False,retained
4884,19,20,OV-BR,36,18.0,18.5,412,0.09910040509753651,False,False,False,0.0,False,False,retained
4884,19,20,OV-BR,37,18.5,19.0,3281,0.10086903008988288,False,False,False,0.0,False,False,retained
4884,19,20,OV-BR,38,19.0,19.5,16573,0.10094445801975699,False,False,False,0.0,False,False,retained
4884,19,20,OV-BR,39,19.5,20.0,16997,0.10202196976387089,False,False,False,0.0,False,False,retained
4884,19,20,OV-BR,40,20.0,20.5,16929,0.10193325243837556,False,False,False,0.0,False,False,retained
4884,19,20,OV-BR,41,20.5,21.0,17312,0.1030186215038329,False,False,False,0.0,False,False,retained
4884,19,20,OV-BR,42,21.0,21.5,18220,0.10306748973155531,False,False,False,0.0,False,False,retained
4884,19,20,OV-BR,43,21.5,22.0,18855,0.10431280386847767,False,False,False,0.0,False,False,retained
4884,19,20,OV-BR,44,22.0,22.5,1740,0.1052849579131924,False,False,False,0.0,False,False,retained
4884,19,20,OV-BR,45,22.5,23.0,4480,0.10500052297766531,False,False,False,0.0,False,False,retained
4885,19,21,OV-MK,40,20.0,20.5,2092,0.12657267701072095,False,False,False,0.0,False,False,retained
4885,19,21,OV-MK,41,20.5,21.0,18438,0.1313901809875873,False,False,False,0.0,False,False,retained
4885,19,21,OV-MK,42,21.0,21.5,5346,0.13162489905642716,False,False,False,0.0,False,False,retained
4886,19,22,OV-GB,23,11.5,12.0,2216,0.02097919291628787,False,False,True,0.943954600656119,False,False,retained
4886,19,22,OV-GB,24,12.0,12.5,2388,0.02117095521122389,False,False,True,1.2408430135207655,False,False,retained
4886,19,22,OV-GB,25,12.5,13.0,3153,0.020806272052491904,False,False,True,0.67390050096995,False,False,retained
4886,19,22,OV-GB,26,13.0,13.5,8399,0.020194530602229185,False,False,True,-0.29981911148098256,False,False,retained
4886,19,22,OV-GB,27,13.5,14.0,9765,0.02059712656418687,False,False,True,0.34425865244749676,False,False,retained
4886,19,22,OV-GB,28,14.0,14.5,17632,0.020322462115194995,False,False,True,-0.09377134354272602,False,False,retained
4886,19,22,OV-GB,29,14.5,15.0,13744,0.02030627994190333,False,False,True,-0.11976274115014332,False,False,retained
4886,19,22,OV-GB,30,15.0,15.5,2076,0.020260214124715778,False,False,True,-0.19386605488041375,False,False,retained
4886,19,22,OV-GB,31,15.5,16.0,2646,0.019852389362387056,False,False,True,-0.8573552338761151,False,False,retained
4886,19,22,OV-GB,32,16.0,16.5,2068,0.019831026646245378,False,False,True,-0.8924848658689277,False,False,retained
4886,19,22,OV-GB,33,16.5,17.0,1702,0.02038228478088704,False,False,True,0.002134960235367699,False,False,retained
4886,19,22,OV-GB,34,17.0,17.5,1506,0.020909006542692926,False,False,True,0.8346124389530998,False,False,retained
4886,19,22,OV-GB,35,17.5,18.0,196,0.01850683227214621,False,False,True,-3.147361667627898,False,False,retained
4886,19,22,OV-GB,36,18.0,18.5,200,0.020005627358772822,False,False,True,-0.6064677142287924,False,False,retained
4886,19,22,OV-GB,37,18.5,19.0,3194,0.02022671469863996,False,False,True,-0.24786046113863736,False,False,retained
4886,19,22,OV-GB,38,19.0,19.5,15227,0.020309767685511154,False,False,True,-0.11415906496451933,False,False,retained
4886,19,22,OV-GB,39,19.5,20.0,17591,0.02037961762688866,False,False,True,-0.0021349602353821885,False,False,retained
4886,19,22,OV-GB,40,20.0,20.5,15984,0.020807024850111374,False,False,True,0.6750810179832405,False,False,retained
4886,19,22,OV-GB,41,20.5,21.0,17088,0.020814582798948978,False,False,True,0.6869308239699141,False,False,retained
4886,19,22,OV-GB,42,21.0,21.5,14956,0.02159412662464254,False,False,True,1.8865973455915945,False,False,retained
4886,19,22,OV-GB,44,22.0,22.5,4776,0.02172238633366147,False,False,True,2.0798227254895143,False,False,retained
4886,19,22,OV-GB,45,22.5,23.0,10473,0.021643699556724856,False,False,True,1.9614155160532831,False,False,retained
5141,20,21,BR-MK,40,20.0,20.5,2062,0.10941050862974325,False,False,False,0.0,False,False,retained
5141,20,21,BR-MK,41,20.5,21.0,17286,0.11268229177274118,False,False,False,0.0,False,False,retained
5141,20,21,BR-MK,42,21.0,21.5,5334,0.11407575419314687,False,False,False,0.0,False,False,retained
5142,20,22,BR-GB,25,12.5,13.0,2331,0.01798975926049426,False,False,False,0.0,False,False,retained
5142,20,22,BR-GB,26,13.0,13.5,7881,0.017522247983702513,False,False,False,0.0,False,False,retained
5142,20,22,BR-GB,27,13.5,14.0,9765,0.017658978584437903,False,False,False,0.0,False,False,retained
5142,20,22,BR-GB,28,14.0,14.5,17216,0.017581942308068206,False,False,False,0.0,False,False,retained
5142,20,22,BR-GB,29,14.5,15.0,15696,0.017576791234972817,False,False,False,0.0,False,False,retained
5142,20,22,BR-GB,30,15.0,15.5,6912,0.017485251332131507,False,False,False,0.0,False,False,retained
5142,20,22,BR-GB,31,15.5,16.0,17312,0.017498219112014747,False,False,False,0.0,False,False,retained
5142,20,22,BR-GB,32,16.0,16.5,11897,0.017443807841637793,False,False,False,0.0,False,False,retained
5142,20,22,BR-GB,33,16.5,17.0,4268,0.017708207997206547,False,False,False,0.0,False,False,retained
5142,20,22,BR-GB,34,17.0,17.5,4698,0.01752729066122955,False,False,False,0.0,False,False,retained
5142,20,22,BR-GB,35,17.5,18.0,4244,0.017526389027613318,False,False,False,0.0,False,False,retained
5142,20,22,BR-GB,36,18.0,18.5,14636,0.017349089301923932,False,False,False,0.0,False,False,retained
5142,20,22,BR-GB,37,18.5,19.0,16592,0.01751813961052682,False,False,False,0.0,False,False,retained
5142,20,22,BR-GB,38,19.0,19.5,16240,0.017558696030744315,False,False,False,0.0,False,False,retained
5142,20,22,BR-GB,39,19.5,20.0,15649,0.01791998968285332,False,False,False,0.0,False,False,retained
5142,20,22,BR-GB,40,20.0,20.5,15668,0.01795574799224614,False,False,False,0.0,False,False,retained
5142,20,22,BR-GB,41,20.5,21.0,16448,0.018188701150602914,False,False,False,0.0,False,False,retained
5142,20,22,BR-GB,42,21.0,21.5,17017,0.01840692855910317,False,False,False,0.0,False,False,retained
5142,20,22,BR-GB,44,22.0,22.5,2097,0.018856071400175034,False,False,False,0.0,False,False,retained
5142,20,22,BR-GB,45,22.5,23.0,6193,0.019200922177679915,False,False,False,0.0,False,False,retained
5398,21,22,MK-GB,40,20.0,20.5,1922,0.022355040778808642,False,False,False,0.0,False,False,retained
5398,21,22,MK-GB,41,20.5,21.0,17046,0.0230434993310241,False,False,False,0.0,False,False,retained
5398,21,22,MK-GB,42,21.0,21.5,5182,0.023161328261481873,False,False,False,0.0,False,False,retained
